gid,role,role_score,cluster_id,priority_score,evidence,depth,is_seed,in_deg,out_deg,in_sum,out_sum,pass_ratio,seed_reach,seed_kzt_attributed,secondary_roles,outflow_observed,inflow_reliable
100000000011452100,peripheral,0.6,3,0.513866,"No role indicators: 3 payers, 1 recipient, 110k KZT in / 17k KZT out.",1,False,3,1,110000.0,16685.0,0.1516818181818182,7,76825.8554065064,,True,True
100000000018102100,cutoff,0.7,3,0.346328,Hop-4 node: onward transfers were not traced (export limit). Receives 7k KZT from 1 payer.,4,False,1,0,7000.0,0.0,,7,75.25277726381076,,False,True
100000000031787100,transit,1.0,9,0.539624,"In 90k KZT / out 90k KZT (ratio 1.00), 67% forwarded within 2 days — pattern consistent with transit.",2,False,1,2,90000.0,90000.0,1.0,1,48180.075705768475,,True,True
100000000041368100,terminal,1.0,5,0.713379,"Receives 160k KZT from 1 payer, forwards 0%; outflow was traced (hop 1) — possible final recipient.",1,False,1,0,160000.0,0.0,0.0,10,169543.3842674089,,True,True
100000000076451100,peripheral,0.6,2,0.516935,"No role indicators: 3 payers, 4 recipients, 88k KZT in / 58k KZT out.",2,False,3,4,87707.0,58000.0,0.661292713238396,7,6868.071869544533,,True,True
100000000089154100,distributor,0.6667,0,0.572538,Fans out to 15 recipients (426k KZT) against 1 payer — pattern consistent with a distribution layer.,1,False,1,15,10000.0,425500.0,42.55,7,10098.098747595155,,True,True
100000000190228100,peripheral,0.6,9,0.47155,"No role indicators: 1 payer, 1 recipient, 5k KZT in / 29k KZT out.",2,False,1,1,5000.0,28560.0,5.712,8,2390.7380926073038,,True,True
100000000201868100,transit,1.0,2,0.630149,"In 190k KZT / out 190k KZT (ratio 1.00), 100% forwarded within 2 days — pattern consistent with transit.",2,False,1,1,190000.0,190000.0,1.0,7,55949.78992564656,,True,True
100000000254336100,peripheral,0.6,3,0.364611,"No role indicators: 2 payers, 1 recipient, 97k KZT in / 60k KZT out.",3,False,2,1,97177.0,60000.0,0.6174300503205491,7,194.03414047340954,,True,True
100000000267734100,peripheral,0.6,9,0.489455,"No role indicators: 2 payers, 7 recipients, 180k KZT in / 282k KZT out.",1,False,2,7,180000.0,282000.0,1.5666666666666667,1,150964.2372114079,,True,True
100000000274067100,peripheral,0.6,9,0.495016,"No role indicators: 2 payers, 3 recipients, 518k KZT in / 3.0M KZT out.",1,False,2,3,517704.0,2969000.0,5.734937338710924,1,241924.44893902537,,True,True
100000000287768100,terminal,1.0,3,0.428681,"Receives 35k KZT from 1 payer, forwards 0%; outflow was traced (hop 3) — possible final recipient.",3,False,1,0,35168.0,0.0,0.0,7,171.91359152905758,,True,True
100000000288317100,peripheral,0.6,3,0.406092,"No role indicators: 2 payers, 3 recipients, 100k KZT in / 54k KZT out.",3,False,2,3,100000.0,53500.0,0.535,7,1075.8768385620538,,True,True
100000000291906100,peripheral,0.6,39,0.447573,"No role indicators: 2 payers, 2 recipients, 388k KZT in / 456k KZT out.",2,False,2,2,388000.0,455854.0,1.1748814432989692,7,9853.420921163914,,True,True
100000000291908100,terminal,0.5499,39,0.505416,"Receives 296k KZT from 1 payer, forwards 5%; outflow was traced (hop 3) — possible final recipient.",3,False,1,1,295500.0,13300.0,0.045008460236886635,7,6197.7348460590865,,True,True
100000000297649100,peripheral,0.6,12,0.457048,"No role indicators: 1 payer, 1 recipient, 40k KZT in / 71k KZT out.",2,False,1,1,40000.0,70600.0,1.765,8,3628.687520431924,,True,True
100000000299820100,cutoff,0.7,3,0.343714,Hop-4 node: onward transfers were not traced (export limit). Receives 10k KZT from 1 payer.,4,False,1,0,10000.0,0.0,,7,66.70948188324284,,False,True
100000000307908100,terminal,1.0,40,0.478258,"Receives 5k KZT from 1 payer, forwards 0%; outflow was traced (hop 2) — possible final recipient.",2,False,1,0,5000.0,0.0,0.0,1,1571.4370287016336,,True,True
100000000331309100,consolidator,0.5,4,0.751206,"Receives from 5 distinct payers, 985k KZT; forwards 999% — signs of consolidation. Also matches: distributor.",2,False,5,99,984635.0,23001375.0,23.360306103276848,7,27333.537287825642,distributor,True,True
100000000332284100,consolidator,1.0,0,0.740796,"Receives from 10 distinct payers, 107k KZT; forwards 269% — signs of consolidation.",2,False,10,3,107426.0,289500.0,2.69487833485376,7,6602.425991550781,,True,True
100000000343175100,consolidator,0.8,15,0.312335,"Receives from 8 distinct payers (1 seed), 179k KZT; forwards 999% — signs of consolidation. Also matches: distributor.",0,True,8,31,178712.0,4000039.0,,7,0.0,distributor,True,False
100000000369781100,cutoff,0.7,4,0.301844,Hop-4 node: onward transfers were not traced (export limit). Receives 5k KZT from 1 payer.,4,False,1,0,5000.0,0.0,,7,5.722401999717971,,False,True
100000000375150100,cutoff,0.7,13,0.559918,Hop-4 node: onward transfers were not traced (export limit). Receives 300k KZT from 1 payer.,4,False,1,0,300000.0,0.0,,10,21636.823520198184,,False,True
100000000404740100,cutoff,0.7,26,0.391257,Hop-4 node: onward transfers were not traced (export limit). Receives 25k KZT from 1 payer.,4,False,1,0,25000.0,0.0,,7,385.7322534143751,,False,True
100000000408846100,terminal,1.0,27,0.372631,"Receives 40k KZT from 1 payer, forwards 0%; outflow was traced (hop 3) — possible final recipient.",3,False,1,0,40500.0,0.0,0.0,7,12.439240723204923,,True,True
100000000413678100,peripheral,0.6,14,0.436119,"No role indicators: 2 payers, 3 recipients, 306k KZT in / 528k KZT out.",3,False,2,3,306500.0,528198.0,1.723321370309951,7,185.2541986529581,,True,True
100000000424935100,cutoff,0.7,23,0.331092,Hop-4 node: onward transfers were not traced (export limit). Receives 15k KZT from 1 payer.,4,False,1,0,15000.0,0.0,,7,36.38647972583206,,False,True
100000000425407100,terminal,1.0,3,0.503303,"Receives 20k KZT from 1 payer, forwards 0%; outflow was traced (hop 2) — possible final recipient.",2,False,1,0,20000.0,0.0,0.0,7,5663.731799872608,,True,True
100000000437046100,consolidator,0.9,3,0.760525,"Receives from 9 distinct payers, 1.1M KZT; forwards 687% — signs of consolidation. Also matches: distributor.",2,False,9,42,1107200.0,7606224.0,6.86978323699422,7,37243.4018027887,distributor,True,True
100000000440392100,terminal,1.0,2,0.640603,"Receives 106k KZT from 1 payer, forwards 0%; outflow was traced (hop 1) — possible final recipient.",1,False,1,0,105705.0,0.0,0.0,7,106910.47598839032,,True,True
100000000456947100,peripheral,0.9,69,0.061431,Known seed; no transfers above the export threshold observed in the covered period.,0,True,0,0,0.0,0.0,,0,0.0,,True,False
100000000470237100,cutoff,0.7,2,0.49397,Hop-4 node: onward transfers were not traced (export limit). Receives 32k KZT from 1 payer.,4,False,1,0,32500.0,0.0,,7,2289.3568064586516,,False,True
100000000481716100,terminal,1.0,8,0.534242,"Receives 8k KZT from 1 payer, forwards 0%; outflow was traced (hop 3) — possible final recipient.",3,False,1,0,8000.0,0.0,0.0,7,1166.152240400029,,True,True
100000000489417100,transit,0.8081,13,0.617949,"In 74k KZT / out 80k KZT (ratio 1.09), 100% forwarded within 2 days — pattern consistent with transit.",2,False,3,1,73504.0,80000.0,1.0883761427949499,7,23724.398759638512,,True,True
100000000490383100,peripheral,0.6,2,0.519159,"No role indicators: 3 payers, 8 recipients, 63k KZT in / 461k KZT out.",2,False,3,8,62600.0,461375.0,7.37020766773163,7,7510.395025412354,,True,True
100000000500040100,cutoff,0.7,0,0.325509,Hop-4 node: onward transfers were not traced (export limit). Receives 20k KZT from 1 payer.,4,False,1,0,20000.0,0.0,,7,4.070497740126857,,False,True
100000000507799100,peripheral,0.6,33,0.366524,"No role indicators: 1 payer, 1 recipient, 5k KZT in / 8k KZT out.",1,False,1,1,5132.0,8000.0,1.558846453624318,7,5190.526112978753,,True,True
100000000533217100,terminal,1.0,0,0.588356,"Receives 54k KZT from 1 payer, forwards 0%; outflow was traced (hop 2) — possible final recipient.",2,False,1,0,53587.0,0.0,0.0,7,52244.59641835692,,True,True
100000000534581100,peripheral,0.6,13,0.384406,"No role indicators: 2 payers, 1 recipient, 56k KZT in / 40k KZT out.",3,False,2,1,55960.0,40000.0,0.7147962830593281,7,412.1775729307481,,True,True
100000000542087100,cutoff,0.7,4,0.292502,Hop-4 node: onward transfers were not traced (export limit). Receives 9k KZT from 1 payer.,4,False,1,0,8506.91,0.0,,7,0.3936250206534714,,False,True
100000000552584100,terminal,0.77,25,0.570007,"Receives 2.5M KZT from 1 payer, forwards 2%; outflow was traced (hop 3) — possible final recipient.",3,False,1,1,2500000.0,57500.0,0.023,2,37280.28890890248,,True,True
100000000555721100,terminal,1.0,0,0.665736,"Receives 113k KZT from 2 payers, forwards 0%; outflow was traced (hop 1) — possible final recipient.",1,False,2,0,113000.0,0.0,0.0,7,96149.58198319198,,True,True
100000000557536100,cutoff,0.7,4,0.303512,Hop-4 node: onward transfers were not traced (export limit). Receives 153k KZT from 1 payer.,4,False,1,0,153000.0,0.0,,7,7.079495158639402,,False,True
100000000560751100,terminal,1.0,13,0.461933,"Receives 25k KZT from 1 payer, forwards 0%; outflow was traced (hop 3) — possible final recipient.",3,False,1,0,25000.0,0.0,0.0,7,601.1987608565271,,True,True
100000000561160100,cutoff,0.7,3,0.396372,Hop-4 node: onward transfers were not traced (export limit). Receives 240k KZT from 1 payer.,4,False,1,0,240000.0,0.0,,7,478.1487339891225,,False,True
100000000569479100,terminal,1.0,3,0.5003,"Receives 320k KZT from 1 payer, forwards 0%; outflow was traced (hop 3) — possible final recipient.",3,False,1,0,320000.0,0.0,0.0,7,4746.980911819899,,True,True
100000000572276100,peripheral,0.6,50,0.152211,"No role indicators: 1 payer, 1 recipient, 13k KZT in / 35k KZT out.",3,False,1,1,13075.0,34547.0,2.6422179732313578,1,8.789912730629393,,True,True
100000000580561100,peripheral,0.6,41,0.123342,"No role indicators: 2 payers, 3 recipients, 28k KZT in / 1.5M KZT out.",0,True,2,3,27980.0,1488077.0,,0,0.0,,True,False
100000000581662100,cutoff,0.7,11,0.250732,Hop-4 node: onward transfers were not traced (export limit). Receives 21k KZT from 1 payer.,4,False,1,0,21160.0,0.0,,2,6.776388766639825,,False,True
100000000581682100,cutoff,0.7,23,0.312186,Hop-4 node: onward transfers were not traced (export limit). Receives 5k KZT from 1 payer.,4,False,1,0,5000.0,0.0,,7,12.128826575277355,,False,True
100000000583220100,peripheral,0.6,14,0.331937,"No role indicators: 1 payer, 1 recipient, 5k KZT in / 761k KZT out.",3,False,1,1,5000.0,761255.0,152.251,7,40.22739859098998,,True,True
100000000594783100,peripheral,0.6,25,0.436341,"No role indicators: 1 payer, 2 recipients, 2.6M KZT in / 152k KZT out.",3,False,1,2,2635000.0,152500.0,0.05787476280834915,2,39293.42450998322,,True,True
100000000596954100,peripheral,0.6,5,0.572596,"No role indicators: 1 payer, 2 recipients, 120k KZT in / 48k KZT out.",2,False,1,2,120000.0,48100.0,0.4008333333333333,10,101003.68772476255,,True,True
100000000600707100,cutoff,0.7,31,0.364611,Hop-4 node: onward transfers were not traced (export limit). Receives 89k KZT from 1 payer.,4,False,1,0,89000.0,0.0,,1,5868.82271468144,,False,True
100000000607731100,peripheral,0.6,51,0.326644,"No role indicators: 1 payer, 1 recipient, 20k KZT in / 67k KZT out.",1,False,1,1,20000.0,66666.0,3.3333,1,24315.08818294505,,True,True
100000000607941100,peripheral,0.6,2,0.504468,"No role indicators: 2 payers, 1 recipient, 50k KZT in / 70k KZT out.",2,False,2,1,50000.0,70000.0,1.4,7,6683.554338494775,,True,True
100000000608031100,cutoff,0.7,17,0.344993,Hop-4 node: onward transfers were not traced (export limit). Receives 30k KZT from 1 payer.,4,False,1,0,30000.0,0.0,,7,72.26586170501169,,False,True
100000000611474100,terminal,1.0,24,0.472387,"Receives 32k KZT from 1 payer, forwards 0%; outflow was traced (hop 3) — possible final recipient.",3,False,1,0,32000.0,0.0,0.0,7,999.7942263799736,,True,True
100000000625169100,terminal,1.0,19,0.349933,"Receives 10k KZT from 1 payer, forwards 0%; outflow was traced (hop 2) — possible final recipient.",2,False,1,0,10000.0,0.0,0.0,1,173.99212073769195,,True,True
100000000627521100,cutoff,0.7,4,0.293837,Hop-4 node: onward transfers were not traced (export limit). Receives 6k KZT from 1 payer.,4,False,1,0,6500.0,0.0,,7,0.6769432329858114,,False,True
100000000629812100,terminal,1.0,18,0.639691,"Receives 22k KZT from 2 payers, forwards 0%; outflow was traced (hop 2) — possible final recipient.",2,False,2,0,22000.0,0.0,0.0,10,2348.603207854807,,True,True
100000000634341100,cutoff,0.7,3,0.357226,Hop-4 node: onward transfers were not traced (export limit). Receives 24k KZT from 1 payer.,4,False,1,0,24000.0,0.0,,7,117.30058795998711,,False,True
100000000640800100,peripheral,0.6,14,0.359406,"No role indicators: 1 payer, 4 recipients, 80k KZT in / 518k KZT out.",3,False,1,4,80000.0,518135.0,6.4766875,7,133.31470329530202,,True,True
100000000646541100,terminal,1.0,0,0.58323,"Receives 25k KZT from 3 payers, forwards 0%; outflow was traced (hop 2) — possible final recipient.",2,False,3,0,25300.0,0.0,0.0,7,1282.4801389607157,,True,True
100000000655469100,cutoff,0.7,18,0.368903,Hop-4 node: onward transfers were not traced (export limit). Receives 20k KZT from 1 payer.,4,False,1,0,20000.0,0.0,,7,173.95423232591043,,False,True
100000000656682100,peripheral,0.6,0,0.292435,"No role indicators: 1 payer, 2 recipients, 71k KZT in / 80k KZT out.",3,False,1,2,71000.0,80000.0,1.1267605633802817,7,60.36997206216497,,True,True
100000000661131100,terminal,1.0,6,0.289213,"Receives 16k KZT from 1 payer, forwards 0%; outflow was traced (hop 3) — possible final recipient.",3,False,1,0,15600.0,0.0,0.0,1,10.487391097347498,,True,True
100000000661912100,consolidator,0.5,3,0.758212,"Receives from 5 distinct payers (1 seed), 393k KZT; forwards 110% — signs of consolidation.",1,False,5,2,393036.0,430700.0,1.0958283719557496,7,37224.17103185762,,True,True
100000000667713100,peripheral,0.6,2,0.572863,"No role indicators: 2 payers, 6 recipients, 119k KZT in / 79k KZT out.",1,False,2,6,119495.0,79236.0,0.663090505878907,7,108892.67760578157,,True,True
100000000673868100,peripheral,0.6,11,0.359629,"No role indicators: 1 payer, 5 recipients, 2.0M KZT in / 383k KZT out.",3,False,1,5,2030650.0,383000.0,0.18860955851574618,7,3297.9237203577513,,True,True
100000000673915100,cutoff,0.7,4,0.295394,Hop-4 node: onward transfers were not traced (export limit). Receives 20k KZT from 1 payer.,4,False,1,0,20200.0,0.0,,7,0.9346784457811499,,False,True
100000000703894100,peripheral,0.6,42,0.439455,"No role indicators: 1 payer, 1 recipient, 120k KZT in / 35k KZT out.",1,False,1,1,120000.0,35000.0,0.2916666666666667,1,145890.5290976703,,True,True
100000000703902100,terminal,1.0,7,0.496274,"Receives 25k KZT from 1 payer, forwards 0%; outflow was traced (hop 1) — possible final recipient.",1,False,1,0,25499.0,0.0,0.0,1,25817.19167758772,,True,True
100000000704700100,cutoff,0.7,36,0.243837,Hop-4 node: onward transfers were not traced (export limit). Receives 10k KZT from 1 payer.,4,False,1,0,10000.0,0.0,,1,23.728787821475322,,False,True
100000000706545100,peripheral,0.6,2,0.599342,"No role indicators: 3 payers, 1 recipient, 1.1M KZT in / 76k KZT out.",1,False,3,1,1070300.0,75800.0,0.07082126506586939,7,738900.0344484993,,True,True
100000000718427100,terminal,1.0,19,0.334308,"Receives 6k KZT from 1 payer, forwards 0%; outflow was traced (hop 2) — possible final recipient.",2,False,1,0,6000.0,0.0,0.0,1,104.39527244261518,,True,True
100000000723383100,peripheral,0.6,18,0.370305,"No role indicators: 1 payer, 2 recipients, 7k KZT in / 75k KZT out.",2,False,1,2,6800.0,75000.0,11.029411764705882,7,6196.76314307535,,True,True
100000000724540100,peripheral,0.6,1,0.47264,"No role indicators: 1 payer, 1 recipient, 50k KZT in / 100k KZT out.",2,False,1,1,50000.0,100000.0,2.0,8,6362.294467863081,,True,True
100000000733373100,terminal,1.0,2,0.571875,"Receives 11k KZT from 1 payer, forwards 0%; outflow was traced (hop 2) — possible final recipient.",2,False,1,0,10710.0,0.0,0.0,7,6492.684631264198,,True,True
100000000733451100,peripheral,0.6,13,0.48514,"No role indicators: 1 payer, 1 recipient, 70k KZT in / 300k KZT out.",3,False,1,1,70000.0,300000.0,4.285714285714286,10,21678.248371268837,,True,True
100000000733940100,cutoff,0.7,28,0.381137,Hop-4 node: onward transfers were not traced (export limit). Receives 752k KZT from 1 payer.,4,False,1,0,752000.0,0.0,,7,261.0471581395374,,False,True
100000000737152100,cutoff,0.7,4,0.345994,Hop-4 node: onward transfers were not traced (export limit). Receives 35k KZT from 1 payer.,4,False,1,0,35000.0,0.0,,7,74.61867038776506,,False,True
100000000749118100,peripheral,0.6,0,0.257071,"No role indicators: 1 payer, 1 recipient, 10k KZT in / 16k KZT out.",3,False,1,1,10330.0,16500.0,1.5972894482090998,7,8.78340579439668,,True,True
100000000764836100,peripheral,0.6,3,0.348396,"No role indicators: 1 payer, 2 recipients, 252k KZT in / 50k KZT out.",3,False,1,2,251716.0,50000.0,0.1986365586613485,7,1682.2737634107873,,True,True
100000000765628100,terminal,1.0,2,0.56637,"Receives 5k KZT from 1 payer, forwards 0%; outflow was traced (hop 2) — possible final recipient.",2,False,1,0,5000.0,0.0,0.0,7,5056.9178634140535,,True,True
100000000769919100,terminal,1.0,45,0.578948,"Receives 250k KZT from 1 payer, forwards 0%; outflow was traced (hop 2) — possible final recipient.",2,False,1,0,250000.0,0.0,0.0,1,200000.0,,True,True
100000000782285100,terminal,1.0,0,0.44345,"Receives 6k KZT from 1 payer, forwards 0%; outflow was traced (hop 3) — possible final recipient.",3,False,1,0,6151.0,0.0,0.0,7,117.69176364379018,,True,True
100000000783406100,terminal,1.0,17,0.376913,"Receives 6k KZT from 1 payer, forwards 0%; outflow was traced (hop 3) — possible final recipient.",3,False,1,0,6066.0,0.0,0.0,7,17.10095536034136,,True,True
100000000785800100,transit,1.0,43,0.546986,"In 19k KZT / out 19k KZT (ratio 1.00), 100% forwarded within 2 days — pattern consistent with transit.",2,False,1,1,19000.0,19000.0,1.0,1,35434.9495710711,,True,True
100000000790311100,terminal,1.0,2,0.567315,"Receives 46k KZT from 1 payer, forwards 0%; outflow was traced (hop 2) — possible final recipient.",2,False,1,0,46300.0,0.0,0.0,7,5264.991637593232,,True,True
100000000791285100,peripheral,0.6,27,0.313476,"No role indicators: 1 payer, 3 recipients, 1.1M KZT in / 650k KZT out.",3,False,1,3,1120000.0,650000.0,0.5803571428571429,7,343.9987558022102,,True,True
100000000795033100,terminal,1.0,0,0.517404,"Receives 18k KZT from 1 payer, forwards 0%; outflow was traced (hop 2) — possible final recipient.",2,False,1,0,18200.0,0.0,0.0,7,2672.911952181919,,True,True
100000000795129100,terminal,1.0,2,0.618472,"Receives 332k KZT from 1 payer, forwards 0%; outflow was traced (hop 2) — possible final recipient.",2,False,1,0,332000.0,0.0,0.0,7,37753.2877684871,,True,True
100000000795374100,terminal,1.0,3,0.447531,"Receives 50k KZT from 1 payer, forwards 0%; outflow was traced (hop 3) — possible final recipient.",3,False,1,0,50000.0,0.0,0.0,7,334.1610710901944,,True,True
100000000802149100,terminal,1.0,3,0.458374,"Receives 104k KZT from 1 payer, forwards 0%; outflow was traced (hop 3) — possible final recipient.",3,False,1,0,104128.0,0.0,0.0,7,509.01440112425246,,True,True
100000000803368100,cutoff,0.7,16,0.363565,Hop-4 node: onward transfers were not traced (export limit). Receives 140k KZT from 1 payer.,4,False,1,0,139503.0,0.0,,7,145.82711559051486,,False,True
100000000806727100,peripheral,0.6,5,0.550309,"No role indicators: 1 payer, 1 recipient, 45k KZT in / 5k KZT out.",2,False,1,1,45000.0,5000.0,0.1111111111111111,11,27549.492372574237,,True,True
100000000810551100,peripheral,0.6,5,0.57343,"No role indicators: 1 payer, 1 recipient, 100k KZT in / 7k KZT out.",1,False,1,1,100000.0,7100.0,0.071,10,105964.61516713057,,True,True
100000000817146100,terminal,1.0,2,0.715492,"Receives 70k KZT from 1 payer, forwards 0%; outflow was traced (hop 1) — possible final recipient.",1,False,1,0,70020.0,0.0,0.0,9,128421.75348072183,,True,True
100000000821507100,terminal,1.0,11,0.464379,"Receives 400k KZT from 1 payer, forwards 0%; outflow was traced (hop 2) — possible final recipient.",2,False,1,0,400000.0,0.0,0.0,7,662.7666118469667,,True,True
100000000831684100,peripheral,0.6,12,0.344637,"No role indicators: 1 payer, 1 recipient, 15k KZT in / 50k KZT out.",2,False,1,1,15000.0,50000.0,3.3333333333333335,1,12666.743891770207,,True,True
100000000838385100,peripheral,0.6,2,0.478356,"No role indicators: 1 payer, 2 recipients, 437k KZT in / 178k KZT out.",3,False,1,2,436900.0,177500.0,0.40627145799954223,7,31006.705801162283,,True,True
100000000850297100,transit,1.0,10,0.373176,"In 18k KZT / out 18k KZT (ratio 1.00), 100% forwarded within 2 days — pattern consistent with transit.",2,False,1,1,17520.0,17520.0,1.0,1,408.46790275003326,,True,True
100000000860514100,peripheral,0.6,26,0.302578,"No role indicators: 1 payer, 1 recipient, 12k KZT in / 50k KZT out.",3,False,1,1,12000.0,50000.0,4.166666666666667,7,231.5140551487207,,True,True
100000000861294100,terminal,1.0,8,0.530394,"Receives 150k KZT from 1 payer, forwards 0%; outflow was traced (hop 2) — possible final recipient.",2,False,1,0,150000.0,0.0,0.0,1,36000.96002560068,,True,True
100000000870121100,terminal,1.0,14,0.484175,"Receives 12k KZT from 1 payer, forwards 0%; outflow was traced (hop 3) — possible final recipient.",3,False,1,0,12000.0,0.0,0.0,7,96.54575661837593,,True,True
100000000878006100,terminal,1.0,4,0.399099,"Receives 47k KZT from 1 payer, forwards 0%; outflow was traced (hop 3) — possible final recipient.",3,False,1,0,47003.0,0.0,0.0,7,53.812841059180066,,True,True
100000000896111100,terminal,1.0,25,0.503614,"Receives 287k KZT from 1 payer, forwards 0%; outflow was traced (hop 3) — possible final recipient.",3,False,1,0,287100.0,0.0,0.0,1,8718.949275400522,,True,True
100000000907277100,terminal,1.0,7,0.484319,"Receives 18k KZT from 1 payer, forwards 0%; outflow was traced (hop 1) — possible final recipient.",1,False,1,0,17534.0,0.0,0.0,1,17752.79967350967,,True,True
100000000910216100,peripheral,0.6,13,0.357404,"No role indicators: 1 payer, 1 recipient, 71k KZT in / 52k KZT out.",2,False,1,1,71000.0,52010.0,0.7325352112676057,7,2793.5235935694054,,True,True
100000000912487100,terminal,1.0,5,0.603592,"Receives 10k KZT from 1 payer, forwards 0%; outflow was traced (hop 2) — possible final recipient.",2,False,1,0,10000.0,0.0,0.0,9,1492.2424898853362,,True,True
100000000913911100,peripheral,0.6,5,0.496995,"No role indicators: 2 payers, 1 recipient, 467k KZT in / 600k KZT out.",2,False,2,1,467000.0,600000.0,1.284796573875803,7,9720.884766419618,,True,True
100000000917179100,terminal,1.0,16,0.495073,"Receives 94k KZT from 1 payer, forwards 0%; outflow was traced (hop 2) — possible final recipient.",2,False,1,0,94465.0,0.0,0.0,7,3347.676231005769,,True,True
100000000922570100,transit,0.6923,12,0.516837,In 47k KZT / out 50k KZT (ratio 1.06) — pattern consistent with transit.,1,False,1,1,47101.0,50000.0,1.0615485870788306,1,47101.0,,True,True
100000000926078100,cutoff,0.7,3,0.420394,Hop-4 node: onward transfers were not traced (export limit). Receives 250k KZT from 1 payer.,4,False,1,0,250000.0,0.0,,7,1484.60167852581,,False,True
100000000926766100,peripheral,0.6,26,0.314811,"No role indicators: 1 payer, 1 recipient, 19k KZT in / 6k KZT out.",3,False,1,1,18750.0,6000.0,0.32,7,361.7407111698762,,True,True
100000000933075100,peripheral,0.6,12,0.426021,"No role indicators: 1 payer, 2 recipients, 40k KZT in / 55k KZT out.",3,False,1,2,40000.0,55000.0,1.375,8,688.8001178490687,,True,True
100000000941942100,terminal,1.0,5,0.711043,"Receives 130k KZT from 1 payer, forwards 0%; outflow was traced (hop 1) — possible final recipient.",1,False,1,0,130000.0,0.0,0.0,10,137753.99971726973,,True,True
100000000942301100,terminal,1.0,3,0.465603,"Receives 58k KZT from 1 payer, forwards 0%; outflow was traced (hop 3) — possible final recipient.",3,False,1,0,57580.0,0.0,0.0,7,696.2185927871126,,True,True
100000000943371100,terminal,1.0,13,0.584331,"Receives 16k KZT from 1 payer, forwards 0%; outflow was traced (hop 2) — possible final recipient.",2,False,1,0,15500.0,0.0,0.0,10,4812.840831802436,,True,True
100000000945428100,terminal,1.0,0,0.59792,"Receives 90k KZT from 1 payer, forwards 0%; outflow was traced (hop 1) — possible final recipient.",1,False,1,0,89629.0,0.0,0.0,7,90508.24926482061,,True,True
100000000954884100,terminal,1.0,17,0.410554,"Receives 34k KZT from 1 payer, forwards 0%; outflow was traced (hop 3) — possible final recipient.",3,False,1,0,34000.0,0.0,0.0,7,95.85105213511477,,True,True
100000000955444100,terminal,1.0,52,0.415825,"Receives 7k KZT from 1 payer, forwards 0%; outflow was traced (hop 2) — possible final recipient.",2,False,1,0,6910.0,0.0,0.0,1,3328.8053277524145,,True,True
100000000955529100,peripheral,0.6,5,0.348997,"No role indicators: 1 payer, 1 recipient, 27k KZT in / 64k KZT out.",3,False,1,1,27000.0,63500.0,2.3518518518518516,7,208.24077458495992,,True,True
100000000957746100,cutoff,0.7,17,0.307293,Hop-4 node: onward transfers were not traced (export limit). Receives 5k KZT from 1 payer.,4,False,1,0,5300.0,0.0,,7,9.687387951791994,,False,True
100000000961900100,terminal,1.0,0,0.638156,"Receives 36k KZT from 2 payers, forwards 0%; outflow was traced (hop 1) — possible final recipient.",1,False,2,0,36000.0,0.0,0.0,7,27271.918759232136,,True,True
100000000967918100,terminal,1.0,0,0.515291,"Receives 21k KZT from 1 payer, forwards 0%; outflow was traced (hop 2) — possible final recipient.",2,False,1,0,21200.0,0.0,0.0,7,2386.953678064545,,True,True
100000000968253100,terminal,1.0,7,0.480038,"Receives 15k KZT from 1 payer, forwards 0%; outflow was traced (hop 1) — possible final recipient.",1,False,1,0,15000.0,0.0,0.0,1,15187.178915401224,,True,True
100000000971908100,terminal,1.0,8,0.514602,"Receives 89k KZT from 1 payer, forwards 0%; outflow was traced (hop 2) — possible final recipient.",2,False,1,0,89000.0,0.0,0.0,1,21360.56961518974,,True,True
100000000976943100,peripheral,0.6,5,0.423307,"No role indicators: 1 payer, 1 recipient, 70k KZT in / 84k KZT out.",3,False,1,1,70000.0,84000.0,1.2,8,354.60289295074506,,True,True
100000000978041100,terminal,1.0,7,0.512177,"Receives 44k KZT from 1 payer, forwards 0%; outflow was traced (hop 1) — possible final recipient.",1,False,1,0,44445.0,0.0,0.0,1,44999.61112633383,,True,True
100000000979567100,terminal,1.0,53,0.437845,"Receives 10k KZT from 1 payer, forwards 0%; outflow was traced (hop 2) — possible final recipient.",2,False,1,0,10000.0,0.0,0.0,1,10124.785943600817,,True,True
100000000979923100,terminal,1.0,15,0.704993,"Receives 98k KZT from 1 payer, forwards 0%; outflow was traced (hop 1) — possible final recipient.",1,False,1,0,97900.0,0.0,0.0,8,105379.61596900191,,True,True
100000000981693100,cutoff,0.7,0,0.33196,Hop-4 node: onward transfers were not traced (export limit). Receives 16k KZT from 1 payer.,4,False,1,0,16500.0,0.0,,7,8.775285215063047,,False,True
100000000993112100,terminal,1.0,30,0.594517,"Receives 141k KZT from 1 payer, forwards 0%; outflow was traced (hop 2) — possible final recipient.",2,False,1,0,141000.0,0.0,0.0,8,20994.377984846622,,True,True
100000000998559100,terminal,1.0,5,0.70843,"Receives 100k KZT from 1 payer, forwards 0%; outflow was traced (hop 1) — possible final recipient.",1,False,1,0,100000.0,0.0,0.0,10,105964.61516713057,,True,True
100000001009583100,terminal,1.0,4,0.454593,"Receives 394k KZT from 1 payer, forwards 0%; outflow was traced (hop 3) — possible final recipient.",3,False,1,0,393740.0,0.0,0.0,7,450.7854400493917,,True,True
100000001046057100,terminal,1.0,29,0.442916,"Receives 83k KZT from 1 payer, forwards 0%; outflow was traced (hop 3) — possible final recipient.",3,False,1,0,83420.0,0.0,0.0,7,287.76363574087134,,True,True
100000001046626100,terminal,1.0,4,0.428459,"Receives 150k KZT from 1 payer, forwards 0%; outflow was traced (hop 3) — possible final recipient.",3,False,1,0,150000.0,0.0,0.0,7,171.73214813686377,,True,True
100000001049200100,peripheral,0.6,2,0.504246,"No role indicators: 2 payers, 4 recipients, 77k KZT in / 36k KZT out.",1,False,2,4,76624.0,36000.0,0.46982668615577367,7,6611.339757171121,,True,True
100000001052789100,terminal,1.0,20,0.512889,"Receives 71k KZT from 1 payer, forwards 0%; outflow was traced (hop 3) — possible final recipient.",3,False,1,0,70975.0,0.0,0.0,7,531.4884434444265,,True,True
100000001052945100,peripheral,0.6,16,0.266435,"No role indicators: 1 payer, 3 recipients, 57k KZT in / 1.6M KZT out.",3,False,1,3,56520.0,1595700.0,28.23248407643312,7,59.815591737185535,,True,True
100000001053894100,cutoff,0.7,4,0.374353,Hop-4 node: onward transfers were not traced (export limit). Receives 2.0M KZT from 1 payer.,4,False,1,0,2000000.0,0.0,,7,208.29022553409578,,False,True
100000001056414100,terminal,1.0,11,0.355216,"Receives 250k KZT from 1 payer, forwards 0%; outflow was traced (hop 3) — possible final recipient.",3,False,1,0,250000.0,0.0,0.0,2,80.18380847281752,,True,True
100000001063678100,peripheral,0.6,24,0.347395,"No role indicators: 1 payer, 2 recipients, 35k KZT in / 90k KZT out.",3,False,1,2,35000.0,90000.0,2.5714285714285716,7,1575.6012326083844,,True,True
100000001065234100,cutoff,0.7,2,0.481181,Hop-4 node: onward transfers were not traced (export limit). Receives 360k KZT from 1 payer.,4,False,1,0,360000.0,0.0,,7,1133.1269116539172,,False,True
100000001065481100,cutoff,0.7,14,0.415389,Hop-4 node: onward transfers were not traced (export limit). Receives 16k KZT from 1 payer.,4,False,1,0,16000.0,0.0,,7,61.38529271247783,,False,True
100000001066017100,peripheral,0.6,3,0.392969,"No role indicators: 2 payers, 4 recipients, 136k KZT in / 82k KZT out.",3,False,2,4,136123.0,82500.0,0.6060695106631503,7,555.5262612111629,,True,True
100000001072022100,terminal,1.0,5,0.802447,"Receives 1.7M KZT from 3 payers, forwards 0%; outflow was traced (hop 1) — possible final recipient.",1,False,3,0,1684000.0,0.0,0.0,10,791782.3166879417,,True,True
100000001073568100,peripheral,0.6,16,0.331826,"No role indicators: 1 payer, 2 recipients, 707k KZT in / 220k KZT out.",3,False,1,2,707465.0,219503.0,0.31026693900051594,7,748.7161643373669,,True,True
100000001074553100,terminal,1.0,9,0.61845,"Receives 29k KZT from 2 payers, forwards 0%; outflow was traced (hop 1) — possible final recipient.",1,False,2,0,28971.0,0.0,0.0,2,28971.0,,True,True
100000001083990100,terminal,1.0,12,0.654215,"Receives 50k KZT from 1 payer, forwards 0%; outflow was traced (hop 2) — possible final recipient.",2,False,1,0,49900.0,0.0,0.0,8,45687.423856723406,,True,True
100000001089055100,cutoff,0.7,17,0.351444,Hop-4 node: onward transfers were not traced (export limit). Receives 13k KZT from 1 payer.,4,False,1,0,13000.0,0.0,,7,97.76601240061038,,False,True
100000001102676100,transit,1.0,5,0.616248,"In 50k KZT / out 50k KZT (ratio 1.00), 100% forwarded within 2 days — pattern consistent with transit.",2,False,1,1,50000.0,50000.0,1.0,8,6792.887179915291,,True,True
100000001103905100,terminal,1.0,7,0.485042,"Receives 18k KZT from 1 payer, forwards 0%; outflow was traced (hop 1) — possible final recipient.",1,False,1,0,18000.0,0.0,0.0,1,18224.61469848147,,True,True
100000001110358100,terminal,1.0,3,0.511177,"Receives 32k KZT from 2 payers, forwards 0%; outflow was traced (hop 3) — possible final recipient.",3,False,2,0,32000.0,0.0,0.0,7,300.39162352304976,,True,True
100000001111763100,terminal,1.0,7,0.48343,"Receives 17k KZT from 1 payer, forwards 0%; outflow was traced (hop 1) — possible final recipient.",1,False,1,0,17144.0,0.0,0.0,1,17357.933021709243,,True,True
100000001114385100,terminal,1.0,0,0.479148,"Receives 30k KZT from 1 payer, forwards 0%; outflow was traced (hop 2) — possible final recipient.",2,False,1,0,29500.0,0.0,0.0,7,421.00825597661526,,True,True
100000001126374100,peripheral,0.6,0,0.509362,"No role indicators: 4 payers, 2 recipients, 182k KZT in / 29k KZT out.",1,False,4,2,182500.0,29200.0,0.16,7,20548.31986227951,,True,True
100000001130176100,terminal,1.0,0,0.51151,"Receives 25k KZT from 1 payer, forwards 0%; outflow was traced (hop 3) — possible final recipient.",3,False,1,0,25000.0,0.0,0.0,7,1948.9368208618062,,True,True
100000001130553100,cutoff,0.7,4,0.332649,Hop-4 node: onward transfers were not traced (export limit). Receives 18k KZT from 1 payer.,4,False,1,0,18000.0,0.0,,7,38.78155003172448,,False,True
100000001131403100,cutoff,0.7,16,0.340767,Hop-4 node: onward transfers were not traced (export limit). Receives 1.6M KZT from 1 payer.,4,False,1,0,1570000.0,0.0,,7,58.13066605109974,,False,True
100000001138283100,peripheral,0.6,3,0.324931,"No role indicators: 1 payer, 2 recipients, 82k KZT in / 50k KZT out.",3,False,1,2,81805.0,50000.0,0.6112095837662734,7,546.7209284106669,,True,True
100000001138376100,terminal,1.0,2,0.549188,"Receives 15k KZT from 1 payer, forwards 0%; outflow was traced (hop 2) — possible final recipient.",2,False,1,0,15300.0,0.0,0.0,7,1739.8352495718452,,True,True
100000001140785100,terminal,1.0,1,0.570251,"Receives 215k KZT from 2 payers, forwards 0%; outflow was traced (hop 3) — possible final recipient.",3,False,2,0,215000.0,0.0,0.0,8,61.09219161635389,,True,True
100000001141268100,terminal,0.7917,1,0.673143,"Receives 480k KZT from 2 payers, forwards 2%; outflow was traced (hop 3) — possible final recipient.",3,False,2,1,480000.0,10000.0,0.020833333333333332,9,2569.3305390122564,,True,True
100000001145749100,terminal,1.0,5,0.637867,"Receives 10k KZT from 1 payer, forwards 0%; outflow was traced (hop 3) — possible final recipient.",3,False,1,0,10000.0,0.0,0.0,10,6074.089486279323,,True,True
100000001149815100,terminal,1.0,6,0.285265,"Receives 12k KZT from 1 payer, forwards 0%; outflow was traced (hop 3) — possible final recipient.",3,False,1,0,12000.0,0.0,0.0,1,8.067223921036538,,True,True
100000001155773100,terminal,1.0,6,0.29494,"Receives 22k KZT from 1 payer, forwards 0%; outflow was traced (hop 3) — possible final recipient.",3,False,1,0,21500.0,0.0,0.0,1,14.45377619185713,,True,True
100000001160401100,terminal,1.0,0,0.417315,"Receives 47k KZT from 1 payer, forwards 0%; outflow was traced (hop 3) — possible final recipient.",3,False,1,0,47190.0,0.0,0.0,7,36.97672453587533,,True,True
100000001162560100,distributor,0.5667,1,0.579833,Fans out to 12 recipients (2.9M KZT) against 1 payer — pattern consistent with a distribution layer.,1,False,1,12,331300.0,2904398.0,8.76667069121642,1,331300.0,,True,True
100000001164648100,terminal,1.0,8,0.631194,"Receives 14k KZT from 2 payers, forwards 0%; outflow was traced (hop 1) — possible final recipient.",1,False,2,0,13660.0,0.0,0.0,7,6473.337736885165,,True,True
100000001166289100,terminal,0.6533,19,0.488312,"Receives 721k KZT from 2 payers, forwards 3%; outflow was traced (hop 2) — possible final recipient.",2,False,2,1,721039.0,25000.0,0.0346721883282319,1,4806.673509073008,,True,True
100000001169666100,peripheral,0.6,1,0.410051,"No role indicators: 1 payer, 1 recipient, 220k KZT in / 24k KZT out.",3,False,1,1,220000.0,24000.0,0.10909090909090909,9,177.04321464402963,,True,True
100000001184915100,terminal,1.0,2,0.603125,"Receives 201k KZT from 1 payer, forwards 0%; outflow was traced (hop 2) — possible final recipient.",2,False,1,0,201000.0,0.0,0.0,7,22856.659161041887,,True,True
100000001194266100,terminal,1.0,5,0.696475,"Receives 50k KZT from 1 payer, forwards 0%; outflow was traced (hop 1) — possible final recipient.",1,False,1,0,50000.0,0.0,0.0,10,52982.307583565285,,True,True
100000001202637100,cutoff,0.7,1,0.419771,Hop-4 node: onward transfers were not traced (export limit). Receives 10k KZT from 1 payer.,4,False,1,0,10000.0,0.0,,9,8.04741884745589,,False,True
100000001202787100,cutoff,0.7,0,0.420349,Hop-4 node: onward transfers were not traced (export limit). Receives 15k KZT from 2 payers.,4,False,2,0,14850.0,0.0,,7,30.88751008005264,,False,True
100000001220124100,cutoff,0.7,13,0.383472,Hop-4 node: onward transfers were not traced (export limit). Receives 40k KZT from 1 payer.,4,False,1,0,40000.0,0.0,,7,294.01721600252375,,False,True
100000001222245100,cutoff,0.7,4,0.396484,Hop-4 node: onward transfers were not traced (export limit). Receives 420k KZT from 1 payer.,4,False,1,0,420000.0,0.0,,7,480.68176797630946,,False,True
100000001222263100,peripheral,0.6,4,0.334273,"No role indicators: 1 payer, 1 recipient, 746k KZT in / 420k KZT out.",3,False,1,1,745570.0,420000.0,0.5633273870998028,7,853.5889179093435,,True,True
100000001223977100,peripheral,0.6,5,0.435474,"No role indicators: 1 payer, 1 recipient, 5k KZT in / 18k KZT out.",3,False,1,1,5000.0,18000.0,3.6,10,230.13630972859545,,True,True
100000001227106100,terminal,1.0,4,0.431573,"Receives 165k KZT from 1 payer, forwards 0%; outflow was traced (hop 3) — possible final recipient.",3,False,1,0,164765.0,0.0,0.0,7,188.63631591846908,,True,True
100000001229743100,peripheral,0.6,0,0.2524,"No role indicators: 1 payer, 1 recipient, 7k KZT in / 9k KZT out.",3,False,1,1,7000.0,9000.0,1.2857142857142858,7,5.484998341833592,,True,True
100000001232297100,peripheral,0.6,13,0.430425,"No role indicators: 1 payer, 2 recipients, 5k KZT in / 45k KZT out.",2,False,1,2,5000.0,45000.0,9.0,10,1552.5293005814308,,True,True
100000001236706100,peripheral,0.6,13,0.484061,"No role indicators: 3 payers, 2 recipients, 143k KZT in / 36k KZT out.",3,False,3,2,142700.0,36000.0,0.25227750525578135,7,24049.964135971146,,True,True
100000001241318100,terminal,1.0,0,0.550767,"Receives 53k KZT from 1 payer, forwards 0%; outflow was traced (hop 2) — possible final recipient.",2,False,1,0,53000.0,0.0,0.0,7,14233.199297993895,,True,True
100000001246806100,cutoff,0.7,1,0.475042,Hop-4 node: onward transfers were not traced (export limit). Receives 130k KZT from 1 payer.,4,False,1,0,130000.0,0.0,,9,126.06483458847158,,False,True
100000001248999100,terminal,1.0,17,0.400545,"Receives 23k KZT from 1 payer, forwards 0%; outflow was traced (hop 3) — possible final recipient.",3,False,1,0,23425.0,0.0,0.0,7,58.01880279163989,,True,True
100000001249054100,cutoff,0.7,10,0.333872,Hop-4 node: onward transfers were not traced (export limit). Receives 17k KZT from 1 payer.,4,False,1,0,17375.0,0.0,,7,41.323471931008264,,False,True
100000001250022100,terminal,1.0,8,0.499477,"Receives 50k KZT from 1 payer, forwards 0%; outflow was traced (hop 2) — possible final recipient.",2,False,1,0,50000.0,0.0,0.0,1,12000.320008533561,,True,True
100000001251686100,terminal,1.0,5,0.614713,"Receives 18k KZT from 1 payer, forwards 0%; outflow was traced (hop 2) — possible final recipient.",2,False,1,0,18000.0,0.0,0.0,9,2686.0364817936056,,True,True
100000001252290100,terminal,0.6454,4,0.426457,"Receives 141k KZT from 1 payer, forwards 4%; outflow was traced (hop 3) — possible final recipient.",3,False,1,1,141005.0,5000.0,0.03545973547037339,7,161.43394365358986,,True,True
100000001253557100,coordinator,0.75,1,0.910943,"Money from 10 seeds converges here via 4 collector/transit accounts across 4 clusters — candidate upper-level node for review. Also matches: consolidator, terminal.",1,False,5,0,210200.0,0.0,0.0,10,33452.30675408917,consolidator;terminal,True,True
100000001256409100,cutoff,0.7,22,0.238054,Hop-4 node: onward transfers were not traced (export limit). Receives 8k KZT from 1 payer.,4,False,1,0,8000.0,0.0,,1,17.247358995394638,,False,True
100000001262647100,terminal,1.0,2,0.564758,"Receives 24k KZT from 1 payer, forwards 0%; outflow was traced (hop 2) — possible final recipient.",2,False,1,0,23650.0,0.0,0.0,7,4501.111921415164,,True,True
100000001270349100,terminal,1.0,8,0.474566,"Receives 200k KZT from 1 payer, forwards 0%; outflow was traced (hop 3) — possible final recipient.",3,False,1,0,200000.0,0.0,0.0,1,3511.1242290613563,,True,True
100000001270470100,cutoff,0.7,3,0.350999,Hop-4 node: onward transfers were not traced (export limit). Receives 28k KZT from 1 payer.,4,False,1,0,28300.0,0.0,,7,97.0387984321565,,False,True
100000001273783100,terminal,1.0,10,0.380683,"Receives 23k KZT from 1 payer, forwards 0%; outflow was traced (hop 2) — possible final recipient.",2,False,1,0,23200.0,0.0,0.0,1,540.8935698516422,,True,True
100000001275557100,cutoff,0.7,24,0.386919,Hop-4 node: onward transfers were not traced (export limit). Receives 20k KZT from 1 payer.,4,False,1,0,20000.0,0.0,,7,326.8507061127313,,False,True
100000001275752100,terminal,1.0,1,0.547831,"Receives 152k KZT from 1 payer, forwards 0%; outflow was traced (hop 3) — possible final recipient.",3,False,1,0,151500.0,0.0,0.0,9,190.87345420957465,,True,True
100000001276409100,cutoff,0.7,10,0.375576,Hop-4 node: onward transfers were not traced (export limit). Receives 95k KZT from 1 payer.,4,False,1,0,94760.0,0.0,,7,225.3704863414298,,False,True
100000001279272100,peripheral,0.6,3,0.342725,"No role indicators: 1 payer, 2 recipients, 250k KZT in / 137k KZT out.",3,False,1,2,250000.0,136758.0,0.547032,7,1222.0882018387283,,True,True
100000001279875100,terminal,1.0,11,0.387022,"Receives 49k KZT from 1 payer, forwards 0%; outflow was traced (hop 2) — possible final recipient.",2,False,1,0,49235.0,0.0,0.0,1,717.0746885219855,,True,True
100000001280798100,terminal,1.0,10,0.430683,"Receives 24k KZT from 1 payer, forwards 0%; outflow was traced (hop 3) — possible final recipient.",3,False,1,0,23785.0,0.0,0.0,7,183.44469716678785,,True,True
100000001282143100,coordinator,0.875,1,0.831094,"Money from 10 seeds converges here via 5 collector/transit accounts across 2 clusters — candidate upper-level node for review. Also matches: consolidator, terminal.",3,False,5,0,1700000.0,0.0,0.0,10,857.5447100928754,consolidator;terminal,True,True
100000001285440100,terminal,1.0,1,0.656239,"Receives 243k KZT from 2 payers, forwards 0%; outflow was traced (hop 3) — possible final recipient.",3,False,2,0,243000.0,0.0,0.0,9,1048.5012691324912,,True,True
100000001286703100,cutoff,0.7,4,0.297284,Hop-4 node: onward transfers were not traced (export limit). Receives 20k KZT from 1 payer.,4,False,1,0,20500.0,0.0,,7,2.134974811724482,,False,True
100000001287955100,peripheral,0.6,11,0.238176,"No role indicators: 1 payer, 4 recipients, 18k KZT in / 310k KZT out.",2,False,1,4,17520.0,310000.0,17.69406392694064,1,408.46790275003326,,True,True
100000001290243100,terminal,1.0,2,0.579326,"Receives 10k KZT from 1 payer, forwards 0%; outflow was traced (hop 2) — possible final recipient.",2,False,1,0,10000.0,0.0,0.0,7,9112.515577932623,,True,True
100000001297206100,cutoff,0.7,3,0.328645,Hop-4 node: onward transfers were not traced (export limit). Receives 7k KZT from 1 payer.,4,False,1,0,6758.0,0.0,,7,33.02989055973304,,False,True
100000001298099100,terminal,1.0,10,0.423788,"Receives 19k KZT from 1 payer, forwards 0%; outflow was traced (hop 3) — possible final recipient.",3,False,1,0,19000.0,0.0,0.0,7,146.5398043375644,,True,True
100000001299323100,cutoff,0.7,1,0.446217,Hop-4 node: onward transfers were not traced (export limit). Receives 109k KZT from 1 payer.,4,False,1,0,109000.0,0.0,,8,72.00151864398582,,False,True
100000001299443100,cutoff,0.7,8,0.271105,Hop-4 node: onward transfers were not traced (export limit). Receives 8k KZT from 1 payer.,4,False,1,0,8000.0,0.0,,1,0.38695091580140484,,False,True
100000001299828100,cutoff,0.7,3,0.39704,Hop-4 node: onward transfers were not traced (export limit). Receives 100k KZT from 1 payer.,4,False,1,0,100000.0,0.0,,7,488.7524498332796,,False,True
100000001303311100,coordinator,0.625,1,0.849978,"Money from 9 seeds converges here via 3 collector/transit accounts across 1 clusters — candidate upper-level node for review. Also matches: consolidator, terminal.",3,False,5,0,1324000.0,0.0,0.0,9,4292.490607297293,consolidator;terminal,True,True
100000001307612100,terminal,1.0,7,0.507618,"Receives 38k KZT from 1 payer, forwards 0%; outflow was traced (hop 1) — possible final recipient.",1,False,1,0,38483.0,0.0,0.0,1,38963.21374675902,,True,True
100000001308856100,terminal,1.0,19,0.377124,"Receives 27k KZT from 1 payer, forwards 0%; outflow was traced (hop 2) — possible final recipient.",2,False,1,0,27000.0,0.0,0.0,1,469.7787259917683,,True,True
100000001311175100,cutoff,0.7,11,0.298218,Hop-4 node: onward transfers were not traced (export limit). Receives 300k KZT from 1 payer.,4,False,1,0,300000.0,0.0,,2,96.07356474442096,,False,True
100000001317336100,peripheral,0.6,28,0.327044,"No role indicators: 1 payer, 2 recipients, 131k KZT in / 1.8M KZT out.",3,False,1,2,131196.0,1752000.0,13.354065672733924,7,608.2043501929977,,True,True
100000001325618100,cutoff,0.7,8,0.27155,Hop-4 node: onward transfers were not traced (export limit). Receives 9k KZT from 1 payer.,4,False,1,0,9300.0,0.0,,1,0.44983043961913316,,False,True
100000001329153100,terminal,1.0,0,0.446119,"Receives 151k KZT from 1 payer, forwards 0%; outflow was traced (hop 3) — possible final recipient.",3,False,1,0,150687.0,0.0,0.0,7,128.12633774833031,,True,True
100000001330595100,peripheral,0.6,34,0.332304,"No role indicators: 3 payers, 1 recipient, 87k KZT in / 154k KZT out.",2,False,3,1,87000.0,154000.0,1.7701149425287357,1,773.0641012438366,,True,True
100000001330685100,terminal,0.5874,4,0.656428,"Receives 2.4M KZT from 3 payers, forwards 4%; outflow was traced (hop 1) — possible final recipient.",1,False,3,1,2435923.0,100500.0,0.04125746175063826,7,136905.09175874834,,True,True
100000001339466100,terminal,1.0,5,0.622164,"Receives 30k KZT from 1 payer, forwards 0%; outflow was traced (hop 2) — possible final recipient.",2,False,1,0,30000.0,0.0,0.0,9,4476.72746965601,,True,True
100000001346560100,peripheral,0.6,5,0.57631,"No role indicators: 2 payers, 1 recipient, 10k KZT in / 22k KZT out.",2,False,2,1,10000.0,22200.0,2.22,11,6119.024040911942,,True,True
100000001362940100,terminal,1.0,5,0.704704,"Receives 81k KZT from 1 payer, forwards 0%; outflow was traced (hop 1) — possible final recipient.",1,False,1,0,81000.0,0.0,0.0,10,85831.33828537575,,True,True
100000001363952100,peripheral,0.6,14,0.573352,"No role indicators: 2 payers, 1 recipient, 197k KZT in / 91k KZT out.",1,False,2,1,196655.0,91000.0,0.4627393150441128,7,69838.5701644766,,True,True
100000001373265100,terminal,0.6491,3,0.471274,"Receives 142k KZT from 1 payer, forwards 4%; outflow was traced (hop 3) — possible final recipient.",3,False,1,1,142482.0,5000.0,0.0350921519911287,7,952.2387546214617,,True,True
100000001378288100,cutoff,0.7,14,0.44119,Hop-4 node: onward transfers were not traced (export limit). Receives 268k KZT from 1 payer.,4,False,1,0,268000.0,0.0,,7,169.11192686081336,,False,True
100000001379511100,terminal,1.0,29,0.431795,"Receives 55k KZT from 1 payer, forwards 0%; outflow was traced (hop 3) — possible final recipient.",3,False,1,0,55000.0,0.0,0.0,7,189.72668383778378,,True,True
100000001380054100,peripheral,0.6,46,0.431492,"No role indicators: 2 payers, 3 recipients, 127k KZT in / 360k KZT out.",1,False,2,3,127050.0,360000.0,2.833530106257379,1,148709.25931829988,,True,True
100000001380107100,terminal,1.0,18,0.492249,"Receives 6k KZT from 1 payer, forwards 0%; outflow was traced (hop 3) — possible final recipient.",3,False,1,0,6000.0,0.0,0.0,10,87.06083253748176,,True,True
100000001380986100,terminal,1.0,1,0.474766,"Receives 70k KZT from 1 payer, forwards 0%; outflow was traced (hop 2) — possible final recipient.",2,False,1,0,70170.0,0.0,0.0,1,8004.178834994378,,True,True
100000001382002100,transit,0.8636,0,0.58958,"In 55k KZT / out 56k KZT (ratio 1.03), 0% forwarded within 2 days — pattern consistent with transit.",2,False,1,1,55000.0,56500.0,1.0272727272727273,7,53622.199470200445,,True,True
100000001384826100,terminal,0.7255,4,0.452814,"Receives 364k KZT from 1 payer, forwards 3%; outflow was traced (hop 3) — possible final recipient.",3,False,1,1,364260.0,10000.0,0.027452918245209467,7,417.03434853556007,,True,True
100000001386612100,terminal,1.0,21,0.613779,"Receives 62k KZT from 1 payer, forwards 0%; outflow was traced (hop 2) — possible final recipient.",2,False,1,0,62264.0,0.0,0.0,7,21827.13271881815,,True,True
100000001389255100,terminal,1.0,7,0.482373,"Receives 16k KZT from 1 payer, forwards 0%; outflow was traced (hop 1) — possible final recipient.",1,False,1,0,16136.0,0.0,0.0,1,16337.354598594276,,True,True
100000001411870100,terminal,1.0,8,0.662711,"Receives 900k KZT from 2 payers, forwards 0%; outflow was traced (hop 1) — possible final recipient.",1,False,2,0,900000.0,0.0,0.0,2,792223.0052141348,,True,True
100000001415126100,peripheral,0.9,21,0.143916,"No role indicators: 1 payer, 0 recipients, 27k KZT in / 0 KZT out.",0,True,1,0,27000.0,0.0,,7,0.0,,True,False
100000001418900100,terminal,1.0,19,0.386688,"Receives 40k KZT from 1 payer, forwards 0%; outflow was traced (hop 2) — possible final recipient.",2,False,1,0,40140.0,0.0,0.0,1,698.4043726410955,,True,True
100000001420847100,terminal,1.0,20,0.536688,"Receives 20k KZT from 1 payer, forwards 0%; outflow was traced (hop 2) — possible final recipient.",2,False,1,0,20000.0,0.0,0.0,7,1657.2097982735572,,True,True
100000001427082100,peripheral,0.6,18,0.339833,"No role indicators: 1 payer, 5 recipients, 5k KZT in / 125k KZT out.",3,False,1,5,5000.0,124900.0,24.98,7,1086.6639758262045,,True,True
100000001429930100,peripheral,0.9,14,0.14217,"No role indicators: 1 payer, 0 recipients, 26k KZT in / 0 KZT out.",0,True,1,0,26000.0,0.0,,7,0.0,,True,False
100000001439416100,peripheral,0.6,0,0.323463,"No role indicators: 1 payer, 2 recipients, 10k KZT in / 165k KZT out.",3,False,1,2,10000.0,165000.0,16.5,7,191.3376095655831,,True,True
100000001445848100,peripheral,0.6,17,0.346506,"No role indicators: 1 payer, 1 recipient, 546k KZT in / 352k KZT out.",3,False,1,1,546000.0,351850.0,0.6444139194139195,7,1539.2551313462548,,True,True
100000001463701100,terminal,1.0,15,0.782707,"Receives 621k KZT from 2 payers, forwards 0%; outflow was traced (hop 1) — possible final recipient.",1,False,2,0,621000.0,0.0,0.0,8,266973.4751101914,,True,True
100000001471706100,cutoff,0.7,21,0.530725,Hop-4 node: onward transfers were not traced (export limit). Receives 377k KZT from 1 payer.,4,False,1,0,377000.0,0.0,,8,453.56006857554223,,False,True
100000001477796100,terminal,1.0,5,0.551991,"Receives 182k KZT from 1 payer, forwards 0%; outflow was traced (hop 1) — possible final recipient.",1,False,1,0,182000.0,0.0,0.0,1,182000.0,,True,True
100000001484381100,terminal,1.0,10,0.516181,"Receives 96k KZT from 2 payers, forwards 0%; outflow was traced (hop 3) — possible final recipient.",3,False,2,0,95585.0,0.0,0.0,7,354.20874232629245,,True,True
100000001490461100,peripheral,0.6,1,0.453089,"No role indicators: 1 payer, 1 recipient, 20k KZT in / 5k KZT out.",2,False,1,1,20000.0,5000.0,0.25,9,1002.4900741516079,,True,True
100000001498732100,cutoff,0.7,29,0.291613,Hop-4 node: onward transfers were not traced (export limit). Receives 6k KZT from 1 payer.,4,False,1,0,5500.0,0.0,,7,0.27059885122796384,,False,True
100000001524952100,terminal,1.0,0,0.600478,"Receives 104k KZT from 1 payer, forwards 0%; outflow was traced (hop 1) — possible final recipient.",1,False,1,0,103807.0,0.0,0.0,7,104825.33366916103,,True,True
100000001526235100,peripheral,0.6,26,0.456259,"No role indicators: 3 payers, 8 recipients, 82k KZT in / 433k KZT out.",2,False,3,8,82000.0,432750.0,5.277439024390244,7,8372.549580090144,,True,True
100000001527186100,terminal,1.0,5,0.723387,"Receives 678k KZT from 1 payer, forwards 0%; outflow was traced (hop 1) — possible final recipient.",1,False,1,0,678000.0,0.0,0.0,10,718440.0908331451,,True,True
100000001530709100,terminal,1.0,0,0.420985,"Receives 54k KZT from 1 payer, forwards 0%; outflow was traced (hop 3) — possible final recipient.",3,False,1,0,53961.0,0.0,0.0,7,45.88202904854203,,True,True
100000001530740100,terminal,1.0,2,0.588779,"Receives 15k KZT from 1 payer, forwards 0%; outflow was traced (hop 2) — possible final recipient.",2,False,1,0,15000.0,0.0,0.0,7,13638.507477627703,,True,True
100000001530983100,peripheral,0.6,18,0.53663,"No role indicators: 4 payers, 11 recipients, 564k KZT in / 1.8M KZT out.",1,False,4,11,564158.0,1829538.0,3.24295321523403,7,397838.11508931714,,True,True
100000001533161100,cutoff,0.7,37,0.314188,Hop-4 node: onward transfers were not traced (export limit). Receives 100k KZT from 1 payer.,4,False,1,0,100000.0,0.0,,7,14.53953612840014,,False,True
100000001534244100,peripheral,0.6,1,0.467169,"No role indicators: 2 payers, 1 recipient, 366k KZT in / 45k KZT out.",3,False,2,1,366000.0,45000.0,0.12295081967213115,8,204.2947565890605,,True,True
100000001537524100,cutoff,0.7,1,0.394393,Hop-4 node: onward transfers were not traced (export limit). Receives 150k KZT from 1 payer.,4,False,1,0,150000.0,0.0,,8,0.5720412942546975,,False,True
100000001538095100,terminal,1.0,1,0.646452,"Receives 280k KZT from 2 payers, forwards 0%; outflow was traced (hop 3) — possible final recipient.",3,False,2,0,280000.0,0.0,0.0,9,656.9312077964246,,True,True
100000001541418100,terminal,1.0,1,0.6126,"Receives 97k KZT from 2 payers, forwards 0%; outflow was traced (hop 2) — possible final recipient.",2,False,2,0,96900.0,0.0,0.0,7,5753.054099703927,,True,True
100000001549194100,terminal,1.0,16,0.39643,"Receives 46k KZT from 1 payer, forwards 0%; outflow was traced (hop 3) — possible final recipient.",3,False,1,0,46500.0,0.0,0.0,7,49.21134139736602,,True,True
100000001550388100,terminal,1.0,0,0.587633,"Receives 50k KZT from 1 payer, forwards 0%; outflow was traced (hop 1) — possible final recipient.",1,False,1,0,50000.0,0.0,0.0,7,50490.49373797577,,True,True
100000001550419100,terminal,1.0,16,0.383419,"Receives 23k KZT from 1 payer, forwards 0%; outflow was traced (hop 3) — possible final recipient.",3,False,1,0,23000.0,0.0,0.0,7,24.341093594396096,,True,True
100000001554432100,terminal,1.0,5,0.698588,"Receives 54k KZT from 1 payer, forwards 0%; outflow was traced (hop 1) — possible final recipient.",1,False,1,0,53920.0,0.0,0.0,10,57136.1204981168,,True,True
100000001557930100,terminal,1.0,8,0.490803,"Receives 35k KZT from 1 payer, forwards 0%; outflow was traced (hop 2) — possible final recipient.",2,False,1,0,34610.0,0.0,0.0,1,8306.62150990693,,True,True
100000001567366100,terminal,1.0,2,0.656172,"Receives 824k KZT from 1 payer, forwards 0%; outflow was traced (hop 1) — possible final recipient.",1,False,1,0,824070.0,0.0,0.0,7,833467.8203278256,,True,True
100000001578517100,terminal,1.0,18,0.506695,"Receives 30k KZT from 1 payer, forwards 0%; outflow was traced (hop 2) — possible final recipient.",2,False,1,0,30000.0,0.0,0.0,7,6523.444628339532,,True,True
100000001584286100,terminal,1.0,11,0.576145,"Receives 739k KZT from 2 payers, forwards 0%; outflow was traced (hop 2) — possible final recipient.",2,False,2,0,738699.0,0.0,0.0,8,370.5435899315663,,True,True
100000001590795100,cutoff,0.7,8,0.269882,Hop-4 node: onward transfers were not traced (export limit). Receives 5k KZT from 1 payer.,4,False,1,0,5060.0,0.0,,1,0.2447464542443886,,False,True
100000001597424100,terminal,1.0,16,0.397209,"Receives 48k KZT from 1 payer, forwards 0%; outflow was traced (hop 3) — possible final recipient.",3,False,1,0,48100.0,0.0,0.0,7,50.904634864802276,,True,True
100000001597505100,peripheral,0.6,30,0.421817,"No role indicators: 1 payer, 1 recipient, 26k KZT in / 13k KZT out.",2,False,1,1,26460.0,12920.0,0.48828420256991684,8,3939.7960388584506,,True,True
100000001598625100,cutoff,0.7,3,0.367402,Hop-4 node: onward transfers were not traced (export limit). Receives 25k KZT from 1 payer.,4,False,1,0,25000.0,0.0,,7,166.77370470810712,,False,True
100000001600934100,peripheral,0.6,3,0.384651,"No role indicators: 1 payer, 1 recipient, 180k KZT in / 11k KZT out.",3,False,1,1,180300.0,11000.0,0.06100942872989462,7,11496.533460701774,,True,True
100000001601320100,transit,0.6897,9,0.58075,"In 44k KZT / out 46k KZT (ratio 1.06), 0% forwarded within 2 days — pattern consistent with transit.",2,False,2,1,43500.0,46200.0,1.0620689655172413,1,20781.715034240966,,True,True
100000001609499100,peripheral,0.6,0,0.542313,"No role indicators: 3 payers, 2 recipients, 263k KZT in / 21k KZT out.",1,False,3,2,263113.0,21000.0,0.07981361620292422,7,95326.99550953227,,True,True
100000001611488100,terminal,1.0,0,0.600345,"Receives 779k KZT from 2 payers, forwards 0%; outflow was traced (hop 3) — possible final recipient.",3,False,2,0,779300.0,0.0,0.0,7,6800.338619712046,,True,True
100000001616816100,consolidator,0.5,8,0.346566,"Receives from 5 distinct payers, 176k KZT; forwards 103% — signs of consolidation.",0,True,5,3,176195.0,181326.0,,10,0.0,,True,False
100000001632325100,terminal,1.0,6,0.321074,"Receives 86k KZT from 1 payer, forwards 0%; outflow was traced (hop 3) — possible final recipient.",3,False,1,0,85600.0,0.0,0.0,1,57.54619730339397,,True,True
100000001633685100,terminal,1.0,17,0.554115,"Receives 45k KZT from 3 payers, forwards 0%; outflow was traced (hop 2) — possible final recipient.",2,False,3,0,45000.0,0.0,0.0,7,1108.1780218694894,,True,True
100000001637376100,peripheral,0.6,4,0.286341,"No role indicators: 1 payer, 1 recipient, 117k KZT in / 234k KZT out.",3,False,1,1,116700.0,234250.0,2.0072836332476434,7,133.60761125048003,,True,True
100000001639766100,terminal,1.0,8,0.472676,"Receives 20k KZT from 1 payer, forwards 0%; outflow was traced (hop 3) — possible final recipient.",3,False,1,0,20000.0,0.0,0.0,1,3187.2725308574272,,True,True
100000001641789100,terminal,1.0,8,0.6874,"Receives 18k KZT from 1 payer, forwards 0%; outflow was traced (hop 1) — possible final recipient.",1,False,1,0,17826.0,0.0,0.0,11,23832.893400825287,,True,True
100000001641951100,terminal,1.0,5,0.665959,"Receives 25k KZT from 1 payer, forwards 0%; outflow was traced (hop 2) — possible final recipient.",2,False,1,0,25000.0,0.0,0.0,11,15305.273540319022,,True,True
100000001648936100,terminal,1.0,8,0.515825,"Receives 93k KZT from 1 payer, forwards 0%; outflow was traced (hop 2) — possible final recipient.",2,False,1,0,92740.0,0.0,0.0,1,22258.193551828048,,True,True
100000001650895100,peripheral,0.6,1,0.399153,"No role indicators: 1 payer, 1 recipient, 154k KZT in / 10k KZT out.",3,False,1,1,153500.0,10000.0,0.06514657980456026,9,123.52787930844794,,True,True
100000001660397100,transit,1.0,0,0.626034,"In 49k KZT / out 49k KZT (ratio 1.01), 76% forwarded within 2 days — pattern consistent with transit.",1,False,2,3,48600.0,49000.0,1.008230452674897,7,19685.148970517504,,True,True
100000001669260100,cutoff,0.7,22,0.335251,Hop-4 node: onward transfers were not traced (export limit). Receives 500k KZT from 1 payer.,4,False,1,0,500000.0,0.0,,1,1077.9599372121645,,False,True
100000001674850100,terminal,1.0,1,0.566137,"Receives 237k KZT from 2 payers, forwards 0%; outflow was traced (hop 3) — possible final recipient.",3,False,2,0,237000.0,0.0,0.0,8,51.89655267264408,,True,True
100000001677389100,peripheral,0.6,17,0.273218,"No role indicators: 1 payer, 1 recipient, 11k KZT in / 5k KZT out.",3,False,1,1,11000.0,5400.0,0.4909090909090909,7,84.62739822191908,,True,True
100000001677929100,peripheral,0.6,9,0.489021,"No role indicators: 3 payers, 2 recipients, 127k KZT in / 286k KZT out.",2,False,3,2,126777.0,286098.0,2.2567027142147236,1,61539.19316984035,,True,True
100000001680944100,terminal,1.0,1,0.602213,"Receives 393k KZT from 1 payer, forwards 0%; outflow was traced (hop 3) — possible final recipient.",3,False,1,0,393000.0,0.0,0.0,9,2070.4855000340185,,True,True
100000001684867100,terminal,1.0,2,0.613245,"Receives 31k KZT from 1 payer, forwards 0%; outflow was traced (hop 1) — possible final recipient.",1,False,1,0,30550.0,0.0,0.0,7,30898.39687285676,,True,True
100000001686328100,terminal,1.0,1,0.582863,"Receives 140k KZT from 1 payer, forwards 0%; outflow was traced (hop 3) — possible final recipient.",3,False,1,0,140000.0,0.0,0.0,9,767.7712432771192,,True,True
100000001688676100,terminal,1.0,20,0.526012,"Receives 134k KZT from 1 payer, forwards 0%; outflow was traced (hop 3) — possible final recipient.",3,False,1,0,133700.0,0.0,0.0,7,1001.1976736670636,,True,True
100000001689968100,terminal,1.0,4,0.541548,"Receives 344k KZT from 3 payers, forwards 0%; outflow was traced (hop 3) — possible final recipient.",3,False,3,0,344333.75,0.0,0.0,7,628.9649655344913,,True,True
100000001690439100,terminal,1.0,0,0.435665,"Receives 14k KZT from 1 payer, forwards 0%; outflow was traced (hop 3) — possible final recipient.",3,False,1,0,14200.0,0.0,0.0,7,93.10892651826923,,True,True
100000001690558100,terminal,1.0,20,0.556595,"Receives 740k KZT from 1 payer, forwards 0%; outflow was traced (hop 3) — possible final recipient.",3,False,1,0,740000.0,0.0,0.0,7,5541.408216257493,,True,True
100000001696818100,terminal,1.0,5,0.534197,"Receives 54k KZT from 1 payer, forwards 0%; outflow was traced (hop 1) — possible final recipient.",1,False,1,0,53550.0,0.0,0.0,1,53550.0,,True,True
100000001697501100,distributor,1.0,19,0.572037,Fans out to 38 recipients (1.5M KZT) against 3 payers — pattern consistent with a distribution layer.,1,False,3,38,123700.0,1482606.0,11.98549717057397,1,25796.17621584265,,True,True
100000001703168100,peripheral,0.6,0,0.354379,"No role indicators: 1 payer, 1 recipient, 45k KZT in / 90k KZT out.",2,False,1,1,45000.0,90000.0,2.0,7,642.215983693142,,True,True
100000001714173100,terminal,1.0,1,0.642026,"Receives 639k KZT from 1 payer, forwards 0%; outflow was traced (hop 3) — possible final recipient.",3,False,1,0,638905.0,0.0,0.0,9,15475.84384750407,,True,True
100000001714413100,terminal,1.0,4,0.442694,"Receives 250k KZT from 1 payer, forwards 0%; outflow was traced (hop 3) — possible final recipient.",3,False,1,0,250172.0,0.0,0.0,7,286.41716642463666,,True,True
100000001714883100,cutoff,0.7,8,0.270883,Hop-4 node: onward transfers were not traced (export limit). Receives 7k KZT from 1 payer.,4,False,1,0,6900.0,0.0,,1,0.33374516487871164,,False,True
100000001716579100,terminal,1.0,7,0.478147,"Receives 14k KZT from 1 payer, forwards 0%; outflow was traced (hop 1) — possible final recipient.",1,False,1,0,13916.0,0.0,0.0,1,14089.652119114897,,True,True
100000001724740100,cutoff,0.7,1,0.491501,Hop-4 node: onward transfers were not traced (export limit). Receives 185k KZT from 1 payer.,4,False,1,0,185000.0,0.0,,9,226.6651039938157,,False,True
100000001726614100,terminal,1.0,3,0.464713,"Receives 139k KZT from 1 payer, forwards 0%; outflow was traced (hop 3) — possible final recipient.",3,False,1,0,138717.0,0.0,0.0,7,678.0976363778516,,True,True
100000001732159100,peripheral,0.6,1,0.196729,"No role indicators: 2 payers, 4 recipients, 2.4M KZT in / 1.5M KZT out.",0,True,2,4,2378100.0,1505966.0,,9,0.0,,True,False
100000001733216100,cutoff,0.7,0,0.333794,Hop-4 node: onward transfers were not traced (export limit). Receives 60k KZT from 1 payer.,4,False,1,0,60000.0,0.0,,7,10.193942166578562,,False,True
100000001733687100,terminal,1.0,1,0.547476,"Receives 300k KZT from 1 payer, forwards 0%; outflow was traced (hop 3) — possible final recipient.",3,False,1,0,300000.0,0.0,0.0,8,321.15472899631317,,True,True
100000001737722100,terminal,1.0,5,0.620696,"Receives 60k KZT from 1 payer, forwards 0%; outflow was traced (hop 2) — possible final recipient.",2,False,1,0,60460.0,0.0,0.0,8,8213.959177953571,,True,True
100000001740277100,peripheral,0.6,9,0.327889,"No role indicators: 1 payer, 1 recipient, 9k KZT in / 5k KZT out.",3,False,1,1,8700.0,5000.0,0.5747126436781609,1,1759.5531821613774,,True,True
100000001745217100,terminal,1.0,3,0.439024,"Receives 50k KZT from 1 payer, forwards 0%; outflow was traced (hop 3) — possible final recipient.",3,False,1,0,50000.0,0.0,0.0,7,244.4176403677457,,True,True
100000001746925100,peripheral,0.6,5,0.566368,"No role indicators: 1 payer, 1 recipient, 65k KZT in / 5k KZT out.",1,False,1,1,65250.0,5000.0,0.07662835249042145,10,69141.91139655268,,True,True
100000001782980100,peripheral,0.6,54,0.320861,"No role indicators: 1 payer, 1 recipient, 50k KZT in / 596k KZT out.",2,False,1,1,50000.0,596200.0,11.924,1,20654.063794208316,,True,True
100000001784279100,terminal,1.0,3,0.429237,"Receives 36k KZT from 1 payer, forwards 0%; outflow was traced (hop 3) — possible final recipient.",3,False,1,0,35674.0,0.0,0.0,7,174.38709804957915,,True,True
100000001785161100,terminal,1.0,11,0.462578,"Receives 30k KZT from 2 payers, forwards 0%; outflow was traced (hop 3) — possible final recipient.",3,False,2,0,30000.0,0.0,0.0,7,48.15425883036058,,True,True
100000001788284100,peripheral,0.6,26,0.290234,"No role indicators: 1 payer, 5 recipients, 8k KZT in / 297k KZT out.",3,False,1,5,8000.0,296700.0,37.0875,7,154.34270343248048,,True,True
100000001805543100,terminal,1.0,2,0.631261,"Receives 59k KZT from 1 payer, forwards 0%; outflow was traced (hop 1) — possible final recipient.",1,False,1,0,59000.0,0.0,0.0,7,59672.845024502414,,True,True
100000001808684100,peripheral,0.6,8,0.354802,"No role indicators: 1 payer, 1 recipient, 48k KZT in / 38k KZT out.",3,False,1,1,48400.0,37700.0,0.7789256198347108,1,7713.199524674972,,True,True
100000001816678100,cutoff,0.7,5,0.364611,Hop-4 node: onward transfers were not traced (export limit). Receives 60k KZT from 1 payer.,4,False,1,0,60000.0,0.0,,7,15.631927413863727,,False,True
100000001818442100,terminal,1.0,10,0.446697,"Receives 42k KZT from 1 payer, forwards 0%; outflow was traced (hop 3) — possible final recipient.",3,False,1,0,42215.0,0.0,0.0,7,325.58830737422534,,True,True
100000001819396100,terminal,1.0,27,0.39732,"Receives 166k KZT from 1 payer, forwards 0%; outflow was traced (hop 3) — possible final recipient.",3,False,1,0,166080.0,0.0,0.0,7,51.01010121752775,,True,True
100000001822623100,terminal,1.0,24,0.506083,"Receives 201k KZT from 1 payer, forwards 0%; outflow was traced (hop 2) — possible final recipient.",2,False,1,0,201300.0,0.0,0.0,7,6292.048897927515,,True,True
100000001822650100,cutoff,0.7,1,0.416301,Hop-4 node: onward transfers were not traced (export limit). Receives 112k KZT from 1 payer.,4,False,1,0,112000.0,0.0,,8,15.70839628148825,,False,True
100000001825934100,peripheral,0.6,31,0.302122,"No role indicators: 1 payer, 1 recipient, 40k KZT in / 97k KZT out.",3,False,1,1,40000.0,97000.0,2.425,1,10023.157894736842,,True,True
100000001831496100,peripheral,0.6,15,0.321528,"No role indicators: 1 payer, 1 recipient, 25k KZT in / 373k KZT out.",3,False,1,1,25000.0,373000.0,14.92,7,26.45771042869141,,True,True
100000001835625100,terminal,1.0,4,0.408441,"Receives 75k KZT from 1 payer, forwards 0%; outflow was traced (hop 3) — possible final recipient.",3,False,1,0,75130.0,0.0,0.0,7,86.01490859681718,,True,True
100000001837130100,terminal,1.0,3,0.468939,"Receives 173k KZT from 1 payer, forwards 0%; outflow was traced (hop 3) — possible final recipient.",3,False,1,0,172900.0,0.0,0.0,7,845.1962003916645,,True,True
100000001845505100,cutoff,0.7,3,0.369793,Hop-4 node: onward transfers were not traced (export limit). Receives 20k KZT from 1 payer.,4,False,1,0,20000.0,0.0,,7,178.19137732814534,,False,True
100000001848426100,terminal,1.0,8,0.516604,"Receives 96k KZT from 1 payer, forwards 0%; outflow was traced (hop 2) — possible final recipient.",2,False,1,0,95530.0,0.0,0.0,1,22927.81140830422,,True,True
100000001851289100,terminal,1.0,2,0.641048,"Receives 110k KZT from 1 payer, forwards 0%; outflow was traced (hop 1) — possible final recipient.",1,False,1,0,109510.0,0.0,0.0,7,110758.86879039425,,True,True
100000001852140100,terminal,1.0,55,0.417716,"Receives 30k KZT from 1 payer, forwards 0%; outflow was traced (hop 3) — possible final recipient.",3,False,1,0,30000.0,0.0,0.0,1,3714.752914693453,,True,True
100000001853812100,terminal,1.0,3,0.45615,"Receives 70k KZT from 1 payer, forwards 0%; outflow was traced (hop 3) — possible final recipient.",3,False,1,0,70000.0,0.0,0.0,7,467.8254995262722,,True,True
100000001857829100,consolidator,0.6,14,0.777974,"Receives from 6 distinct payers, 889k KZT; forwards 269% — signs of consolidation.",2,False,6,16,888535.0,2390993.0,2.690938454872346,7,4017.9663932747617,,True,True
100000001860090100,terminal,1.0,8,0.430861,"Receives 5k KZT from 1 payer, forwards 0%; outflow was traced (hop 3) — possible final recipient.",3,False,1,0,5000.0,0.0,0.0,1,407.6866811823904,,True,True
100000001870116100,terminal,1.0,7,0.494384,"Receives 24k KZT from 1 payer, forwards 0%; outflow was traced (hop 1) — possible final recipient.",1,False,1,0,24000.0,0.0,0.0,1,24299.48626464196,,True,True
100000001872484100,peripheral,0.6,43,0.452355,"No role indicators: 1 payer, 3 recipients, 871k KZT in / 515k KZT out.",1,False,1,3,871400.0,514580.0,0.5905210006885472,1,1645889.9242598116,,True,True
100000001875167100,terminal,1.0,4,0.476279,"Receives 1.0M KZT from 1 payer, forwards 0%; outflow was traced (hop 3) — possible final recipient.",3,False,1,0,1000000.0,0.0,0.0,7,1144.8809875790917,,True,True
100000001875239100,terminal,1.0,1,0.662589,"Receives 712k KZT from 3 payers, forwards 0%; outflow was traced (hop 3) — possible final recipient.",3,False,3,0,712000.0,0.0,0.0,9,796.1991754818841,,True,True
100000001884825100,terminal,1.0,1,0.631206,"Receives 495k KZT from 3 payers, forwards 0%; outflow was traced (hop 3) — possible final recipient.",3,False,3,0,495000.0,0.0,0.0,8,380.03768564626455,,True,True
100000001887715100,peripheral,0.6,1,0.475209,"No role indicators: 3 payers, 1 recipient, 1.3M KZT in / 750k KZT out.",3,False,3,1,1331500.0,750000.0,0.5632745024408562,9,112.83102476866269,,True,True
100000001893287100,peripheral,0.6,8,0.323997,"No role indicators: 1 payer, 1 recipient, 18k KZT in / 153k KZT out.",3,False,1,1,18000.0,152700.0,8.483333333333333,1,1467.6720522566052,,True,True
100000001899164100,peripheral,0.6,12,0.588343,"No role indicators: 4 payers, 3 recipients, 292k KZT in / 76k KZT out.",1,False,4,3,291675.0,76500.0,0.2622782206222679,8,26492.093565265197,,True,True
100000001904863100,terminal,1.0,8,0.67917,"Receives 500k KZT from 1 payer, forwards 0%; outflow was traced (hop 2) — possible final recipient.",2,False,1,0,500000.0,0.0,0.0,11,18299.650489672098,,True,True
100000001924185100,terminal,1.0,15,0.807618,"Receives 151k KZT from 2 payers, forwards 0%; outflow was traced (hop 1) — possible final recipient.",1,False,2,0,151000.0,0.0,0.0,11,161933.32720516415,,True,True
100000001927599100,terminal,1.0,1,0.643116,"Receives 188k KZT from 2 payers, forwards 0%; outflow was traced (hop 3) — possible final recipient.",3,False,2,0,188000.0,0.0,0.0,9,551.9484793105441,,True,True
100000001929088100,terminal,1.0,9,0.660042,"Receives 396k KZT from 2 payers, forwards 0%; outflow was traced (hop 1) — possible final recipient.",1,False,2,0,396010.0,0.0,0.0,2,396010.0,,True,True
100000001934935100,terminal,1.0,0,0.438223,"Receives 119k KZT from 1 payer, forwards 0%; outflow was traced (hop 3) — possible final recipient.",3,False,1,0,118935.0,0.0,0.0,7,101.12820601709284,,True,True
100000001937767100,peripheral,0.6,8,0.581203,"No role indicators: 1 payer, 4 recipients, 53k KZT in / 1.9M KZT out.",1,False,1,4,53000.0,1933000.0,36.471698113207545,11,70859.60676785259,,True,True
100000001952325100,terminal,1.0,7,0.524077,"Receives 78k KZT from 1 payer, forwards 0%; outflow was traced (hop 1) — possible final recipient.",1,False,1,0,77888.0,0.0,0.0,1,78859.93275751805,,True,True
100000001953577100,terminal,1.0,7,0.481484,"Receives 16k KZT from 1 payer, forwards 0%; outflow was traced (hop 1) — possible final recipient.",1,False,1,0,15600.0,0.0,0.0,1,15794.666072017273,,True,True
100000001954534100,peripheral,0.6,3,0.341613,"No role indicators: 1 payer, 1 recipient, 13k KZT in / 40k KZT out.",3,False,1,1,13000.0,40000.0,3.076923076923077,7,1178.7694930553334,,True,True
100000001954903100,terminal,1.0,10,0.383797,"Receives 27k KZT from 1 payer, forwards 0%; outflow was traced (hop 2) — possible final recipient.",2,False,1,0,27118.0,0.0,0.0,1,632.2393028981394,,True,True
100000001957974100,cutoff,0.7,16,0.336208,Hop-4 node: onward transfers were not traced (export limit). Receives 500k KZT from 1 payer.,4,False,1,0,500000.0,0.0,,7,49.07197371581185,,False,True
100000001960517100,terminal,1.0,8,0.589001,"Receives 200k KZT from 1 payer, forwards 0%; outflow was traced (hop 1) — possible final recipient.",1,False,1,0,200000.0,0.0,0.0,2,220768.38426019083,,True,True
100000001961048100,terminal,1.0,11,0.439468,"Receives 150k KZT from 1 payer, forwards 0%; outflow was traced (hop 2) — possible final recipient.",2,False,1,0,150000.0,0.0,0.0,7,248.53747944261255,,True,True
100000001965374100,peripheral,0.6,25,0.494815,"No role indicators: 2 payers, 3 recipients, 1.8M KZT in / 3.1M KZT out.",2,False,2,3,1759720.0,3082100.0,1.7514718250630783,1,93635.19027644885,,True,True
100000001969496100,terminal,1.0,16,0.383307,"Receives 23k KZT from 1 payer, forwards 0%; outflow was traced (hop 3) — possible final recipient.",3,False,1,0,22740.0,0.0,0.0,7,24.06593340593771,,True,True
100000001985793100,terminal,1.0,8,0.530282,"Receives 420k KZT from 1 payer, forwards 0%; outflow was traced (hop 2) — possible final recipient.",2,False,1,0,420000.0,0.0,0.0,1,35853.65853658537,,True,True
100000001987030100,peripheral,0.6,2,0.513143,"No role indicators: 2 payers, 1 recipient, 31k KZT in / 19k KZT out.",1,False,2,1,30864.0,19000.0,0.6156039398652151,7,9969.464329576609,,True,True
100000001991973100,cutoff,0.7,8,0.274219,Hop-4 node: onward transfers were not traced (export limit). Receives 21k KZT from 1 payer.,4,False,1,0,20800.0,0.0,,1,1.0060723810836527,,False,True
100000002015633100,terminal,1.0,4,0.414557,"Receives 95k KZT from 1 payer, forwards 0%; outflow was traced (hop 3) — possible final recipient.",3,False,1,0,94970.0,0.0,0.0,7,108.72934739038637,,True,True
100000002028158100,terminal,1.0,2,0.563201,"Receives 35k KZT from 1 payer, forwards 0%; outflow was traced (hop 2) — possible final recipient.",2,False,1,0,34800.0,0.0,0.0,7,3957.2723323594914,,True,True
100000002032323100,peripheral,0.6,29,0.33861,"No role indicators: 1 payer, 1 recipient, 300k KZT in / 1.1M KZT out.",3,False,1,1,300000.0,1050000.0,3.5,7,1034.8728209333663,,True,True
100000002087788100,terminal,1.0,4,0.503192,"Receives 100k KZT from 1 payer, forwards 0%; outflow was traced (hop 2) — possible final recipient.",2,False,1,0,100500.0,0.0,0.0,7,5648.271527865776,,True,True
100000002095257100,terminal,1.0,12,0.519317,"Receives 8k KZT from 1 payer, forwards 0%; outflow was traced (hop 3) — possible final recipient.",3,False,1,0,8500.0,0.0,0.0,8,146.37002504292707,,True,True
100000002103448100,terminal,1.0,6,0.3,"Receives 27k KZT from 1 payer, forwards 0%; outflow was traced (hop 3) — possible final recipient.",3,False,1,0,27000.0,0.0,0.0,1,18.151253822332208,,True,True
100000002109656100,terminal,1.0,11,0.373565,"Receives 500k KZT from 1 payer, forwards 0%; outflow was traced (hop 3) — possible final recipient.",3,False,1,0,500000.0,0.0,0.0,2,160.36761694563504,,True,True
100000002116705100,terminal,1.0,6,0.29216,"Receives 18k KZT from 1 payer, forwards 0%; outflow was traced (hop 3) — possible final recipient.",3,False,1,0,17600.0,0.0,0.0,1,11.831928417520256,,True,True
100000002119762100,cutoff,0.7,4,0.33276,Hop-4 node: onward transfers were not traced (export limit). Receives 77k KZT from 1 payer.,4,False,1,0,77000.0,0.0,,7,38.9123335980822,,False,True
100000002121357100,peripheral,0.6,1,0.442814,"No role indicators: 2 payers, 1 recipient, 255k KZT in / 113k KZT out.",3,False,2,1,255300.0,113000.0,0.4426165295730513,8,92.71554960779169,,True,True
100000002126791100,cutoff,0.7,1,0.529758,Hop-4 node: onward transfers were not traced (export limit). Receives 1.3M KZT from 1 payer.,4,False,1,0,1313000.0,0.0,,9,1077.220334281605,,False,True
100000002130400100,cutoff,0.7,31,0.32502,Hop-4 node: onward transfers were not traced (export limit). Receives 10k KZT from 1 payer.,4,False,1,0,10000.0,0.0,,1,659.4182825484763,,False,True
100000002132479100,peripheral,0.6,16,0.44417,"No role indicators: 1 payer, 1 recipient, 30k KZT in / 20k KZT out.",2,False,1,1,30000.0,20000.0,0.6666666666666666,8,11805.775227431954,,True,True
100000002152857100,peripheral,0.6,8,0.418414,"No role indicators: 1 payer, 5 recipients, 105k KZT in / 1.2M KZT out.",1,False,1,5,105000.0,1230000.0,11.714285714285714,1,105000.0,,True,True
100000002156381100,peripheral,0.6,15,0.550287,"No role indicators: 2 payers, 1 recipient, 61k KZT in / 22k KZT out.",2,False,2,1,61000.0,21800.0,0.35737704918032787,8,2222.4658828143474,,True,True
100000002158488100,terminal,1.0,7,0.502502,"Receives 32k KZT from 1 payer, forwards 0%; outflow was traced (hop 1) — possible final recipient.",1,False,1,0,31723.0,0.0,0.0,1,32118.858448884872,,True,True
100000002170580100,terminal,1.0,10,0.416604,"Receives 150k KZT from 1 payer, forwards 0%; outflow was traced (hop 2) — possible final recipient.",2,False,1,0,150000.0,0.0,0.0,1,3497.156701626997,,True,True
100000002173070100,terminal,1.0,18,0.506695,"Receives 30k KZT from 1 payer, forwards 0%; outflow was traced (hop 2) — possible final recipient.",2,False,1,0,30000.0,0.0,0.0,7,6523.444628339532,,True,True
100000002173161100,terminal,1.0,1,0.785254,"Receives 1.4M KZT from 3 payers, forwards 0%; outflow was traced (hop 1) — possible final recipient.",1,False,3,0,1427500.0,0.0,0.0,9,880789.3544923068,,True,True
100000002175422100,peripheral,0.6,28,0.45448,"No role indicators: 3 payers, 6 recipients, 68k KZT in / 1.6M KZT out.",2,False,3,6,68500.0,1621188.0,23.66697810218978,7,7526.0039256353175,,True,True
100000002182176100,terminal,1.0,0,0.582685,"Receives 42k KZT from 1 payer, forwards 0%; outflow was traced (hop 1) — possible final recipient.",1,False,1,0,42465.0,0.0,0.0,7,42881.57633166283,,True,True
100000002184107100,terminal,1.0,17,0.376913,"Receives 6k KZT from 1 payer, forwards 0%; outflow was traced (hop 3) — possible final recipient.",3,False,1,0,6066.0,0.0,0.0,7,17.10095536034136,,True,True
100000002185328100,peripheral,0.6,18,0.342169,"No role indicators: 1 payer, 4 recipients, 15k KZT in / 55k KZT out.",3,False,1,4,15000.0,55000.0,3.6666666666666665,7,1202.5047738725762,,True,True
100000002188586100,cutoff,0.7,10,0.349219,Hop-4 node: onward transfers were not traced (export limit). Receives 38k KZT from 1 payer.,4,False,1,0,38310.0,0.0,,7,91.11379624039863,,False,True
100000002188829100,terminal,1.0,5,0.721497,"Receives 400k KZT from 1 payer, forwards 0%; outflow was traced (hop 1) — possible final recipient.",1,False,1,0,400000.0,0.0,0.0,10,423858.4606685223,,True,True
100000002193259100,peripheral,0.6,12,0.505514,"No role indicators: 2 payers, 3 recipients, 48k KZT in / 58k KZT out.",2,False,2,3,48000.0,58000.0,1.2083333333333333,8,1223.4493451908406,,True,True
100000002194320100,cutoff,0.7,2,0.475509,Hop-4 node: onward transfers were not traced (export limit). Receives 275k KZT from 1 payer.,4,False,1,0,275000.0,0.0,,7,865.583057513409,,False,True
100000002194329100,terminal,1.0,0,0.407418,"Receives 25k KZT from 1 payer, forwards 0%; outflow was traced (hop 3) — possible final recipient.",3,False,1,0,25170.0,0.0,0.0,7,21.401580236685813,,True,True
100000002199091100,terminal,1.0,19,0.396586,"Receives 65k KZT from 1 payer, forwards 0%; outflow was traced (hop 2) — possible final recipient.",2,False,1,0,65000.0,0.0,0.0,1,1130.948784794998,,True,True
100000002205022100,peripheral,0.6,18,0.459117,"No role indicators: 1 payer, 3 recipients, 7k KZT in / 518k KZT out.",2,False,1,3,7100.0,518000.0,72.95774647887323,10,7523.196237746388,,True,True
100000002208836100,cutoff,0.7,4,0.351777,Hop-4 node: onward transfers were not traced (export limit). Receives 90k KZT from 1 payer.,4,False,1,0,90000.0,0.0,,7,99.600333819497,,False,True
100000002211413100,terminal,1.0,7,0.506728,"Receives 37k KZT from 1 payer, forwards 0%; outflow was traced (hop 1) — possible final recipient.",1,False,1,0,37000.0,0.0,0.0,1,37461.70799132302,,True,True
100000002212494100,terminal,1.0,28,0.466715,"Receives 160k KZT from 1 payer, forwards 0%; outflow was traced (hop 3) — possible final recipient.",3,False,1,0,160000.0,0.0,0.0,7,741.735236065731,,True,True
100000002214207100,cutoff,0.7,31,0.377122,Hop-4 node: onward transfers were not traced (export limit). Receives 97k KZT from 1 payer.,4,False,1,0,97000.0,0.0,,1,10023.157894736842,,False,True
100000002214301100,peripheral,0.6,0,0.427333,"No role indicators: 1 payer, 1 recipient, 21k KZT in / 8k KZT out.",1,False,1,1,21438.0,8000.0,0.373169138912212,7,21648.304095094496,,True,True
100000002214383100,cutoff,0.7,56,0.231326,Hop-4 node: onward transfers were not traced (export limit). Receives 213k KZT from 1 payer.,4,False,1,0,213000.0,0.0,,1,11.563020953485704,,False,True
100000002214570100,terminal,1.0,7,0.498721,"Receives 26k KZT from 1 payer, forwards 0%; outflow was traced (hop 1) — possible final recipient.",1,False,1,0,26471.0,0.0,0.0,1,26801.32087130572,,True,True
100000002214664100,peripheral,0.6,57,0.146873,"No role indicators: 1 payer, 1 recipient, 8k KZT in / 77k KZT out.",3,False,1,1,7950.0,76950.0,9.679245283018869,1,5.344535847686706,,True,True
100000002216999100,terminal,1.0,6,0.296386,"Receives 24k KZT from 1 payer, forwards 0%; outflow was traced (hop 3) — possible final recipient.",3,False,1,0,23677.0,0.0,0.0,1,15.917305064865175,,True,True
100000002217161100,peripheral,0.6,17,0.425109,"No role indicators: 2 payers, 7 recipients, 405k KZT in / 995k KZT out.",2,False,2,7,404750.0,995132.0,2.4586337245213095,7,3074.5330596969143,,True,True
100000002217806100,cutoff,0.7,33,0.407271,Hop-4 node: onward transfers were not traced (export limit). Receives 55k KZT from 1 payer.,4,False,1,0,55000.0,0.0,,7,763.1724692332539,,False,True
100000002224132100,consolidator,0.5,25,0.804119,"Receives from 5 distinct payers, 4.0M KZT; forwards 307% — signs of consolidation.",2,False,5,4,3951020.0,12115000.0,3.0662968043695047,2,180978.59339330503,,True,True
100000002227960100,cutoff,0.7,18,0.362731,Hop-4 node: onward transfers were not traced (export limit). Receives 10k KZT from 1 payer.,4,False,1,0,10000.0,0.0,,7,141.1073470075779,,False,True
100000002227989100,cutoff,0.7,18,0.394148,Hop-4 node: onward transfers were not traced (export limit). Receives 20k KZT from 1 payer.,4,False,1,0,20000.0,0.0,,7,433.58439353237577,,False,True
100000002229615100,cutoff,0.7,18,0.418614,Hop-4 node: onward transfers were not traced (export limit). Receives 25k KZT from 1 payer.,4,False,1,0,25000.0,0.0,,7,1310.5395317376947,,False,True
100000002231144100,cutoff,0.7,18,0.386586,Hop-4 node: onward transfers were not traced (export limit). Receives 15k KZT from 1 payer.,4,False,1,0,15000.0,0.0,,7,325.1882951492818,,False,True
100000002232266100,terminal,1.0,3,0.444473,"Receives 45k KZT from 1 payer, forwards 0%; outflow was traced (hop 3) — possible final recipient.",3,False,1,0,45000.0,0.0,0.0,7,300.7449639811749,,True,True
100000002236528100,terminal,1.0,20,0.482306,"Receives 66k KZT from 1 payer, forwards 0%; outflow was traced (hop 3) — possible final recipient.",3,False,1,0,66000.0,0.0,0.0,7,173.088378721976,,True,True
100000002241986100,peripheral,0.6,4,0.31103,"No role indicators: 1 payer, 6 recipients, 280k KZT in / 3.1M KZT out.",3,False,1,6,280000.0,3077000.0,10.989285714285714,7,320.56667652214577,,True,True
100000002242066100,cutoff,0.7,17,0.322084,Hop-4 node: onward transfers were not traced (export limit). Receives 60k KZT from 1 payer.,4,False,1,0,60000.0,0.0,,7,22.55156543451685,,False,True
100000002242455100,cutoff,0.7,4,0.359228,Hop-4 node: onward transfers were not traced (export limit). Receives 110k KZT from 1 payer.,4,False,1,0,110000.0,0.0,,7,125.89284399379537,,False,True
100000002243354100,terminal,1.0,7,0.489379,"Receives 21k KZT from 1 payer, forwards 0%; outflow was traced (hop 1) — possible final recipient.",1,False,1,0,20879.0,0.0,0.0,1,21139.540571644146,,True,True
100000002255058100,terminal,1.0,18,0.41994,"Receives 492k KZT from 1 payer, forwards 0%; outflow was traced (hop 3) — possible final recipient.",3,False,1,0,491500.0,0.0,0.0,1,4355.454002274546,,True,True
100000002257794100,terminal,1.0,34,0.3878,"Receives 154k KZT from 1 payer, forwards 0%; outflow was traced (hop 3) — possible final recipient.",3,False,1,0,154000.0,0.0,0.0,1,753.7770920076567,,True,True
100000002258492100,cutoff,0.7,21,0.530725,Hop-4 node: onward transfers were not traced (export limit). Receives 9k KZT from 1 payer.,4,False,1,0,9000.0,0.0,,8,453.56006857554223,,False,True
100000002267998100,peripheral,0.6,24,0.494504,"No role indicators: 2 payers, 3 recipients, 420k KZT in / 1.1M KZT out.",2,False,2,3,420000.0,1115000.0,2.6547619047619047,7,52298.96150619608,,True,True
100000002284426100,terminal,1.0,4,0.412667,"Receives 90k KZT from 1 payer, forwards 0%; outflow was traced (hop 3) — possible final recipient.",3,False,1,0,90000.0,0.0,0.0,7,103.03928888211827,,True,True
100000002289937100,terminal,1.0,7,0.488156,"Receives 20k KZT from 1 payer, forwards 0%; outflow was traced (hop 1) — possible final recipient.",1,False,1,0,20000.0,0.0,0.0,1,20249.571887201633,,True,True
100000002293421100,peripheral,0.6,18,0.482493,"No role indicators: 2 payers, 2 recipients, 41k KZT in / 47k KZT out.",2,False,2,2,41000.0,47000.0,1.146341463414634,7,34815.92648919666,,True,True
100000002299948100,terminal,1.0,30,0.532017,"Receives 7k KZT from 1 payer, forwards 0%; outflow was traced (hop 2) — possible final recipient.",2,False,1,0,6750.0,0.0,0.0,8,1005.0500099128701,,True,True
100000002301828100,terminal,1.0,17,0.416782,"Receives 47k KZT from 1 payer, forwards 0%; outflow was traced (hop 3) — possible final recipient.",3,False,1,0,46977.0,0.0,0.0,7,116.35215789724086,,True,True
100000002304943100,cutoff,0.7,18,0.374464,Hop-4 node: onward transfers were not traced (export limit). Receives 15k KZT from 1 payer.,4,False,1,0,15000.0,0.0,,7,211.66102051136687,,False,True
100000002305007100,terminal,1.0,6,0.312511,"Receives 56k KZT from 1 payer, forwards 0%; outflow was traced (hop 3) — possible final recipient.",3,False,1,0,56000.0,0.0,0.0,1,37.64704496483718,,True,True
100000002305477100,cutoff,0.7,18,0.38236,Hop-4 node: onward transfers were not traced (export limit). Receives 20k KZT from 1 payer.,4,False,1,0,20000.0,0.0,,7,282.2146940151558,,False,True
100000002306369100,peripheral,0.6,3,0.43425,"No role indicators: 1 payer, 6 recipients, 73k KZT in / 261k KZT out.",1,False,1,6,73166.0,260900.0,3.5658639258672062,7,73883.74929665471,,True,True
100000002308091100,terminal,1.0,11,0.406706,"Receives 187k KZT from 1 payer, forwards 0%; outflow was traced (hop 3) — possible final recipient.",3,False,1,0,186720.0,0.0,0.0,1,1965.3271994947766,,True,True
100000002320495100,cutoff,0.7,4,0.337653,Hop-4 node: onward transfers were not traced (export limit). Receives 14k KZT from 1 payer.,4,False,1,0,13526.27,0.0,,7,51.280795430567444,,False,True
100000002324543100,terminal,1.0,9,0.525612,"Receives 30k KZT from 1 payer, forwards 0%; outflow was traced (hop 1) — possible final recipient.",1,False,1,0,30202.0,0.0,0.0,1,30202.0,,True,True
100000002335358100,terminal,1.0,2,0.643383,"Receives 140k KZT from 1 payer, forwards 0%; outflow was traced (hop 2) — possible final recipient.",2,False,1,0,140000.0,0.0,0.0,7,141578.77626584683,,True,True
100000002340562100,terminal,1.0,9,0.531061,"Receives 37k KZT from 1 payer, forwards 0%; outflow was traced (hop 2) — possible final recipient.",2,False,1,0,36650.0,0.0,0.0,1,36650.0,,True,True
100000002343825100,peripheral,0.6,1,0.490645,"No role indicators: 3 payers, 2 recipients, 350k KZT in / 90k KZT out.",3,False,3,2,350000.0,89800.0,0.25657142857142856,8,307.9717640084796,,True,True
100000002346166100,terminal,1.0,6,0.280371,"Receives 6k KZT from 1 payer, forwards 0%; outflow was traced (hop 3) — possible final recipient.",3,False,1,0,6000.0,0.0,0.0,1,4.033611960518269,,True,True
100000002356167100,peripheral,0.6,4,0.313198,"No role indicators: 1 payer, 2 recipients, 300k KZT in / 30k KZT out.",3,False,1,2,300000.0,29500.0,0.09833333333333333,7,343.46429627372754,,True,True
100000002369443100,terminal,1.0,6,0.310176,"Receives 50k KZT from 1 payer, forwards 0%; outflow was traced (hop 3) — possible final recipient.",3,False,1,0,50000.0,0.0,0.0,1,33.61343300431891,,True,True
100000002369454100,cutoff,0.7,3,0.367402,Hop-4 node: onward transfers were not traced (export limit). Receives 25k KZT from 1 payer.,4,False,1,0,25000.0,0.0,,7,166.77370470810712,,False,True
100000002369510100,terminal,1.0,6,0.305227,"Receives 37k KZT from 1 payer, forwards 0%; outflow was traced (hop 3) — possible final recipient.",3,False,1,0,37150.0,0.0,0.0,1,24.974780722208948,,True,True
100000002369874100,terminal,1.0,1,0.672453,"Receives 600k KZT from 4 payers, forwards 0%; outflow was traced (hop 3) — possible final recipient.",3,False,4,0,600000.0,0.0,0.0,9,1010.1003409116934,,True,True
100000002371751100,peripheral,0.6,45,0.443948,"No role indicators: 1 payer, 1 recipient, 200k KZT in / 250k KZT out.",1,False,1,1,200000.0,250000.0,1.25,1,200000.0,,True,True
100000002371892100,cutoff,0.7,2,0.407671,Hop-4 node: onward transfers were not traced (export limit). Receives 44k KZT from 1 payer.,4,False,1,0,43830.0,0.0,,7,62.09855293036343,,False,True
100000002373144100,peripheral,0.6,3,0.301355,"No role indicators: 1 payer, 1 recipient, 46k KZT in / 11k KZT out.",3,False,1,1,46468.0,10764.0,0.2316432813979513,7,227.15197825216813,,True,True
100000002373386100,terminal,1.0,6,0.296608,"Receives 24k KZT from 1 payer, forwards 0%; outflow was traced (hop 3) — possible final recipient.",3,False,1,0,24000.0,0.0,0.0,1,16.134447842073076,,True,True
100000002380341100,terminal,1.0,0,0.420874,"Receives 58k KZT from 1 payer, forwards 0%; outflow was traced (hop 3) — possible final recipient.",3,False,1,0,57566.4,0.0,0.0,7,45.10737264933276,,True,True
100000002391278100,peripheral,0.6,8,0.320549,"No role indicators: 1 payer, 1 recipient, 30k KZT in / 53k KZT out.",3,False,1,1,30000.0,52700.0,1.7566666666666666,1,1184.0318805723966,,True,True
100000002394199100,peripheral,0.6,9,0.408628,"No role indicators: 1 payer, 1 recipient, 277k KZT in / 77k KZT out.",3,False,1,1,277398.0,76777.0,0.2767756076107254,1,56103.04984197722,,True,True
100000002398779100,consolidator,1.0,0,0.840852,"Receives from 13 distinct payers, 1.1M KZT; forwards 6% — signs of consolidation.",2,False,13,1,1095690.0,66000.0,0.06023601566136407,8,30674.117224821483,,True,True
100000002404112100,cutoff,0.7,27,0.319304,Hop-4 node: onward transfers were not traced (export limit). Receives 60k KZT from 1 payer.,4,False,1,0,60000.0,0.0,,7,18.41685060918374,,False,True
100000002432143100,terminal,1.0,5,0.64385,"Receives 81k KZT from 1 payer, forwards 0%; outflow was traced (hop 2) — possible final recipient.",2,False,1,0,81310.0,0.0,0.0,9,12133.423685257672,,True,True
100000002433697100,peripheral,0.6,4,0.289233,"No role indicators: 1 payer, 1 recipient, 130k KZT in / 110k KZT out.",3,False,1,1,130000.0,110000.0,0.8461538461538461,7,148.83452838528194,,True,True
100000002435265100,terminal,1.0,0,0.44167,"Receives 133k KZT from 1 payer, forwards 0%; outflow was traced (hop 3) — possible final recipient.",3,False,1,0,132628.0,0.0,0.0,7,112.77110781212417,,True,True
100000002443664100,terminal,1.0,1,0.707629,"Receives 557k KZT from 3 payers, forwards 0%; outflow was traced (hop 2) — possible final recipient.",2,False,3,0,556880.0,0.0,0.0,9,8869.68413976648,,True,True
100000002445750100,peripheral,0.6,0,0.450465,"No role indicators: 1 payer, 1 recipient, 70k KZT in / 10k KZT out.",2,False,1,1,70000.0,10000.0,0.14285714285714285,7,47404.014523319274,,True,True
100000002448088100,peripheral,0.6,18,0.422896,"No role indicators: 3 payers, 1 recipient, 20k KZT in / 25k KZT out.",3,False,3,1,20000.0,25000.0,1.25,7,1346.9447306738698,,True,True
100000002454724100,terminal,1.0,11,0.43413,"Receives 125k KZT from 1 payer, forwards 0%; outflow was traced (hop 2) — possible final recipient.",2,False,1,0,125000.0,0.0,0.0,7,207.11456620217712,,True,True
100000002457464100,terminal,1.0,5,0.622587,"Receives 67k KZT from 1 payer, forwards 0%; outflow was traced (hop 2) — possible final recipient.",2,False,1,0,66647.0,0.0,0.0,8,9054.511037596289,,True,True
100000002459093100,peripheral,0.6,8,0.400398,"No role indicators: 1 payer, 1 recipient, 500k KZT in / 55k KZT out.",2,False,1,1,500000.0,55000.0,0.11,1,42682.92682926829,,True,True
100000002459163100,terminal,1.0,43,0.548988,"Receives 20k KZT from 1 payer, forwards 0%; outflow was traced (hop 2) — possible final recipient.",2,False,1,0,20180.0,0.0,0.0,1,37635.6464391692,,True,True
100000002459164100,terminal,1.0,17,0.467938,"Receives 20k KZT from 1 payer, forwards 0%; outflow was traced (hop 3) — possible final recipient.",3,False,1,0,20000.0,0.0,0.0,7,786.8756399612246,,True,True
100000002459240100,terminal,1.0,4,0.428459,"Receives 150k KZT from 1 payer, forwards 0%; outflow was traced (hop 3) — possible final recipient.",3,False,1,0,150000.0,0.0,0.0,7,171.73214813686377,,True,True
100000002459832100,terminal,1.0,22,0.550879,"Receives 881k KZT from 2 payers, forwards 0%; outflow was traced (hop 3) — possible final recipient.",3,False,2,0,880606.0,0.0,0.0,7,1751.6701519673945,,True,True
100000002462183100,terminal,1.0,38,0.570763,"Receives 108k KZT from 1 payer, forwards 0%; outflow was traced (hop 1) — possible final recipient.",1,False,1,0,107500.0,0.0,0.0,1,107500.0,,True,True
100000002469065100,terminal,1.0,18,0.557462,"Receives 200k KZT from 1 payer, forwards 0%; outflow was traced (hop 2) — possible final recipient.",2,False,1,0,200000.0,0.0,0.0,7,43489.63085559687,,True,True
100000002472632100,terminal,0.6019,26,0.571341,"Receives 502k KZT from 2 payers, forwards 4%; outflow was traced (hop 3) — possible final recipient.",3,False,2,1,502400.0,20000.0,0.03980891719745223,7,6071.447126281881,,True,True
100000002474570100,cutoff,0.7,8,0.270772,Hop-4 node: onward transfers were not traced (export limit). Receives 7k KZT from 1 payer.,4,False,1,0,6750.0,0.0,,1,0.3264898352074354,,False,True
100000002475601100,terminal,1.0,22,0.378681,"Receives 232k KZT from 1 payer, forwards 0%; outflow was traced (hop 3) — possible final recipient.",3,False,1,0,232301.0,0.0,0.0,1,500.8223427486461,,True,True
100000002478829100,cutoff,0.7,18,0.383694,Hop-4 node: onward transfers were not traced (export limit). Receives 34k KZT from 1 payer.,4,False,1,0,34000.0,0.0,,7,295.7221949540478,,False,True
100000002479804100,peripheral,0.6,5,0.394304,"No role indicators: 1 payer, 2 recipients, 46k KZT in / 35k KZT out.",1,False,1,2,46000.0,35300.0,0.7673913043478261,1,46000.0,,True,True
100000002480800100,terminal,1.0,3,0.73522,"Receives 569k KZT from 2 payers, forwards 0%; outflow was traced (hop 1) — possible final recipient.",1,False,2,0,569251.0,0.0,0.0,10,245404.30813885052,,True,True
100000002481735100,terminal,1.0,2,0.5999,"Receives 22k KZT from 1 payer, forwards 0%; outflow was traced (hop 2) — possible final recipient.",2,False,1,0,22436.0,0.0,0.0,7,20444.839950649628,,True,True
100000002481974100,peripheral,0.6,14,0.439789,"No role indicators: 2 payers, 2 recipients, 89k KZT in / 318k KZT out.",3,False,2,2,89447.0,318000.0,3.5551779265934016,7,213.13053361783034,,True,True
100000002487222100,cutoff,0.7,4,0.335763,Hop-4 node: onward transfers were not traced (export limit). Receives 90k KZT from 1 payer.,4,False,1,0,90000.0,0.0,,7,48.18219085264158,,False,True
100000002488629100,terminal,1.0,8,0.508708,"Receives 73k KZT from 1 payer, forwards 0%; outflow was traced (hop 2) — possible final recipient.",2,False,1,0,73050.0,0.0,0.0,1,17532.467532467534,,True,True
100000002489253100,terminal,1.0,2,0.545518,"Receives 51k KZT from 1 payer, forwards 0%; outflow was traced (hop 2) — possible final recipient.",2,False,1,0,51000.0,0.0,0.0,7,1456.6898553065087,,True,True
100000002492277100,terminal,1.0,0,0.511844,"Receives 138k KZT from 1 payer, forwards 0%; outflow was traced (hop 2) — possible final recipient.",2,False,1,0,138500.0,0.0,0.0,7,1976.5980831444479,,True,True
100000002505277100,cutoff,0.7,0,0.333794,Hop-4 node: onward transfers were not traced (export limit). Receives 60k KZT from 1 payer.,4,False,1,0,60000.0,0.0,,7,10.193942166578562,,False,True
100000002506987100,cutoff,0.7,10,0.344104,Hop-4 node: onward transfers were not traced (export limit). Receives 28k KZT from 1 payer.,4,False,1,0,28200.0,0.0,,7,67.06888681752132,,False,True
100000002508637100,terminal,0.7389,22,0.385131,"Receives 306k KZT from 1 payer, forwards 3%; outflow was traced (hop 3) — possible final recipient.",3,False,1,1,306410.0,8000.0,0.02610880845925394,1,660.5954087223588,,True,True
100000002509598100,terminal,1.0,11,0.359108,"Receives 306k KZT from 1 payer, forwards 0%; outflow was traced (hop 3) — possible final recipient.",3,False,1,0,305550.0,0.0,0.0,2,98.00065071547758,,True,True
100000002511581100,terminal,1.0,6,0.29216,"Receives 18k KZT from 1 payer, forwards 0%; outflow was traced (hop 3) — possible final recipient.",3,False,1,0,17600.0,0.0,0.0,1,11.831928417520256,,True,True
100000002511825100,terminal,1.0,0,0.593027,"Receives 65k KZT from 1 payer, forwards 0%; outflow was traced (hop 1) — possible final recipient.",1,False,1,0,65000.0,0.0,0.0,7,65637.64185936851,,True,True
100000002512742100,cutoff,0.7,8,0.270605,Hop-4 node: onward transfers were not traced (export limit). Receives 6k KZT from 1 payer.,4,False,1,0,6000.0,0.0,,1,0.2902131868510537,,False,True
100000002513028100,peripheral,0.6,0,0.325687,"No role indicators: 1 payer, 3 recipients, 10k KZT in / 333k KZT out.",3,False,1,3,9500.0,332709.0,35.022,7,216.47073651705915,,True,True
100000002514975100,cutoff,0.7,27,0.298952,Hop-4 node: onward transfers were not traced (export limit). Receives 18k KZT from 1 payer.,4,False,1,0,17920.0,0.0,,7,3.5298963667602163,,False,True
100000002516862100,cutoff,0.7,0,0.364544,Hop-4 node: onward transfers were not traced (export limit). Receives 82k KZT from 1 payer.,4,False,1,0,81710.0,0.0,,7,53.12923695212528,,False,True
100000002521039100,terminal,1.0,0,0.469695,"Receives 349k KZT from 1 payer, forwards 0%; outflow was traced (hop 3) — possible final recipient.",3,False,1,0,349370.0,0.0,0.0,7,297.0627766106842,,True,True
100000002527114100,distributor,1.0,7,0.190723,Fans out to 111 recipients (3.3M KZT) against 3 payers — pattern consistent with a distribution layer.,0,True,3,111,129000.0,3289249.0,,0,0.0,,True,False
100000002528544100,terminal,1.0,22,0.373565,"Receives 193k KZT from 1 payer, forwards 0%; outflow was traced (hop 3) — possible final recipient.",3,False,1,0,192912.0,0.0,0.0,1,415.9028148149462,,True,True
100000002528978100,cutoff,0.7,10,0.331759,Hop-4 node: onward transfers were not traced (export limit). Receives 16k KZT from 1 payer.,4,False,1,0,15900.0,0.0,,7,37.81543618434712,,False,True
100000002529877100,cutoff,0.7,1,0.396395,Hop-4 node: onward transfers were not traced (export limit). Receives 232k KZT from 1 payer.,4,False,1,0,232000.0,0.0,,8,0.8847572017805988,,False,True
100000002529880100,terminal,1.0,1,0.61974,"Receives 147k KZT from 2 payers, forwards 0%; outflow was traced (hop 3) — possible final recipient.",3,False,2,0,147000.0,0.0,0.0,8,387.5471601396364,,True,True
100000002530224100,terminal,1.0,1,0.53849,"Receives 113k KZT from 1 payer, forwards 0%; outflow was traced (hop 3) — possible final recipient.",3,False,1,0,113000.0,0.0,0.0,9,142.36765891539233,,True,True
100000002531406100,transit,0.8077,22,0.396475,In 520k KZT / out 500k KZT (ratio 0.96) — pattern consistent with transit.,3,False,1,1,520000.0,500000.0,0.9615384615384616,1,1121.078334700651,,True,True
100000002534091100,terminal,1.0,3,0.438801,"Receives 22k KZT from 1 payer, forwards 0%; outflow was traced (hop 3) — possible final recipient.",3,False,1,0,22200.0,0.0,0.0,7,243.42217817334404,,True,True
100000002537811100,peripheral,0.6,5,0.541412,"No role indicators: 1 payer, 1 recipient, 52k KZT in / 15k KZT out.",3,False,1,1,52000.0,15000.0,0.28846153846153844,11,21822.384396150548,,True,True
100000002539625100,terminal,1.0,1,0.619562,"Receives 95k KZT from 1 payer, forwards 0%; outflow was traced (hop 2) — possible final recipient.",2,False,1,0,94700.0,0.0,0.0,9,5917.196187609863,,True,True
100000002540033100,cutoff,0.7,1,0.454357,Hop-4 node: onward transfers were not traced (export limit). Receives 10k KZT from 1 payer.,4,False,1,0,10000.0,0.0,,9,53.52228559281639,,False,True
100000002540623100,terminal,1.0,10,0.40982,"Receives 100k KZT from 1 payer, forwards 0%; outflow was traced (hop 2) — possible final recipient.",2,False,1,0,100000.0,0.0,0.0,1,2331.437801084665,,True,True
100000002546921100,terminal,1.0,16,0.381194,"Receives 20k KZT from 1 payer, forwards 0%; outflow was traced (hop 3) — possible final recipient.",3,False,1,0,20000.0,0.0,0.0,7,21.166168342953128,,True,True
100000002547110100,consolidator,0.6,1,0.796679,"Receives from 6 distinct payers, 1.5M KZT; forwards 0% — signs of consolidation. Also matches: terminal.",3,False,6,0,1500000.0,0.0,0.0,8,2304.5169751984167,terminal,True,True
100000002548759100,terminal,1.0,1,0.636666,"Receives 375k KZT from 2 payers, forwards 0%; outflow was traced (hop 3) — possible final recipient.",3,False,2,0,375000.0,0.0,0.0,9,435.5309154827417,,True,True
100000002550141100,terminal,1.0,14,0.500856,"Receives 101k KZT from 1 payer, forwards 0%; outflow was traced (hop 3) — possible final recipient.",3,False,1,0,100586.0,0.0,0.0,7,167.6199093207656,,True,True
100000002554175100,terminal,1.0,10,0.431906,"Receives 25k KZT from 1 payer, forwards 0%; outflow was traced (hop 3) — possible final recipient.",3,False,1,0,24621.0,0.0,0.0,7,189.89244855764068,,True,True
100000002556775100,terminal,1.0,4,0.448198,"Receives 300k KZT from 1 payer, forwards 0%; outflow was traced (hop 3) — possible final recipient.",3,False,1,0,300000.0,0.0,0.0,7,343.46429627372754,,True,True
100000002558173100,terminal,1.0,30,0.538468,"Receives 9k KZT from 1 payer, forwards 0%; outflow was traced (hop 2) — possible final recipient.",2,False,1,0,9300.0,0.0,0.0,8,1384.7355692132876,,True,True
100000002559089100,terminal,1.0,1,0.674032,"Receives 715k KZT from 2 payers, forwards 0%; outflow was traced (hop 3) — possible final recipient.",3,False,2,0,715000.0,0.0,0.0,9,2674.5794385204426,,True,True
100000002565277100,terminal,1.0,5,0.722609,"Receives 483k KZT from 1 payer, forwards 0%; outflow was traced (hop 1) — possible final recipient.",1,False,1,0,483319.0,0.0,0.0,10,512147.1183796238,,True,True
100000002566204100,terminal,1.0,10,0.40615,"Receives 81k KZT from 1 payer, forwards 0%; outflow was traced (hop 2) — possible final recipient.",2,False,1,0,80805.0,0.0,0.0,1,1883.9183151664633,,True,True
100000002567887100,terminal,1.0,4,0.40099,"Receives 51k KZT from 1 payer, forwards 0%; outflow was traced (hop 3) — possible final recipient.",3,False,1,0,50915.0,0.0,0.0,7,58.291615482589464,,True,True
100000002570206100,terminal,1.0,4,0.55377,"Receives 167k KZT from 2 payers, forwards 0%; outflow was traced (hop 2) — possible final recipient.",2,False,2,0,166959.6,0.0,0.0,7,2082.712326007503,,True,True
100000002575080100,transit,1.0,2,0.537066,"In 13k KZT / out 12k KZT (ratio 0.96), 100% forwarded within 2 days — pattern consistent with transit.",3,False,1,1,13000.0,12500.0,0.9615384615384616,7,980.9576166810476,,True,True
100000002578405100,distributor,1.0,6,0.504855,Fans out to 116 recipients (3.1M KZT) against 2 payers — pattern consistent with a distribution layer.,2,False,2,116,1200351.0,3108352.0,2.589535894084314,1,2091.266792152736,,True,True
100000002578653100,terminal,1.0,0,0.491381,"Receives 20k KZT from 1 payer, forwards 0%; outflow was traced (hop 3) — possible final recipient.",3,False,1,0,20000.0,0.0,0.0,7,693.8976537658591,,True,True
100000002580377100,peripheral,0.6,2,0.484028,"No role indicators: 1 payer, 1 recipient, 38k KZT in / 5k KZT out.",1,False,1,1,37750.0,5000.0,0.13245033112582782,7,38180.506774151974,,True,True
100000002581346100,terminal,1.0,4,0.432129,"Receives 166k KZT from 1 payer, forwards 0%; outflow was traced (hop 3) — possible final recipient.",3,False,1,0,166400.0,0.0,0.0,7,190.5081963331609,,True,True
100000002589019100,terminal,1.0,12,0.507774,"Receives 35k KZT from 1 payer, forwards 0%; outflow was traced (hop 1) — possible final recipient.",1,False,1,0,34710.0,0.0,0.0,1,34710.0,,True,True
100000002591469100,terminal,1.0,9,0.562645,"Receives 236k KZT from 1 payer, forwards 0%; outflow was traced (hop 1) — possible final recipient.",1,False,1,0,235670.0,0.0,0.0,1,235670.0,,True,True
100000002592567100,peripheral,0.6,2,0.432871,"No role indicators: 1 payer, 2 recipients, 5k KZT in / 49k KZT out.",1,False,1,2,5297.0,48600.0,9.175004719652634,7,5357.407798216768,,True,True
100000002593038100,terminal,1.0,12,0.586933,"Receives 28k KZT from 1 payer, forwards 0%; outflow was traced (hop 2) — possible final recipient.",2,False,1,0,28500.0,0.0,0.0,8,2585.439858307746,,True,True
100000002593344100,terminal,1.0,1,0.665136,"Receives 431k KZT from 2 payers, forwards 0%; outflow was traced (hop 3) — possible final recipient.",3,False,2,0,431000.0,0.0,0.0,9,1590.9210084620604,,True,True
100000002594214100,cutoff,0.7,4,0.353112,Hop-4 node: onward transfers were not traced (export limit). Receives 1.0M KZT from 1 payer.,4,False,1,0,1000000.0,0.0,,7,104.14511276704789,,False,True
100000002596035100,terminal,1.0,15,0.715113,"Receives 232k KZT from 1 payer, forwards 0%; outflow was traced (hop 1) — possible final recipient.",1,False,1,0,231570.0,0.0,0.0,8,249262.08038755637,,True,True
100000002596039100,cutoff,0.7,14,0.383027,Hop-4 node: onward transfers were not traced (export limit). Receives 280k KZT from 1 payer.,4,False,1,0,280000.0,0.0,,7,11.349938314083028,,False,True
100000002597003100,peripheral,0.6,0,0.421661,"No role indicators: 1 payer, 1 recipient, 18k KZT in / 11k KZT out.",1,False,1,1,17700.0,11000.0,0.6214689265536724,7,17873.634783243426,,True,True
100000002597074100,cutoff,0.7,3,0.328312,Hop-4 node: onward transfers were not traced (export limit). Receives 8k KZT from 1 payer.,4,False,1,0,8000.0,0.0,,7,32.63834676138565,,False,True
100000002597623100,terminal,1.0,0,0.399299,"Receives 16k KZT from 1 payer, forwards 0%; outflow was traced (hop 3) — possible final recipient.",3,False,1,0,16418.0,0.0,0.0,7,13.959918328403164,,True,True
100000002599729100,cutoff,0.7,0,0.361986,Hop-4 node: onward transfers were not traced (export limit). Receives 65k KZT from 1 payer.,4,False,1,0,65000.0,0.0,,7,49.005253227875066,,False,True
100000002600345100,terminal,1.0,2,0.693072,"Receives 52k KZT from 2 payers, forwards 0%; outflow was traced (hop 1) — possible final recipient.",1,False,2,0,52400.0,0.0,0.0,7,48021.7825966012,,True,True
100000002603371100,terminal,1.0,0,0.389624,"Receives 9k KZT from 1 payer, forwards 0%; outflow was traced (hop 3) — possible final recipient.",3,False,1,0,9300.0,0.0,0.0,7,7.287212082721774,,True,True
100000002603478100,terminal,1.0,12,0.496152,"Receives 24k KZT from 1 payer, forwards 0%; outflow was traced (hop 1) — possible final recipient.",1,False,1,0,23500.0,0.0,0.0,1,23500.0,,True,True
100000002603769100,terminal,1.0,0,0.684875,"Receives 1.2M KZT from 3 payers, forwards 0%; outflow was traced (hop 1) — possible final recipient.",1,False,3,0,1185368.0,0.0,0.0,7,171372.76301756134,,True,True
100000002605184100,terminal,1.0,2,0.609798,"Receives 140k KZT from 1 payer, forwards 0%; outflow was traced (hop 2) — possible final recipient.",2,False,1,0,140000.0,0.0,0.0,7,26645.05999992063,,True,True
100000002605308100,terminal,1.0,16,0.72262,"Receives 2.6M KZT from 3 payers, forwards 0%; outflow was traced (hop 2) — possible final recipient.",2,False,3,0,2569521.84,0.0,0.0,11,39210.250678121294,,True,True
100000002605548100,terminal,1.0,15,0.795985,"Receives 117k KZT from 2 payers, forwards 0%; outflow was traced (hop 1) — possible final recipient.",1,False,2,0,116695.0,0.0,0.0,10,102072.48203656725,,True,True
100000002606567100,peripheral,0.6,0,0.415879,"No role indicators: 1 payer, 1 recipient, 14k KZT in / 53k KZT out.",1,False,1,1,14095.0,53000.0,3.7601986520042567,7,14233.27018473537,,True,True
100000002609774100,peripheral,0.6,8,0.434161,"No role indicators: 1 payer, 1 recipient, 8k KZT in / 28k KZT out.",1,False,1,1,7700.0,27500.0,3.5714285714285716,7,7787.811977774045,,True,True
100000002611334100,peripheral,0.6,0,0.282871,"No role indicators: 1 payer, 1 recipient, 48k KZT in / 16k KZT out.",3,False,1,1,48288.0,15500.0,0.3209907223326706,7,37.8370857043515,,True,True
100000002612809100,peripheral,0.6,31,0.296005,"No role indicators: 1 payer, 3 recipients, 30k KZT in / 114k KZT out.",3,False,1,3,30000.0,114000.0,3.8,1,7517.368421052632,,True,True
100000002613776100,terminal,1.0,13,0.476724,"Receives 30k KZT from 1 payer, forwards 0%; outflow was traced (hop 2) — possible final recipient.",2,False,1,0,30000.0,0.0,0.0,7,1180.3620817898895,,True,True
100000002613929100,terminal,1.0,9,0.606439,"Receives 29k KZT from 1 payer, forwards 0%; outflow was traced (hop 3) — possible final recipient.",3,False,1,0,28560.0,0.0,0.0,8,2390.2781230739715,,True,True
100000002614095100,terminal,1.0,6,0.280038,"Receives 5k KZT from 1 payer, forwards 0%; outflow was traced (hop 3) — possible final recipient.",3,False,1,0,5300.0,0.0,0.0,1,3.563023898457804,,True,True
100000002615479100,terminal,1.0,9,0.5622,"Receives 220k KZT from 1 payer, forwards 0%; outflow was traced (hop 1) — possible final recipient.",1,False,1,0,220000.0,0.0,0.0,1,220000.0,,True,True
100000002618492100,terminal,1.0,15,0.779037,"Receives 296k KZT from 2 payers, forwards 0%; outflow was traced (hop 1) — possible final recipient.",1,False,2,0,296500.0,0.0,0.0,8,194362.05555610693,,True,True
100000002621434100,terminal,1.0,1,0.527925,"Receives 81k KZT from 1 payer, forwards 0%; outflow was traced (hop 3) — possible final recipient.",3,False,1,0,81000.0,0.0,0.0,9,102.0511537358122,,True,True
100000002621915100,terminal,1.0,2,0.56637,"Receives 5k KZT from 1 payer, forwards 0%; outflow was traced (hop 2) — possible final recipient.",2,False,1,0,5000.0,0.0,0.0,7,5056.9178634140535,,True,True
100000002621949100,terminal,1.0,5,0.713935,"Receives 165k KZT from 1 payer, forwards 0%; outflow was traced (hop 1) — possible final recipient.",1,False,1,0,164612.0,0.0,0.0,10,174430.47231891696,,True,True
100000002622822100,cutoff,0.7,1,0.45825,Hop-4 node: onward transfers were not traced (export limit). Receives 750k KZT from 1 payer.,4,False,1,0,750000.0,0.0,,9,63.41210545657212,,False,True
100000002628146100,terminal,1.0,30,0.558708,"Receives 30k KZT from 1 payer, forwards 0%; outflow was traced (hop 2) — possible final recipient.",2,False,1,0,30500.0,0.0,0.0,8,4541.337081828524,,True,True
100000002628576100,peripheral,0.6,4,0.400309,"No role indicators: 2 payers, 2 recipients, 728k KZT in / 539k KZT out.",3,False,2,2,727882.0,539000.0,0.7405046422359668,7,805.8529956364529,,True,True
100000002632742100,terminal,1.0,1,0.578258,"Receives 236k KZT from 2 payers, forwards 0%; outflow was traced (hop 3) — possible final recipient.",3,False,2,0,235500.0,0.0,0.0,8,94.43073051663052,,True,True
100000002633108100,terminal,1.0,16,0.44792,"Receives 320k KZT from 1 payer, forwards 0%; outflow was traced (hop 3) — possible final recipient.",3,False,1,0,320000.0,0.0,0.0,7,338.65869348725005,,True,True
100000002633701100,terminal,1.0,1,0.510576,"Receives 267k KZT from 1 payer, forwards 0%; outflow was traced (hop 2) — possible final recipient.",2,False,1,0,266850.0,0.0,0.0,1,30439.149524273187,,True,True
100000002635746100,cutoff,0.7,8,0.270105,Hop-4 node: onward transfers were not traced (export limit). Receives 5k KZT from 1 payer.,4,False,1,0,5300.0,0.0,,1,0.2563549817184307,,False,True
100000002635780100,terminal,1.0,9,0.702213,"Receives 163k KZT from 1 payer, forwards 0%; outflow was traced (hop 2) — possible final recipient.",2,False,1,0,163000.02,0.0,0.0,9,84442.77545335627,,True,True
100000002644285100,terminal,1.0,11,0.373565,"Receives 500k KZT from 1 payer, forwards 0%; outflow was traced (hop 3) — possible final recipient.",3,False,1,0,500000.0,0.0,0.0,2,160.36761694563504,,True,True
100000002645046100,cutoff,0.7,8,0.271995,Hop-4 node: onward transfers were not traced (export limit). Receives 12k KZT from 1 payer.,4,False,1,0,12000.0,0.0,,1,0.5804263737021074,,False,True
100000002645609100,terminal,1.0,0,0.670162,"Receives 547k KZT from 4 payers, forwards 0%; outflow was traced (hop 1) — possible final recipient.",1,False,4,0,546820.6799999999,0.0,0.0,7,47943.535067279314,,True,True
100000002645993100,peripheral,0.6,0,0.351577,"No role indicators: 2 payers, 5 recipients, 50k KZT in / 87k KZT out.",3,False,2,5,49650.0,86980.0,1.7518630412890233,7,41.28252490924721,,True,True
100000002646745100,terminal,1.0,6,0.285821,"Receives 12k KZT from 1 payer, forwards 0%; outflow was traced (hop 3) — possible final recipient.",3,False,1,0,12300.0,0.0,0.0,1,8.26890451906245,,True,True
100000002646887100,terminal,1.0,29,0.407996,"Receives 24k KZT from 1 payer, forwards 0%; outflow was traced (hop 3) — possible final recipient.",3,False,1,0,24354.0,0.0,0.0,7,84.01097560337067,,True,True
100000002648315100,peripheral,0.6,9,0.420861,"No role indicators: 1 payer, 2 recipients, 132k KZT in / 76k KZT out.",1,False,1,2,132000.0,76000.0,0.5757575757575758,1,132000.0,,True,True
100000002653187100,cutoff,0.7,12,0.467102,Hop-4 node: onward transfers were not traced (export limit). Receives 15k KZT from 1 payer.,4,False,1,0,15000.0,0.0,,8,186.64194041417096,,False,True
100000002653948100,terminal,1.0,4,0.411332,"Receives 85k KZT from 1 payer, forwards 0%; outflow was traced (hop 3) — possible final recipient.",3,False,1,0,85200.0,0.0,0.0,7,97.54386014173863,,True,True
100000002659103100,cutoff,0.7,37,0.323196,Hop-4 node: onward transfers were not traced (export limit). Receives 165k KZT from 1 payer.,4,False,1,0,165000.0,0.0,,7,23.99023461186023,,False,True
100000002659265100,cutoff,0.7,1,0.395505,Hop-4 node: onward transfers were not traced (export limit). Receives 141k KZT from 1 payer.,4,False,1,0,141000.0,0.0,,8,0.7184282936748858,,False,True
100000002660298100,cutoff,0.7,10,0.345549,Hop-4 node: onward transfers were not traced (export limit). Receives 31k KZT from 1 payer.,4,False,1,0,30900.0,0.0,,7,73.490375980901,,False,True
100000002662768100,terminal,1.0,5,0.541648,"Receives 84k KZT from 1 payer, forwards 0%; outflow was traced (hop 1) — possible final recipient.",1,False,1,0,84300.0,0.0,0.0,1,84300.0,,True,True
100000002663511100,terminal,1.0,3,0.478726,"Receives 269k KZT from 1 payer, forwards 0%; outflow was traced (hop 3) — possible final recipient.",3,False,1,0,268940.0,0.0,0.0,7,1314.6736040100304,,True,True
100000002666248100,terminal,1.0,5,0.703036,"Receives 70k KZT from 1 payer, forwards 0%; outflow was traced (hop 1) — possible final recipient.",1,False,1,0,70032.0,0.0,0.0,10,74209.13929384486,,True,True
100000002670463100,cutoff,0.7,8,0.274775,Hop-4 node: onward transfers were not traced (export limit). Receives 32k KZT from 1 payer.,4,False,1,0,31500.0,0.0,,1,1.5236192309680316,,False,True
100000002670860100,terminal,1.0,11,0.598921,"Receives 450k KZT from 2 payers, forwards 0%; outflow was traced (hop 1) — possible final recipient.",1,False,2,0,450000.0,0.0,0.0,3,200080.1838084728,,True,True
100000002670960100,terminal,1.0,11,0.372676,"Receives 480k KZT from 1 payer, forwards 0%; outflow was traced (hop 3) — possible final recipient.",3,False,1,0,480310.0,0.0,0.0,2,154.05234019031596,,True,True
100000002671326100,cutoff,0.7,29,0.413499,Hop-4 node: onward transfers were not traced (export limit). Receives 1.1M KZT from 1 payer.,4,False,1,0,1050000.0,0.0,,7,1034.5240081400723,,False,True
100000002671806100,terminal,1.0,12,0.479415,"Receives 12k KZT from 1 payer, forwards 0%; outflow was traced (hop 1) — possible final recipient.",1,False,1,0,12440.0,0.0,0.0,1,12440.0,,True,True
100000002677201100,peripheral,0.6,1,0.420816,"No role indicators: 1 payer, 1 recipient, 150k KZT in / 88k KZT out.",3,False,1,1,150000.0,87750.0,0.585,8,448.30404316246023,,True,True
100000002679516100,terminal,1.0,12,0.749778,"Receives 102k KZT from 3 payers, forwards 0%; outflow was traced (hop 1) — possible final recipient.",1,False,3,0,102335.0,0.0,0.0,10,35190.54729200669,,True,True
100000002680477100,terminal,1.0,11,0.370785,"Receives 25k KZT from 1 payer, forwards 0%; outflow was traced (hop 2) — possible final recipient.",2,False,1,0,25000.0,0.0,0.0,1,364.1081997166576,,True,True
100000002681449100,peripheral,0.6,1,0.496061,"No role indicators: 2 payers, 2 recipients, 95k KZT in / 133k KZT out.",1,False,2,2,94638.0,133000.0,1.4053551427544961,7,12421.190044213165,,True,True
100000002681544100,terminal,1.0,20,0.581928,"Receives 166k KZT from 2 payers, forwards 0%; outflow was traced (hop 3) — possible final recipient.",3,False,2,0,166072.0,0.0,0.0,7,578.0902714147173,,True,True
100000002686226100,cutoff,0.7,4,0.419615,Hop-4 node: onward transfers were not traced (export limit). Receives 430k KZT from 1 payer.,4,False,1,0,430000.0,0.0,,7,1417.9283996955332,,False,True
100000002689717100,cutoff,0.7,10,0.356003,Hop-4 node: onward transfers were not traced (export limit). Receives 48k KZT from 1 payer.,4,False,1,0,47500.0,0.0,,7,112.97064268908731,,False,True
100000002691583100,terminal,1.0,27,0.408774,"Receives 285k KZT from 1 payer, forwards 0%; outflow was traced (hop 3) — possible final recipient.",3,False,1,0,285200.0,0.0,0.0,7,87.59682603106283,,True,True
100000002691858100,terminal,1.0,30,0.56994,"Receives 52k KZT from 1 payer, forwards 0%; outflow was traced (hop 2) — possible final recipient.",2,False,1,0,51500.0,0.0,0.0,8,7668.159334890786,,True,True
100000002692044100,terminal,1.0,12,0.530572,"Receives 97k KZT from 1 payer, forwards 0%; outflow was traced (hop 1) — possible final recipient.",1,False,1,0,97000.0,0.0,0.0,1,97000.0,,True,True
100000002692750100,peripheral,0.6,8,0.547585,"No role indicators: 3 payers, 1 recipient, 113k KZT in / 77k KZT out.",2,False,3,1,112830.0,77000.0,0.682442612780289,7,28243.488642302214,,True,True
100000002695812100,cutoff,0.7,10,0.375687,Hop-4 node: onward transfers were not traced (export limit). Receives 95k KZT from 1 payer.,4,False,1,0,95000.0,0.0,,7,225.94128537817463,,False,True
100000002696152100,peripheral,0.6,15,0.457449,"No role indicators: 1 payer, 2 recipients, 22k KZT in / 69k KZT out.",3,False,1,2,21800.0,69000.0,3.165137614678899,8,619.4983405454261,,True,True
100000002697752100,terminal,1.0,3,0.551212,"Receives 191k KZT from 2 payers, forwards 0%; outflow was traced (hop 3) — possible final recipient.",3,False,2,0,190785.0,0.0,0.0,7,1764.3026451521796,,True,True
100000002700161100,cutoff,0.7,5,0.55796,Hop-4 node: onward transfers were not traced (export limit). Receives 39k KZT from 1 payer.,4,False,1,0,39000.0,0.0,,10,1792.6513581612617,,False,True
100000002702968100,cutoff,0.7,10,0.346217,Hop-4 node: onward transfers were not traced (export limit). Receives 32k KZT from 1 payer.,4,False,1,0,31600.0,0.0,,7,75.1552065047402,,False,True
100000002703376100,terminal,1.0,17,0.484842,"Receives 47k KZT from 1 payer, forwards 0%; outflow was traced (hop 2) — possible final recipient.",2,False,1,0,46501.0,0.0,0.0,7,1830.7566962196724,,True,True
100000002704875100,terminal,1.0,3,0.627291,"Receives 245k KZT from 3 payers, forwards 0%; outflow was traced (hop 1) — possible final recipient.",1,False,3,0,244891.0,0.0,0.0,7,31767.82985538216,,True,True
100000002705460100,terminal,1.0,2,0.591448,"Receives 95k KZT from 1 payer, forwards 0%; outflow was traced (hop 3) — possible final recipient.",3,False,1,0,95000.0,0.0,0.0,7,15169.910956683269,,True,True
100000002706810100,cutoff,0.7,8,0.27611,Hop-4 node: onward transfers were not traced (export limit). Receives 45k KZT from 1 payer.,4,False,1,0,45000.0,0.0,,1,2.1765989013829024,,False,True
100000002707106100,cutoff,0.7,16,0.29595,Hop-4 node: onward transfers were not traced (export limit). Receives 15k KZT from 1 payer.,4,False,1,0,15000.0,0.0,,7,1.4721592114743558,,False,True
100000002708624100,terminal,1.0,26,0.456706,"Receives 25k KZT from 1 payer, forwards 0%; outflow was traced (hop 3) — possible final recipient.",3,False,1,0,25000.0,0.0,0.0,7,482.3209482265015,,True,True
100000002710570100,terminal,1.0,28,0.555794,"Receives 225k KZT from 1 payer, forwards 0%; outflow was traced (hop 2) — possible final recipient.",2,False,1,0,225015.0,0.0,0.0,7,41593.38530684443,,True,True
100000002712416100,terminal,1.0,1,0.632662,"Receives 117k KZT from 2 payers, forwards 0%; outflow was traced (hop 3) — possible final recipient.",3,False,2,0,116800.0,0.0,0.0,9,370.544587290326,,True,True
100000002713074100,peripheral,0.6,4,0.420772,"No role indicators: 2 payers, 1 recipient, 700k KZT in / 430k KZT out.",3,False,2,1,700000.0,430000.0,0.6142857142857143,7,2325.7674479171396,,True,True
100000002713974100,cutoff,0.7,14,0.400932,Hop-4 node: onward transfers were not traced (export limit). Receives 50k KZT from 1 payer.,4,False,1,0,50000.0,0.0,,7,31.550732623286073,,False,True
100000002718366100,coordinator,0.875,1,0.914001,"Money from 9 seeds converges here via 5 collector/transit accounts across 2 clusters — candidate upper-level node for review. Also matches: consolidator, terminal.",2,False,6,0,2525000.0,0.0,0.0,9,50563.64723907413,consolidator;terminal,True,True
100000002720627100,terminal,1.0,15,0.713556,"Receives 199k KZT from 1 payer, forwards 0%; outflow was traced (hop 1) — possible final recipient.",1,False,1,0,199300.0,0.0,0.0,8,214526.6339389385,,True,True
100000002721825100,terminal,1.0,0,0.544873,"Receives 11k KZT from 1 payer, forwards 0%; outflow was traced (hop 2) — possible final recipient.",2,False,1,0,11000.0,0.0,0.0,7,11107.85330102397,,True,True
100000002722108100,terminal,1.0,11,0.387578,"Receives 800k KZT from 1 payer, forwards 0%; outflow was traced (hop 3) — possible final recipient.",3,False,1,0,800000.0,0.0,0.0,2,256.5881871130161,,True,True
100000002723439100,cutoff,0.7,15,0.496528,Hop-4 node: onward transfers were not traced (export limit). Receives 18k KZT from 1 payer.,4,False,1,0,18000.0,0.0,,8,161.05200784499436,,False,True
100000002723538100,distributor,0.5667,3,0.613919,Fans out to 12 recipients (560k KZT) against 3 payers — pattern consistent with a distribution layer.,2,False,3,12,105647.0,560499.0,5.305394379395534,7,6148.635563108539,,True,True
100000002723674100,cutoff,0.7,18,0.39337,Hop-4 node: onward transfers were not traced (export limit). Receives 30k KZT from 1 payer.,4,False,1,0,30000.0,0.0,,7,423.32204102273374,,False,True
100000002726055100,cutoff,0.7,18,0.374909,Hop-4 node: onward transfers were not traced (export limit). Receives 10k KZT from 1 payer.,4,False,1,0,10000.0,0.0,,7,216.79219676618789,,False,True
100000002727288100,terminal,1.0,21,0.553726,"Receives 16k KZT from 1 payer, forwards 0%; outflow was traced (hop 3) — possible final recipient.",3,False,1,0,16000.0,0.0,0.0,7,1188.385027423079,,True,True
100000002728246100,cutoff,0.7,4,0.309851,Hop-4 node: onward transfers were not traced (export limit). Receives 10k KZT from 1 payer.,4,False,1,0,10000.0,0.0,,7,11.444803999435944,,False,True
100000002729875100,cutoff,0.7,10,0.370016,Hop-4 node: onward transfers were not traced (export limit). Receives 76k KZT from 1 payer.,4,False,1,0,76000.0,0.0,,7,180.75302830253972,,False,True
100000002731501100,peripheral,0.6,34,0.387798,"No role indicators: 3 payers, 7 recipients, 570k KZT in / 834k KZT out.",1,False,3,7,570370.0,833960.0,1.4621386117783193,1,13342.485767688047,,True,True
100000002733083100,cutoff,0.7,10,0.33087,Hop-4 node: onward transfers were not traced (export limit). Receives 15k KZT from 1 payer.,4,False,1,0,15200.0,0.0,,7,36.150605660507935,,False,True
100000002733905100,peripheral,0.6,19,0.336641,"No role indicators: 3 payers, 2 recipients, 100k KZT in / 718k KZT out.",2,False,3,2,100000.0,717839.0,7.17839,1,989.7888479949761,,True,True
100000002734815100,cutoff,0.7,1,0.394282,Hop-4 node: onward transfers were not traced (export limit). Receives 110k KZT from 1 payer.,4,False,1,0,110000.0,0.0,,8,0.560475973788918,,False,True
100000002736033100,peripheral,0.6,17,0.306359,"No role indicators: 1 payer, 1 recipient, 35k KZT in / 11k KZT out.",3,False,1,1,34530.0,11000.0,0.3185635679119606,7,265.6530964184424,,True,True
100000002736316100,terminal,1.0,0,0.572776,"Receives 267k KZT from 3 payers, forwards 0%; outflow was traced (hop 3) — possible final recipient.",3,False,3,0,266921.0,0.0,0.0,7,789.2184992049245,,True,True
100000002737980100,terminal,1.0,2,0.514268,"Receives 33k KZT from 1 payer, forwards 0%; outflow was traced (hop 3) — possible final recipient.",3,False,1,0,32900.0,0.0,0.0,7,351.30859560326377,,True,True
100000002738256100,peripheral,0.6,58,0.366902,"No role indicators: 1 payer, 1 recipient, 150k KZT in / 175k KZT out.",2,False,1,1,150200.0,175000.0,1.1651131824234353,1,177402.52523475894,,True,True
100000002741024100,consolidator,0.5,0,0.758523,"Receives from 5 distinct payers, 818k KZT; forwards 53% — signs of consolidation.",2,False,5,6,817980.85,434989.0,0.5317838431058625,7,15707.874501158201,,True,True
100000002742067100,terminal,1.0,2,0.545407,"Receives 13k KZT from 1 payer, forwards 0%; outflow was traced (hop 2) — possible final recipient.",2,False,1,0,12730.0,0.0,0.0,7,1447.5884135326528,,True,True
100000002744581100,terminal,1.0,9,0.49931,"Receives 12k KZT from 1 payer, forwards 0%; outflow was traced (hop 2) — possible final recipient.",2,False,1,0,12000.0,0.0,0.0,1,12000.0,,True,True
100000002748040100,cutoff,0.7,10,0.33454,Hop-4 node: onward transfers were not traced (export limit). Receives 18k KZT from 1 payer.,4,False,1,0,18000.0,0.0,,7,42.80992775586467,,False,True
100000002748180100,peripheral,0.6,11,0.301621,"No role indicators: 1 payer, 8 recipients, 10k KZT in / 680k KZT out.",1,False,1,8,9900.0,679743.0,68.66090909090909,1,9900.0,,True,True
100000002748511100,cutoff,0.7,2,0.489855,Hop-4 node: onward transfers were not traced (export limit). Receives 20k KZT from 1 payer.,4,False,1,0,20000.0,0.0,,7,1785.3054435832582,,False,True
100000002748532100,peripheral,0.6,1,0.586197,"No role indicators: 3 payers, 2 recipients, 356k KZT in / 647k KZT out.",2,False,3,2,355575.0,646685.0,1.8187021022287844,9,15665.169085101355,,True,True
100000002748581100,terminal,1.0,16,0.394762,"Receives 41k KZT from 1 payer, forwards 0%; outflow was traced (hop 3) — possible final recipient.",3,False,1,0,41180.0,0.0,0.0,7,43.581140618140495,,True,True
100000002748761100,terminal,1.0,11,0.387467,"Receives 797k KZT from 1 payer, forwards 0%; outflow was traced (hop 3) — possible final recipient.",3,False,1,0,796800.0,0.0,0.0,2,255.56183436456402,,True,True
100000002750332100,terminal,1.0,9,0.498254,"Receives 11k KZT from 1 payer, forwards 0%; outflow was traced (hop 1) — possible final recipient.",1,False,1,0,11360.0,0.0,0.0,1,11360.0,,True,True
100000002750956100,terminal,1.0,0,0.586243,"Receives 47k KZT from 1 payer, forwards 0%; outflow was traced (hop 1) — possible final recipient.",1,False,1,0,47416.0,0.0,0.0,7,47881.145021597185,,True,True
100000002752565100,cutoff,0.7,3,0.387809,Hop-4 node: onward transfers were not traced (export limit). Receives 57k KZT from 1 payer.,4,False,1,0,57000.0,0.0,,7,338.4891827038847,,False,True
100000002753146100,terminal,1.0,11,0.387689,"Receives 804k KZT from 1 payer, forwards 0%; outflow was traced (hop 3) — possible final recipient.",3,False,1,0,803540.0,0.0,0.0,2,257.72358984099117,,True,True
100000002755292100,terminal,1.0,4,0.438023,"Receives 203k KZT from 1 payer, forwards 0%; outflow was traced (hop 3) — possible final recipient.",3,False,1,0,203400.0,0.0,0.0,7,232.8687928735873,,True,True
100000002757240100,terminal,1.0,5,0.63373,"Receives 51k KZT from 1 payer, forwards 0%; outflow was traced (hop 2) — possible final recipient.",2,False,1,0,51183.0,0.0,0.0,9,7637.744735980116,,True,True
100000002757791100,terminal,1.0,8,0.457106,"Receives 73k KZT from 1 payer, forwards 0%; outflow was traced (hop 3) — possible final recipient.",3,False,1,0,73050.0,0.0,0.0,1,1282.4381246646603,,True,True
100000002757797100,terminal,1.0,12,0.531517,"Receives 100k KZT from 1 payer, forwards 0%; outflow was traced (hop 1) — possible final recipient.",1,False,1,0,100000.0,0.0,0.0,1,100000.0,,True,True
100000002760175100,terminal,1.0,15,0.713112,"Receives 187k KZT from 1 payer, forwards 0%; outflow was traced (hop 1) — possible final recipient.",1,False,1,0,187410.0,0.0,0.0,8,201728.23114147747,,True,True
100000002762076100,peripheral,0.6,9,0.515256,"No role indicators: 2 payers, 1 recipient, 140k KZT in / 30k KZT out.",1,False,2,1,140350.0,30000.0,0.21375133594584966,2,140350.0,,True,True
100000002769809100,terminal,1.0,20,0.532796,"Receives 113k KZT from 1 payer, forwards 0%; outflow was traced (hop 3) — possible final recipient.",3,False,1,0,113422.0,0.0,0.0,7,1364.6774278189064,,True,True
100000002773323100,peripheral,0.6,1,0.445816,"No role indicators: 2 payers, 1 recipient, 285k KZT in / 1.2M KZT out.",3,False,2,1,285000.0,1171644.0,4.111031578947369,8,102.92849182825778,,True,True
100000002774456100,terminal,1.0,15,0.694317,"Receives 50k KZT from 1 payer, forwards 0%; outflow was traced (hop 1) — possible final recipient.",1,False,1,0,50363.0,0.0,0.0,8,54210.76199230688,,True,True
100000002778085100,terminal,1.0,2,0.632707,"Receives 66k KZT from 1 payer, forwards 0%; outflow was traced (hop 1) — possible final recipient.",1,False,1,0,66208.0,0.0,0.0,7,66963.0461590213,,True,True
100000002779485100,terminal,1.0,14,0.622298,"Receives 91k KZT from 1 payer, forwards 0%; outflow was traced (hop 2) — possible final recipient.",2,False,1,0,91000.0,0.0,0.0,7,32316.512654805327,,True,True
100000002781227100,peripheral,0.6,1,0.476532,"No role indicators: 2 payers, 3 recipients, 191k KZT in / 212k KZT out.",1,False,2,3,191167.62,212420.0,1.1111714421092862,1,183363.86984506695,,True,True
100000002784085100,terminal,1.0,9,0.560976,"Receives 200k KZT from 1 payer, forwards 0%; outflow was traced (hop 1) — possible final recipient.",1,False,1,0,200000.0,0.0,0.0,1,200000.0,,True,True
100000002791494100,cutoff,0.7,10,0.373685,Hop-4 node: onward transfers were not traced (export limit). Receives 86k KZT from 1 payer.,4,False,1,0,85860.0,0.0,,7,204.20335539547446,,False,True
100000002793851100,terminal,1.0,2,0.584553,"Receives 11k KZT from 1 payer, forwards 0%; outflow was traced (hop 1) — possible final recipient.",1,False,1,0,11052.0,0.0,0.0,7,11178.038698488148,,True,True
100000002793881100,terminal,1.0,1,0.682051,"Receives 786k KZT from 3 payers, forwards 0%; outflow was traced (hop 3) — possible final recipient.",3,False,3,0,785600.0,0.0,0.0,9,2185.318409951254,,True,True
100000002794197100,terminal,1.0,9,0.5255,"Receives 30k KZT from 1 payer, forwards 0%; outflow was traced (hop 1) — possible final recipient.",1,False,1,0,30100.0,0.0,0.0,1,30100.0,,True,True
100000002794374100,cutoff,0.7,1,0.420772,Hop-4 node: onward transfers were not traced (export limit). Receives 111k KZT from 1 payer.,4,False,1,0,111000.0,0.0,,9,8.45140404996054,,False,True
100000002796853100,peripheral,0.6,1,0.408383,"No role indicators: 1 payer, 1 recipient, 199k KZT in / 46k KZT out.",2,False,1,1,199000.0,46167.62,0.23199809045226133,1,171779.54099975672,,True,True
100000002799941100,terminal,1.0,20,0.552814,"Receives 600k KZT from 1 payer, forwards 0%; outflow was traced (hop 3) — possible final recipient.",3,False,1,0,600000.0,0.0,0.0,7,4493.0336888574275,,True,True
100000002807334100,terminal,1.0,4,0.402435,"Receives 55k KZT from 1 payer, forwards 0%; outflow was traced (hop 3) — possible final recipient.",3,False,1,0,54715.0,0.0,0.0,7,62.64216323539001,,True,True
100000002809568100,terminal,1.0,0,0.542538,"Receives 10k KZT from 1 payer, forwards 0%; outflow was traced (hop 1) — possible final recipient.",1,False,1,0,10000.0,0.0,0.0,7,10098.098747595155,,True,True
100000002809896100,terminal,1.0,10,0.443361,"Receives 38k KZT from 1 payer, forwards 0%; outflow was traced (hop 3) — possible final recipient.",3,False,1,0,38000.0,0.0,0.0,7,293.0796086751288,,True,True
100000002810870100,terminal,1.0,7,0.503837,"Receives 34k KZT from 1 payer, forwards 0%; outflow was traced (hop 1) — possible final recipient.",1,False,1,0,33677.0,0.0,0.0,1,34097.24162226447,,True,True
100000002812641100,peripheral,0.6,9,0.491346,"No role indicators: 1 payer, 1 recipient, 10k KZT in / 7k KZT out.",2,False,1,1,10000.0,7023.95,0.702395,8,7274.675660887634,,True,True
100000002815005100,terminal,1.0,1,0.55982,"Receives 476k KZT from 1 payer, forwards 0%; outflow was traced (hop 3) — possible final recipient.",3,False,1,0,476500.0,0.0,0.0,8,510.1007612224773,,True,True
100000002818726100,terminal,1.0,13,0.417782,"Receives 11k KZT from 1 payer, forwards 0%; outflow was traced (hop 3) — possible final recipient.",3,False,1,0,10879.0,0.0,0.0,7,118.9249677915595,,True,True
100000002820010100,terminal,1.0,8,0.4878,"Receives 30k KZT from 1 payer, forwards 0%; outflow was traced (hop 2) — possible final recipient.",2,False,1,0,30000.0,0.0,0.0,1,7200.192005120137,,True,True
100000002821425100,terminal,1.0,11,0.356439,"Receives 275k KZT from 1 payer, forwards 0%; outflow was traced (hop 3) — possible final recipient.",3,False,1,0,275000.0,0.0,0.0,2,88.20218932009928,,True,True
100000002822472100,terminal,1.0,11,0.546564,"Receives 267k KZT from 2 payers, forwards 0%; outflow was traced (hop 3) — possible final recipient.",3,False,2,0,266722.0,0.0,0.0,8,129.3641531516595,,True,True
100000002824176100,terminal,1.0,8,0.584887,"Receives 144k KZT from 1 payer, forwards 0%; outflow was traced (hop 1) — possible final recipient.",1,False,1,0,144000.0,0.0,0.0,2,158953.23666733736,,True,True
100000002826669100,terminal,1.0,3,0.533107,"Receives 160k KZT from 1 payer, forwards 0%; outflow was traced (hop 2) — possible final recipient.",2,False,1,0,159900.0,0.0,0.0,7,19678.83899100159,,True,True
100000002830055100,terminal,1.0,7,0.478536,"Receives 14k KZT from 1 payer, forwards 0%; outflow was traced (hop 1) — possible final recipient.",1,False,1,0,14000.0,0.0,0.0,1,14174.700321041144,,True,True
100000002831727100,peripheral,0.6,20,0.376221,"No role indicators: 1 payer, 1 recipient, 6k KZT in / 77k KZT out.",2,False,1,1,6000.0,77000.0,12.833333333333334,7,497.16293948206726,,True,True
100000002832753100,cutoff,0.7,2,0.471617,Hop-4 node: onward transfers were not traced (export limit). Receives 12k KZT from 1 payer.,4,False,1,0,12500.0,0.0,,7,718.4490102840002,,False,True
100000002835874100,cutoff,0.7,1,0.433872,Hop-4 node: onward transfers were not traced (export limit). Receives 59k KZT from 1 payer.,4,False,1,0,58700.0,0.0,,8,38.77512976515567,,False,True
100000002836052100,terminal,1.0,5,0.653837,"Receives 15k KZT from 1 payer, forwards 0%; outflow was traced (hop 2) — possible final recipient.",2,False,1,0,15000.0,0.0,0.0,11,9183.164124191413,,True,True
100000002836736100,terminal,1.0,8,0.660887,"Receives 509k KZT from 2 payers, forwards 0%; outflow was traced (hop 1) — possible final recipient.",1,False,2,0,509000.0,0.0,0.0,3,338712.34823833324,,True,True
100000002838519100,terminal,1.0,16,0.396653,"Receives 47k KZT from 1 payer, forwards 0%; outflow was traced (hop 3) — possible final recipient.",3,False,1,0,46900.0,0.0,0.0,7,49.634664764225086,,True,True
100000002838861100,consolidator,0.5,9,0.910503,"Receives from 5 distinct payers (2 seeds), 555k KZT; forwards 2% — signs of consolidation. Also matches: terminal.",1,False,5,1,554523.95,10000.0,0.018033486200190272,8,403408.2613283334,terminal,True,True
100000002842321100,terminal,1.0,4,0.430572,"Receives 160k KZT from 1 payer, forwards 0%; outflow was traced (hop 3) — possible final recipient.",3,False,1,0,160000.0,0.0,0.0,7,183.18095801265474,,True,True
100000002842337100,terminal,1.0,9,0.523387,"Receives 50k KZT from 1 payer, forwards 0%; outflow was traced (hop 2) — possible final recipient.",2,False,1,0,50000.0,0.0,0.0,1,26766.708725426928,,True,True
100000002844652100,terminal,1.0,9,0.545073,"Receives 61k KZT from 1 payer, forwards 0%; outflow was traced (hop 1) — possible final recipient.",1,False,1,0,61360.0,0.0,0.0,1,61360.0,,True,True
100000002844897100,terminal,1.0,9,0.496919,"Receives 11k KZT from 1 payer, forwards 0%; outflow was traced (hop 1) — possible final recipient.",1,False,1,0,10800.0,0.0,0.0,1,10800.0,,True,True
100000002845605100,terminal,1.0,0,0.591581,"Receives 58k KZT from 1 payer, forwards 0%; outflow was traced (hop 1) — possible final recipient.",1,False,1,0,57567.0,0.0,0.0,7,58131.72506028102,,True,True
100000002847207100,terminal,1.0,5,0.694695,"Receives 46k KZT from 1 payer, forwards 0%; outflow was traced (hop 1) — possible final recipient.",1,False,1,0,46243.0,0.0,0.0,10,49001.216991736175,,True,True
100000002849158100,peripheral,0.6,1,0.533928,"No role indicators: 3 payers, 1 recipient, 723k KZT in / 1.3M KZT out.",3,False,3,1,723000.0,1313000.0,1.8160442600276625,9,1079.5023395085404,,True,True
100000002852402100,terminal,1.0,2,0.583107,"Receives 55k KZT from 1 payer, forwards 0%; outflow was traced (hop 2) — possible final recipient.",2,False,1,0,55000.0,0.0,0.0,7,10467.702142825963,,True,True
100000002858835100,terminal,1.0,7,0.495051,"Receives 24k KZT from 1 payer, forwards 0%; outflow was traced (hop 1) — possible final recipient.",1,False,1,0,24400.0,0.0,0.0,1,24704.47770238599,,True,True
100000002860934100,cutoff,0.7,23,0.404602,Hop-4 node: onward transfers were not traced (export limit). Receives 280k KZT from 1 payer.,4,False,1,0,279500.0,0.0,,7,678.0014055580041,,False,True
100000002861485100,terminal,1.0,2,0.611688,"Receives 29k KZT from 1 payer, forwards 0%; outflow was traced (hop 1) — possible final recipient.",1,False,1,0,29323.0,0.0,0.0,7,29657.403977177702,,True,True
100000002862113100,terminal,1.0,16,0.396875,"Receives 47k KZT from 1 payer, forwards 0%; outflow was traced (hop 3) — possible final recipient.",3,False,1,0,47405.0,0.0,0.0,7,50.16911051488466,,True,True
100000002863356100,peripheral,0.6,19,0.253579,"No role indicators: 1 payer, 1 recipient, 45k KZT in / 20k KZT out.",2,False,1,1,45000.0,20000.0,0.4444444444444444,1,782.9645433196139,,True,True
100000002864256100,terminal,1.0,5,0.711599,"Receives 136k KZT from 1 payer, forwards 0%; outflow was traced (hop 1) — possible final recipient.",1,False,1,0,135780.0,0.0,0.0,10,143878.75447392988,,True,True
100000002864680100,terminal,1.0,12,0.52212,"Receives 56k KZT from 1 payer, forwards 0%; outflow was traced (hop 1) — possible final recipient.",1,False,1,0,55932.0,0.0,0.0,1,55932.0,,True,True
100000002870463100,terminal,0.5169,8,0.678692,"Receives 207k KZT from 3 payers, forwards 5%; outflow was traced (hop 2) — possible final recipient.",2,False,3,1,207000.0,10000.0,0.04830917874396135,7,25340.612930540847,,True,True
100000002870937100,terminal,1.0,9,0.549522,"Receives 84k KZT from 1 payer, forwards 0%; outflow was traced (hop 1) — possible final recipient.",1,False,1,0,83700.0,0.0,0.0,1,83700.0,,True,True
100000002871199100,terminal,1.0,16,0.383641,"Receives 23k KZT from 1 payer, forwards 0%; outflow was traced (hop 3) — possible final recipient.",3,False,1,0,23186.0,0.0,0.0,7,24.53793895998556,,True,True
100000002872399100,terminal,1.0,9,0.550411,"Receives 1.1M KZT from 1 payer, forwards 0%; outflow was traced (hop 3) — possible final recipient.",3,False,1,0,1090000.0,0.0,0.0,1,88000.96447845886,,True,True
100000002876914100,cutoff,0.7,8,0.271995,Hop-4 node: onward transfers were not traced (export limit). Receives 12k KZT from 1 payer.,4,False,1,0,12000.0,0.0,,1,0.5804263737021074,,False,True
100000002877262100,terminal,1.0,1,0.499322,"Receives 100k KZT from 1 payer, forwards 0%; outflow was traced (hop 3) — possible final recipient.",3,False,1,0,100000.0,0.0,0.0,8,52.399474725179566,,True,True
100000002878467100,terminal,1.0,1,0.612177,"Receives 200k KZT from 2 payers, forwards 0%; outflow was traced (hop 3) — possible final recipient.",3,False,2,0,200000.0,0.0,0.0,8,299.70215779070423,,True,True
100000002878483100,cutoff,0.7,8,0.270605,Hop-4 node: onward transfers were not traced (export limit). Receives 6k KZT from 1 payer.,4,False,1,0,6000.0,0.0,,1,0.2902131868510537,,False,True
100000002881669100,terminal,1.0,12,0.489146,"Receives 19k KZT from 1 payer, forwards 0%; outflow was traced (hop 1) — possible final recipient.",1,False,1,0,18600.0,0.0,0.0,1,18600.0,,True,True
100000002883402100,terminal,1.0,1,0.642927,"Receives 300k KZT from 3 payers, forwards 0%; outflow was traced (hop 3) — possible final recipient.",3,False,3,0,300000.0,0.0,0.0,10,234.8679902483759,,True,True
100000002884708100,cutoff,0.7,1,0.453334,Hop-4 node: onward transfers were not traced (export limit). Receives 1.2M KZT from 1 payer.,4,False,1,0,1171644.0,0.0,,8,100.9921780712278,,False,True
100000002886166100,terminal,1.0,36,0.375567,"Receives 185k KZT from 1 payer, forwards 0%; outflow was traced (hop 3) — possible final recipient.",3,False,1,0,185000.0,0.0,0.0,1,452.0120207307492,,True,True
100000002890167100,terminal,1.0,2,0.641604,"Receives 118k KZT from 1 payer, forwards 0%; outflow was traced (hop 1) — possible final recipient.",1,False,1,0,118150.0,0.0,0.0,7,119497.40067194849,,True,True
100000002891765100,terminal,1.0,16,0.401212,"Receives 56k KZT from 1 payer, forwards 0%; outflow was traced (hop 3) — possible final recipient.",3,False,1,0,55576.0,0.0,0.0,7,58.81654859139816,,True,True
100000002893020100,terminal,1.0,10,0.422898,"Receives 18k KZT from 1 payer, forwards 0%; outflow was traced (hop 3) — possible final recipient.",3,False,1,0,18340.0,0.0,0.0,7,141.44947429215426,,True,True
100000002894076100,terminal,1.0,9,0.815959,"Receives 1.1M KZT from 4 payers, forwards 0%; outflow was traced (hop 1) — possible final recipient.",1,False,4,0,1122782.0,0.0,0.0,10,828391.5002326234,,True,True
100000002896506100,cutoff,0.7,22,0.342992,Hop-4 node: onward transfers were not traced (export limit). Receives 45k KZT from 1 payer.,4,False,1,0,45000.0,0.0,,7,64.50583981221403,,False,True
100000002901457100,peripheral,0.6,5,0.413054,"No role indicators: 1 payer, 3 recipients, 340k KZT in / 119k KZT out.",3,False,1,3,340000.0,119000.0,0.35,7,4111.051086273329,,True,True
100000002904919100,peripheral,0.6,3,0.308583,"No role indicators: 1 payer, 1 recipient, 60k KZT in / 6k KZT out.",3,False,1,1,60325.0,5500.0,0.09117281392457521,7,294.8898831036852,,True,True
100000002906470100,terminal,1.0,20,0.525011,"Receives 130k KZT from 1 payer, forwards 0%; outflow was traced (hop 3) — possible final recipient.",3,False,1,0,130000.0,0.0,0.0,7,973.490632585776,,True,True
100000002908521100,terminal,1.0,6,0.307785,"Receives 44k KZT from 1 payer, forwards 0%; outflow was traced (hop 3) — possible final recipient.",3,False,1,0,44500.0,0.0,0.0,1,29.915955373843826,,True,True
100000002911170100,terminal,1.0,11,0.457596,"Receives 300k KZT from 1 payer, forwards 0%; outflow was traced (hop 2) — possible final recipient.",2,False,1,0,300000.0,0.0,0.0,7,497.0749588852251,,True,True
100000002913340100,terminal,1.0,6,0.296219,"Receives 24k KZT from 1 payer, forwards 0%; outflow was traced (hop 3) — possible final recipient.",3,False,1,0,23600.0,0.0,0.0,1,15.865540378038522,,True,True
100000002914245100,terminal,1.0,22,0.365892,"Receives 141k KZT from 1 payer, forwards 0%; outflow was traced (hop 3) — possible final recipient.",3,False,1,0,140611.0,0.0,0.0,1,303.1460494626794,,True,True
100000002916006100,peripheral,0.9,21,0.060653,"No role indicators: 0 payers, 1 recipient, 0 KZT in / 32k KZT out.",0,True,0,1,0.0,32000.0,,0,0.0,,True,False
100000002921047100,peripheral,0.6,9,0.643703,"No role indicators: 2 payers, 1 recipient, 338k KZT in / 163k KZT out.",1,False,2,1,338000.0,163000.02,0.48224857988165676,9,175107.6719957704,,True,True
100000002922000100,cutoff,0.7,37,0.343103,Hop-4 node: onward transfers were not traced (export limit). Receives 448k KZT from 1 payer.,4,False,1,0,448000.0,0.0,,7,65.13712185523264,,False,True
100000002926970100,terminal,1.0,10,0.463935,"Receives 85k KZT from 1 payer, forwards 0%; outflow was traced (hop 3) — possible final recipient.",3,False,1,0,85000.0,0.0,0.0,7,655.5728088785775,,True,True
100000002933386100,peripheral,0.6,0,0.335474,"No role indicators: 1 payer, 1 recipient, 15k KZT in / 58k KZT out.",3,False,1,1,15000.0,58000.0,3.8666666666666667,7,301.42816822318986,,True,True
100000002934441100,terminal,1.0,0,0.645051,"Receives 61k KZT from 2 payers, forwards 0%; outflow was traced (hop 1) — possible final recipient.",1,False,2,0,60845.6,0.0,0.0,7,36441.237576385436,,True,True
100000002936322100,terminal,1.0,22,0.55744,"Receives 787k KZT from 2 payers, forwards 0%; outflow was traced (hop 3) — possible final recipient.",3,False,2,0,787133.0,0.0,0.0,7,2544.357127233636,,True,True
100000002938501100,peripheral,0.6,2,0.442992,"No role indicators: 1 payer, 1 recipient, 8k KZT in / 5k KZT out.",1,False,1,1,8395.0,5000.0,0.5955926146515783,7,8490.737864079623,,True,True
100000002939838100,terminal,1.0,18,0.742905,"Receives 571k KZT from 3 payers, forwards 0%; outflow was traced (hop 1) — possible final recipient.",1,False,3,0,571233.0,0.0,0.0,10,173768.52167388026,,True,True
100000002941114100,peripheral,0.6,15,0.609339,"No role indicators: 2 payers, 1 recipient, 129k KZT in / 15k KZT out.",1,False,2,1,128510.0,15000.0,0.11672243405182477,8,30392.52327402284,,True,True
100000002943472100,terminal,1.0,1,0.510443,"Receives 170k KZT from 1 payer, forwards 0%; outflow was traced (hop 3) — possible final recipient.",3,False,1,0,170000.0,0.0,0.0,8,89.07910703280527,,True,True
100000002945031100,terminal,1.0,13,0.426902,"Receives 15k KZT from 1 payer, forwards 0%; outflow was traced (hop 3) — possible final recipient.",3,False,1,0,15000.0,0.0,0.0,7,163.9741260109746,,True,True
100000002945626100,terminal,1.0,1,0.665703,"Receives 584k KZT from 3 payers, forwards 0%; outflow was traced (hop 3) — possible final recipient.",3,False,3,0,584000.0,0.0,0.0,9,970.6064252646296,,True,True
100000002947299100,terminal,1.0,5,0.645296,"Receives 85k KZT from 1 payer, forwards 0%; outflow was traced (hop 2) — possible final recipient.",2,False,1,0,85000.0,0.0,0.0,9,12684.06116402536,,True,True
100000002948492100,terminal,1.0,16,0.384642,"Receives 24k KZT from 1 payer, forwards 0%; outflow was traced (hop 3) — possible final recipient.",3,False,1,0,23660.0,0.0,0.0,7,25.039577149713548,,True,True
100000002951898100,terminal,1.0,16,0.394317,"Receives 40k KZT from 1 payer, forwards 0%; outflow was traced (hop 3) — possible final recipient.",3,False,1,0,39990.0,0.0,0.0,7,42.32175360173478,,True,True
100000002952631100,terminal,1.0,2,0.626479,"Receives 48k KZT from 1 payer, forwards 0%; outflow was traced (hop 1) — possible final recipient.",1,False,1,0,48050.0,0.0,0.0,7,48597.969549615955,,True,True
100000002952756100,terminal,1.0,11,0.358552,"Receives 47k KZT from 1 payer, forwards 0%; outflow was traced (hop 3) — possible final recipient.",3,False,1,0,47000.0,0.0,0.0,1,231.55517741266368,,True,True
100000002954780100,terminal,1.0,1,0.543161,"Receives 133k KZT from 1 payer, forwards 0%; outflow was traced (hop 3) — possible final recipient.",3,False,1,0,133400.0,0.0,0.0,9,168.06943096737467,,True,True
100000002956769100,terminal,1.0,1,0.672375,"Receives 840k KZT from 3 payers, forwards 0%; outflow was traced (hop 3) — possible final recipient.",3,False,3,0,840000.0,0.0,0.0,9,1224.4709242626172,,True,True
100000002956779100,terminal,1.0,18,0.417382,"Receives 411k KZT from 1 payer, forwards 0%; outflow was traced (hop 3) — possible final recipient.",3,False,1,0,411000.0,0.0,0.0,1,3642.098870671085,,True,True
100000002956898100,terminal,1.0,2,0.677391,"Receives 290k KZT from 2 payers, forwards 0%; outflow was traced (hop 2) — possible final recipient.",2,False,2,0,290240.0,0.0,0.0,7,27106.743159170306,,True,True
100000002957306100,terminal,1.0,15,0.81607,"Receives 398k KZT from 2 payers, forwards 0%; outflow was traced (hop 1) — possible final recipient.",1,False,2,0,398490.0,0.0,0.0,11,425768.44597459387,,True,True
100000002957787100,distributor,1.0,0,0.612751,Fans out to 34 recipients (1.3M KZT) against 4 payers — pattern consistent with a distribution layer.,2,False,4,34,84956.0,1276153.96,15.02135175855737,7,1007.5505075858616,,True,True
100000002958139100,terminal,1.0,1,0.536799,"Receives 210k KZT from 1 payer, forwards 0%; outflow was traced (hop 3) — possible final recipient.",3,False,1,0,209500.0,0.0,0.0,8,224.27305241575866,,True,True
100000002958286100,terminal,1.0,9,0.563757,"Receives 257k KZT from 1 payer, forwards 0%; outflow was traced (hop 1) — possible final recipient.",1,False,1,0,257000.0,0.0,0.0,1,257000.0,,True,True
100000002958343100,peripheral,0.6,9,0.427756,"No role indicators: 1 payer, 2 recipients, 2.9M KZT in / 1.4M KZT out.",2,False,1,2,2900000.0,1390000.0,0.4793103448275862,1,236302.08889295172,,True,True
100000002958345100,terminal,1.0,11,0.359219,"Receives 307k KZT from 1 payer, forwards 0%; outflow was traced (hop 3) — possible final recipient.",3,False,1,0,307000.0,0.0,0.0,2,98.46571680461992,,True,True
100000002963189100,peripheral,0.6,16,0.323819,"No role indicators: 1 payer, 7 recipients, 490k KZT in / 5.2M KZT out.",3,False,1,7,490000.0,5219000.0,10.651020408163266,7,518.5711244023518,,True,True
100000002964966100,terminal,1.0,5,0.654059,"Receives 200k KZT from 1 payer, forwards 0%; outflow was traced (hop 2) — possible final recipient.",2,False,1,0,200000.0,0.0,0.0,8,27171.548719661165,,True,True
100000002968096100,cutoff,0.7,14,0.396817,Hop-4 node: onward transfers were not traced (export limit). Receives 70k KZT from 1 payer.,4,False,1,0,70000.0,0.0,,7,24.415161406423096,,False,True
100000002969048100,terminal,1.0,8,0.521719,"Receives 108k KZT from 1 payer, forwards 0%; outflow was traced (hop 2) — possible final recipient.",2,False,1,0,108470.0,0.0,0.0,1,26033.49422651271,,True,True
100000002970466100,peripheral,0.6,0,0.271306,"No role indicators: 1 payer, 2 recipients, 23k KZT in / 93k KZT out.",3,False,1,2,23317.0,93000.0,3.9885062400823434,7,19.826008993992968,,True,True
100000002971593100,cutoff,0.7,4,0.339655,Hop-4 node: onward transfers were not traced (export limit). Receives 49k KZT from 1 payer.,4,False,1,0,49050.0,0.0,,7,56.13676361723329,,False,True
100000002973903100,terminal,1.0,12,0.731828,"Receives 93k KZT from 3 payers, forwards 0%; outflow was traced (hop 1) — possible final recipient.",1,False,3,0,92880.0,0.0,0.0,8,43477.42944223652,,True,True
100000002974256100,terminal,1.0,12,0.466292,"Receives 7k KZT from 1 payer, forwards 0%; outflow was traced (hop 2) — possible final recipient.",2,False,1,0,7200.0,0.0,0.0,1,7200.0,,True,True
100000002975287100,terminal,1.0,4,0.399822,"Receives 15k KZT from 1 payer, forwards 0%; outflow was traced (hop 3) — possible final recipient.",3,False,1,0,15000.0,0.0,0.0,7,56.885665982994,,True,True
100000002975437100,terminal,0.8396,28,0.490069,"Receives 530k KZT from 1 payer, forwards 2%; outflow was traced (hop 3) — possible final recipient.",3,False,1,1,530000.0,8500.0,0.016037735849056604,7,2456.997969467734,,True,True
100000002981489100,cutoff,0.7,4,0.301177,Hop-4 node: onward transfers were not traced (export limit). Receives 10k KZT from 1 payer.,4,False,1,0,10000.0,0.0,,7,5.353576761404621,,False,True
100000002981527100,terminal,1.0,9,0.558641,"Receives 168k KZT from 1 payer, forwards 0%; outflow was traced (hop 1) — possible final recipient.",1,False,1,0,168000.0,0.0,0.0,1,168000.0,,True,True
100000002982252100,terminal,1.0,7,0.488712,"Receives 20k KZT from 1 payer, forwards 0%; outflow was traced (hop 1) — possible final recipient.",1,False,1,0,20320.0,0.0,0.0,1,20573.56503739686,,True,True
100000002983426100,terminal,1.0,10,0.465158,"Receives 89k KZT from 1 payer, forwards 0%; outflow was traced (hop 3) — possible final recipient.",3,False,1,0,88945.0,0.0,0.0,7,685.9990998318247,,True,True
100000002983879100,terminal,1.0,5,0.719117,"Receives 200k KZT from 2 payers, forwards 0%; outflow was traced (hop 2) — possible final recipient.",2,False,2,0,200050.0,0.0,0.0,9,17124.889330474114,,True,True
100000002984403100,peripheral,0.6,26,0.316368,"No role indicators: 1 payer, 1 recipient, 20k KZT in / 25k KZT out.",3,False,1,1,20000.0,25000.0,1.25,7,385.8567585812012,,True,True
100000002986245100,cutoff,0.7,8,0.270438,Hop-4 node: onward transfers were not traced (export limit). Receives 6k KZT from 1 payer.,4,False,1,0,5750.0,0.0,,1,0.2781209707322598,,False,True
100000002988894100,peripheral,0.6,5,0.58494,"No role indicators: 1 payer, 3 recipients, 306k KZT in / 78k KZT out.",1,False,1,3,306121.0,77500.0,0.25316786499456095,10,324379.9395957718,,True,True
100000002989353100,peripheral,0.6,11,0.238565,"No role indicators: 1 payer, 2 recipients, 500k KZT in / 321k KZT out.",3,False,1,2,500000.0,321160.0,0.64232,2,160.36761694563504,,True,True
100000002990675100,terminal,1.0,4,0.401101,"Receives 51k KZT from 1 payer, forwards 0%; outflow was traced (hop 3) — possible final recipient.",3,False,1,0,51143.0,0.0,0.0,7,58.5526483477575,,True,True
100000002991079100,peripheral,0.6,2,0.561742,"No role indicators: 2 payers, 1 recipient, 149k KZT in / 11k KZT out.",1,False,2,1,148900.0,11000.0,0.07387508394895903,7,55468.48114921492,,True,True
100000002992171100,terminal,1.0,7,0.479593,"Receives 15k KZT from 1 payer, forwards 0%; outflow was traced (hop 1) — possible final recipient.",1,False,1,0,14627.0,0.0,0.0,1,14809.524399704915,,True,True
100000002994441100,cutoff,0.7,3,0.328979,Hop-4 node: onward transfers were not traced (export limit). Receives 5k KZT from 1 payer.,4,False,1,0,5000.0,0.0,,7,33.35474094162143,,False,True
100000002999140100,cutoff,0.7,12,0.340189,Hop-4 node: onward transfers were not traced (export limit). Receives 10k KZT from 1 payer.,4,False,1,0,10000.0,0.0,,7,7.126881087684313,,False,True
100000003001138100,cutoff,0.7,23,0.345327,Hop-4 node: onward transfers were not traced (export limit). Receives 30k KZT from 1 payer.,4,False,1,0,30000.0,0.0,,7,72.77295945166412,,False,True
100000003001564100,peripheral,0.6,2,0.469793,"No role indicators: 1 payer, 1 recipient, 24k KZT in / 180k KZT out.",1,False,1,1,23520.0,180000.0,7.653061224489796,7,23788.225677564355,,True,True
100000003001661100,peripheral,0.6,23,0.339055,"No role indicators: 1 payer, 5 recipients, 110k KZT in / 440k KZT out.",3,False,1,5,110000.0,439500.0,3.9954545454545456,7,1071.8919690178311,,True,True
100000003003821100,terminal,1.0,5,0.689468,"Receives 40k KZT from 1 payer, forwards 0%; outflow was traced (hop 2) — possible final recipient.",2,False,1,0,40000.0,0.0,0.0,10,42384.204156317675,,True,True
100000003004487100,peripheral,0.6,28,0.510051,"No role indicators: 4 payers, 2 recipients, 184k KZT in / 265k KZT out.",1,False,4,2,183702.8,265015.0,1.4426290726107605,7,48987.53870828133,,True,True
100000003005167100,cutoff,0.7,8,0.270994,Hop-4 node: onward transfers were not traced (export limit). Receives 7k KZT from 1 payer.,4,False,1,0,7000.0,0.0,,1,0.33858205132622926,,False,True
100000003006633100,terminal,1.0,17,0.386199,"Receives 10k KZT from 1 payer, forwards 0%; outflow was traced (hop 3) — possible final recipient.",3,False,1,0,10000.0,0.0,0.0,7,28.19148592209258,,True,True
100000003009900100,terminal,1.0,10,0.418561,"Receives 16k KZT from 1 payer, forwards 0%; outflow was traced (hop 3) — possible final recipient.",3,False,1,0,15998.0,0.0,0.0,7,123.38651525222923,,True,True
100000003010908100,cutoff,0.7,10,0.346439,Hop-4 node: onward transfers were not traced (export limit). Receives 17k KZT from 1 payer.,4,False,1,0,17000.0,0.0,,7,75.62180182031031,,False,True
100000003014659100,terminal,1.0,15,0.716226,"Receives 280k KZT from 1 payer, forwards 0%; outflow was traced (hop 1) — possible final recipient.",1,False,1,0,280000.0,0.0,0.0,8,301392.1600747755,,True,True
100000003016438100,peripheral,0.6,1,0.428045,"No role indicators: 1 payer, 1 recipient, 200k KZT in / 300k KZT out.",3,False,1,1,200000.0,300000.0,1.5,8,597.7387242166137,,True,True
100000003016635100,consolidator,0.8,2,0.284188,"Receives from 8 distinct payers, 587k KZT; forwards 999% — signs of consolidation. Also matches: distributor.",0,True,8,73,586981.0,9414081.0,,6,0.0,distributor,True,False
100000003016773100,terminal,1.0,1,0.60833,"Receives 47k KZT from 1 payer, forwards 0%; outflow was traced (hop 2) — possible final recipient.",2,False,1,0,46555.0,0.0,0.0,9,2908.923637953296,,True,True
100000003022835100,terminal,1.0,5,0.710654,"Receives 125k KZT from 1 payer, forwards 0%; outflow was traced (hop 1) — possible final recipient.",1,False,1,0,125000.0,0.0,0.0,10,132455.7689589132,,True,True
100000003024542100,terminal,1.0,5,0.646875,"Receives 8k KZT from 1 payer, forwards 0%; outflow was traced (hop 2) — possible final recipient.",2,False,1,0,8500.0,0.0,0.0,10,9006.643383217506,,True,True
100000003025903100,cutoff,0.7,22,0.400821,Hop-4 node: onward transfers were not traced (export limit). Receives 386k KZT from 1 payer.,4,False,1,0,386300.0,0.0,,7,553.746798210184,,False,True
100000003031003100,terminal,1.0,1,0.616659,"Receives 280k KZT from 3 payers, forwards 0%; outflow was traced (hop 3) — possible final recipient.",3,False,3,0,280090.0,0.0,0.0,9,137.38576998053097,,True,True
100000003031633100,terminal,1.0,1,0.555705,"Receives 414k KZT from 1 payer, forwards 0%; outflow was traced (hop 3) — possible final recipient.",3,False,1,0,414000.0,0.0,0.0,8,443.1935260149121,,True,True
100000003031761100,terminal,1.0,22,0.392916,"Receives 460k KZT from 1 payer, forwards 0%; outflow was traced (hop 3) — possible final recipient.",3,False,1,0,460408.0,0.0,0.0,1,992.6027575439566,,True,True
100000003031890100,terminal,1.0,34,0.416381,"Receives 215k KZT from 1 payer, forwards 0%; outflow was traced (hop 2) — possible final recipient.",2,False,1,0,215000.0,0.0,0.0,1,3419.889155239962,,True,True
100000003034546100,terminal,1.0,1,0.527702,"Receives 487k KZT from 1 payer, forwards 0%; outflow was traced (hop 2) — possible final recipient.",2,False,1,0,486715.0,0.0,0.0,1,55518.79580553353,,True,True
100000003035737100,terminal,0.9191,14,0.615714,"Receives 809k KZT from 2 payers, forwards 1%; outflow was traced (hop 3) — possible final recipient.",3,False,2,1,809170.0,6544.53,0.008087954323566123,7,1111.8518790997578,,True,True
100000003036198100,terminal,1.0,0,0.460576,"Receives 15k KZT from 1 payer, forwards 0%; outflow was traced (hop 2) — possible final recipient.",2,False,1,0,15000.0,0.0,0.0,7,214.0719945643807,,True,True
100000003037476100,cutoff,0.7,1,0.560529,Hop-4 node: onward transfers were not traced (export limit). Receives 555k KZT from 3 payers.,4,False,3,0,555000.0,0.0,,8,258.07613566298653,,False,True
100000003037660100,terminal,1.0,5,0.698365,"Receives 53k KZT from 1 payer, forwards 0%; outflow was traced (hop 1) — possible final recipient.",1,False,1,0,53000.0,0.0,0.0,10,56161.24603857919,,True,True
100000003039473100,terminal,1.0,2,0.601346,"Receives 23k KZT from 1 payer, forwards 0%; outflow was traced (hop 2) — possible final recipient.",2,False,1,0,23000.0,0.0,0.0,7,21387.378448028638,,True,True
100000003040087100,cutoff,0.7,10,0.344548,Hop-4 node: onward transfers were not traced (export limit). Receives 29k KZT from 1 payer.,4,False,1,0,29000.0,0.0,,7,68.9715502733375,,False,True
100000003042994100,terminal,1.0,2,0.651279,"Receives 286k KZT from 1 payer, forwards 0%; outflow was traced (hop 1) — possible final recipient.",1,False,1,0,286086.0,0.0,0.0,7,289348.56850304746,,True,True
100000003044431100,terminal,1.0,13,0.544428,"Receives 60k KZT from 2 payers, forwards 0%; outflow was traced (hop 2) — possible final recipient.",2,False,2,0,60000.0,0.0,0.0,7,1214.7085114172623,,True,True
100000003044518100,terminal,1.0,9,0.528948,"Receives 34k KZT from 1 payer, forwards 0%; outflow was traced (hop 1) — possible final recipient.",1,False,1,0,34423.0,0.0,0.0,1,34423.0,,True,True
100000003047800100,cutoff,0.7,11,0.225042,Hop-4 node: onward transfers were not traced (export limit). Receives 12k KZT from 1 payer.,4,False,1,0,12212.0,0.0,,1,8.044254462499724,,False,True
100000003050771100,terminal,1.0,13,0.49018,"Receives 229k KZT from 1 payer, forwards 0%; outflow was traced (hop 3) — possible final recipient.",3,False,1,0,229000.0,0.0,0.0,7,2503.338323767545,,True,True
100000003054328100,peripheral,0.6,11,0.272484,"No role indicators: 1 payer, 2 recipients, 140k KZT in / 194k KZT out.",2,False,1,2,140000.0,193720.0,1.3837142857142857,1,2039.0059184132826,,True,True
100000003057225100,terminal,1.0,2,0.6495,"Receives 236k KZT from 1 payer, forwards 0%; outflow was traced (hop 1) — possible final recipient.",1,False,1,0,236000.0,0.0,0.0,7,238691.38009800966,,True,True
100000003060187100,terminal,1.0,20,0.519228,"Receives 93k KZT from 1 payer, forwards 0%; outflow was traced (hop 3) — possible final recipient.",3,False,1,0,93046.0,0.0,0.0,7,696.764687689047,,True,True
100000003060517100,terminal,1.0,4,0.477057,"Receives 316k KZT from 1 payer, forwards 0%; outflow was traced (hop 3) — possible final recipient.",3,False,1,0,315955.0,0.0,0.0,7,1198.2207063771245,,True,True
100000003061115100,cutoff,0.7,3,0.383138,Hop-4 node: onward transfers were not traced (export limit). Receives 45k KZT from 1 payer.,4,False,1,0,45000.0,0.0,,7,289.3832574779368,,False,True
100000003062895100,terminal,1.0,1,0.701501,"Receives 328k KZT from 2 payers, forwards 0%; outflow was traced (hop 2) — possible final recipient.",2,False,2,0,328444.0,0.0,0.0,9,11155.902462447984,,True,True
100000003066385100,terminal,1.0,0,0.609686,"Receives 20k KZT from 2 payers, forwards 0%; outflow was traced (hop 1) — possible final recipient.",1,False,2,0,20000.0,0.0,0.0,7,10105.934459512062,,True,True
100000003068941100,peripheral,0.6,0,0.479368,"No role indicators: 3 payers, 1 recipient, 94k KZT in / 25k KZT out.",2,False,3,1,94000.0,25000.0,0.26595744680851063,7,7328.0452409624495,,True,True
100000003069463100,peripheral,0.6,27,0.224064,"No role indicators: 1 payer, 1 recipient, 12k KZT in / 18k KZT out.",3,False,1,1,11500.0,17920.0,1.5582608695652174,7,3.532130081897694,,True,True
100000003071649100,terminal,1.0,1,0.554059,"Receives 190k KZT from 1 payer, forwards 0%; outflow was traced (hop 3) — possible final recipient.",3,False,1,0,189500.0,0.0,0.0,9,238.7493041103261,,True,True
100000003071930100,terminal,0.8953,9,0.779471,"Receives 478k KZT from 3 payers, forwards 1%; outflow was traced (hop 1) — possible final recipient.",1,False,3,1,477610.0,5000.0,0.010468792529469651,8,228372.35130170325,,True,True
100000003072205100,cutoff,0.7,1,0.482226,Hop-4 node: onward transfers were not traced (export limit). Receives 163k KZT from 2 payers.,4,False,2,0,163000.0,0.0,,8,14.346353698654656,,False,True
100000003072676100,terminal,1.0,4,0.418005,"Receives 32k KZT from 1 payer, forwards 0%; outflow was traced (hop 3) — possible final recipient.",3,False,1,0,31545.0,0.0,0.0,7,119.6305555622364,,True,True
100000003073398100,terminal,1.0,8,0.516048,"Receives 93k KZT from 1 payer, forwards 0%; outflow was traced (hop 2) — possible final recipient.",2,False,1,0,92960.0,0.0,0.0,1,22310.994959865595,,True,True
100000003073635100,terminal,1.0,3,0.46994,"Receives 129k KZT from 1 payer, forwards 0%; outflow was traced (hop 3) — possible final recipient.",3,False,1,0,129231.0,0.0,0.0,7,863.6793875611382,,True,True
100000003074515100,cutoff,0.7,1,0.445994,Hop-4 node: onward transfers were not traced (export limit). Receives 105k KZT from 1 payer.,4,False,1,0,105000.0,0.0,,8,69.35926107906889,,False,True
100000003078839100,cutoff,0.7,3,0.344437,Hop-4 node: onward transfers were not traced (export limit). Receives 14k KZT from 1 payer.,4,False,1,0,14000.0,0.0,,7,68.77134285312766,,False,True
100000003083865100,cutoff,0.7,10,0.330592,Hop-4 node: onward transfers were not traced (export limit). Receives 15k KZT from 1 payer.,4,False,1,0,15000.0,0.0,,7,35.674939796553886,,False,True
100000003084870100,cutoff,0.7,11,0.244615,Hop-4 node: onward transfers were not traced (export limit). Receives 6k KZT from 1 payer.,4,False,1,0,6500.0,0.0,,2,2.0815939027957877,,False,True
100000003086040100,terminal,1.0,3,0.49385,"Receives 10k KZT from 1 payer, forwards 0%; outflow was traced (hop 2) — possible final recipient.",2,False,1,0,10500.0,0.0,0.0,7,3170.2200597594924,,True,True
100000003087877100,terminal,1.0,22,0.353881,"Receives 91k KZT from 1 payer, forwards 0%; outflow was traced (hop 3) — possible final recipient.",3,False,1,0,91486.0,0.0,0.0,1,197.2364856315842,,True,True
100000003089018100,terminal,1.0,1,0.50635,"Receives 230k KZT from 1 payer, forwards 0%; outflow was traced (hop 2) — possible final recipient.",2,False,1,0,230000.0,0.0,0.0,1,26235.729400722626,,True,True
100000003089553100,terminal,1.0,1,0.508218,"Receives 150k KZT from 1 payer, forwards 0%; outflow was traced (hop 3) — possible final recipient.",3,False,1,0,150000.0,0.0,0.0,8,78.59921208776936,,True,True
100000003091142100,cutoff,0.7,3,0.36679,Hop-4 node: onward transfers were not traced (export limit). Receives 40k KZT from 1 payer.,4,False,1,0,40000.0,0.0,,7,163.19173380692826,,False,True
100000003093299100,terminal,1.0,0,0.398855,"Receives 15k KZT from 1 payer, forwards 0%; outflow was traced (hop 3) — possible final recipient.",3,False,1,0,15000.0,0.0,0.0,7,12.754219449753164,,True,True
100000003095610100,terminal,1.0,10,0.43046,"Receives 24k KZT from 1 payer, forwards 0%; outflow was traced (hop 3) — possible final recipient.",3,False,1,0,23665.0,0.0,0.0,7,182.5191826130769,,True,True
100000003096787100,cutoff,0.7,10,0.332983,Hop-4 node: onward transfers were not traced (export limit). Receives 16k KZT from 1 payer.,4,False,1,0,16400.0,0.0,,7,39.00460084423225,,False,True
100000003097324100,terminal,1.0,1,0.661355,"Receives 294k KZT from 2 payers, forwards 0%; outflow was traced (hop 3) — possible final recipient.",3,False,2,0,294000.0,0.0,0.0,9,1322.2264771943103,,True,True
100000003097947100,cutoff,0.7,3,0.33554,Hop-4 node: onward transfers were not traced (export limit). Receives 53k KZT from 1 payer.,4,False,1,0,52980.0,0.0,,7,48.022332302731314,,False,True
100000003102157100,terminal,1.0,0,0.599366,"Receives 97k KZT from 1 payer, forwards 0%; outflow was traced (hop 1) — possible final recipient.",1,False,1,0,96746.0,0.0,0.0,7,97695.06614348407,,True,True
100000003104347100,peripheral,0.6,24,0.387765,"No role indicators: 1 payer, 1 recipient, 418k KZT in / 32k KZT out.",2,False,1,1,418000.0,32000.0,0.07655502392344497,7,13065.456727936917,,True,True
100000003105089100,cutoff,0.7,18,0.362731,Hop-4 node: onward transfers were not traced (export limit). Receives 10k KZT from 1 payer.,4,False,1,0,10000.0,0.0,,7,141.1073470075779,,False,True
100000003105929100,peripheral,0.6,4,0.322151,"No role indicators: 1 payer, 1 recipient, 430k KZT in / 156k KZT out.",3,False,1,1,429567.0,156354.0,0.3639804733603838,7,491.8030911913878,,True,True
100000003109805100,terminal,1.0,17,0.409442,"Receives 37k KZT from 1 payer, forwards 0%; outflow was traced (hop 3) — possible final recipient.",3,False,1,0,36929.0,0.0,0.0,7,91.46537324621,,True,True
100000003111305100,terminal,1.0,8,0.694139,"Receives 509k KZT from 4 payers, forwards 0%; outflow was traced (hop 3) — possible final recipient.",3,False,4,0,509338.0,0.0,0.0,8,3097.71771077914,,True,True
100000003112436100,terminal,1.0,18,0.536777,"Receives 100k KZT from 1 payer, forwards 0%; outflow was traced (hop 2) — possible final recipient.",2,False,1,0,100000.0,0.0,0.0,7,21744.815427798436,,True,True
100000003112578100,terminal,1.0,11,0.335754,"Receives 101k KZT from 1 payer, forwards 0%; outflow was traced (hop 3) — possible final recipient.",3,False,1,0,101080.0,0.0,0.0,2,32.41991744172958,,True,True
100000003115284100,coordinator,1.0,5,0.968083,Money from 11 seeds converges here via 7 collector/transit accounts across 5 clusters — candidate upper-level node for review. Also matches: consolidator.,1,False,8,2,2160500.0,517000.0,0.23929645915297384,11,909465.0073143267,consolidator,True,True
100000003116106100,terminal,1.0,4,0.461154,"Receives 494k KZT from 1 payer, forwards 0%; outflow was traced (hop 3) — possible final recipient.",3,False,1,0,494050.0,0.0,0.0,7,565.6284519134504,,True,True
100000003119550100,terminal,1.0,7,0.489546,"Receives 21k KZT from 1 payer, forwards 0%; outflow was traced (hop 1) — possible final recipient.",1,False,1,0,21000.0,0.0,0.0,1,21262.050481561713,,True,True
100000003122817100,terminal,1.0,27,0.42212,"Receives 445k KZT from 1 payer, forwards 0%; outflow was traced (hop 3) — possible final recipient.",3,False,1,0,444680.0,0.0,0.0,7,136.57979172332753,,True,True
100000003123296100,terminal,1.0,12,0.528903,"Receives 86k KZT from 1 payer, forwards 0%; outflow was traced (hop 1) — possible final recipient.",1,False,1,0,86200.0,0.0,0.0,1,86200.0,,True,True
100000003125997100,cutoff,0.7,1,0.482582,Hop-4 node: onward transfers were not traced (export limit). Receives 88k KZT from 1 payer.,4,False,1,0,87750.0,0.0,,8,262.2567800540693,,False,True
100000003128638100,cutoff,0.7,1,0.397507,Hop-4 node: onward transfers were not traced (export limit). Receives 300k KZT from 1 payer.,4,False,1,0,300000.0,0.0,,8,1.5285708376061402,,False,True
100000003131016100,peripheral,0.6,3,0.415678,"No role indicators: 1 payer, 1 recipient, 406k KZT in / 126k KZT out.",2,False,1,1,405700.0,126000.0,0.31057431599704216,7,35056.43201276845,,True,True
100000003131693100,terminal,1.0,5,0.72083,"Receives 353k KZT from 1 payer, forwards 0%; outflow was traced (hop 1) — possible final recipient.",1,False,1,0,353277.0,0.0,0.0,10,374348.6135239838,,True,True
100000003132484100,terminal,1.0,1,0.480383,"Receives 90k KZT from 1 payer, forwards 0%; outflow was traced (hop 3) — possible final recipient.",3,False,1,0,90000.0,0.0,0.0,1,10266.154982891463,,True,True
100000003133045100,cutoff,0.7,29,0.298508,Hop-4 node: onward transfers were not traced (export limit). Receives 68k KZT from 1 payer.,4,False,1,0,68000.0,0.0,,7,3.3455857970002807,,False,True
100000003134474100,terminal,1.0,4,0.421008,"Receives 116k KZT from 1 payer, forwards 0%; outflow was traced (hop 3) — possible final recipient.",3,False,1,0,116000.0,0.0,0.0,7,132.80619455917468,,True,True
100000003134550100,cutoff,0.7,1,0.396061,Hop-4 node: onward transfers were not traced (export limit). Receives 100k KZT from 1 payer.,4,False,1,0,100000.0,0.0,,8,0.8327956823973803,,False,True
100000003134934100,terminal,1.0,3,0.691025,"Receives 379k KZT from 4 payers, forwards 0%; outflow was traced (hop 2) — possible final recipient.",2,False,4,0,379354.0,0.0,0.0,9,20064.77557737445,,True,True
100000003134937100,terminal,1.0,2,0.582996,"Receives 10k KZT from 1 payer, forwards 0%; outflow was traced (hop 1) — possible final recipient.",1,False,1,0,10286.0,0.0,0.0,7,10403.303117322574,,True,True
100000003146511100,cutoff,0.7,13,0.32631,Hop-4 node: onward transfers were not traced (export limit). Receives 10k KZT from 1 payer.,4,False,1,0,10000.0,0.0,,7,28.507997554841392,,False,True
100000003147719100,terminal,1.0,1,0.53482,"Receives 100k KZT from 1 payer, forwards 0%; outflow was traced (hop 3) — possible final recipient.",3,False,1,0,100000.0,0.0,0.0,9,125.9890786861879,,True,True
100000003148220100,peripheral,0.6,59,0.382204,"No role indicators: 1 payer, 2 recipients, 6k KZT in / 43k KZT out.",1,False,1,2,5650.0,43400.0,7.68141592920354,1,10891.929112956317,,True,True
100000003149149100,terminal,1.0,4,0.442137,"Receives 245k KZT from 1 payer, forwards 0%; outflow was traced (hop 3) — possible final recipient.",3,False,1,0,245000.0,0.0,0.0,7,280.49584195687754,,True,True
100000003152964100,terminal,0.6123,3,0.471163,"Receives 142k KZT from 1 payer, forwards 4%; outflow was traced (hop 3) — possible final recipient.",3,False,1,1,141847.0,5500.0,0.03877417217142414,7,947.9949090186161,,True,True
100000003154105100,peripheral,0.6,18,0.365634,"No role indicators: 1 payer, 7 recipients, 60k KZT in / 338k KZT out.",3,False,1,7,60000.0,338000.0,5.633333333333334,7,4810.019095490305,,True,True
100000003157333100,terminal,1.0,8,0.4878,"Receives 30k KZT from 1 payer, forwards 0%; outflow was traced (hop 2) — possible final recipient.",2,False,1,0,30000.0,0.0,0.0,1,7200.192005120137,,True,True
100000003157679100,terminal,1.0,1,0.673009,"Receives 541k KZT from 4 payers, forwards 0%; outflow was traced (hop 3) — possible final recipient.",3,False,4,0,541000.0,0.0,0.0,9,1035.6266355226664,,True,True
100000003158727100,terminal,1.0,9,0.790836,"Receives 368k KZT from 3 payers, forwards 0%; outflow was traced (hop 1) — possible final recipient.",1,False,3,0,367940.0,0.0,0.0,9,176611.59273185048,,True,True
100000003159641100,peripheral,0.6,2,0.500554,"No role indicators: 4 payers, 1 recipient, 64k KZT in / 198k KZT out.",2,False,4,1,64000.0,197800.0,3.090625,7,2012.998389476627,,True,True
100000003163256100,peripheral,0.6,2,0.45389,"No role indicators: 1 payer, 1 recipient, 13k KZT in / 15k KZT out.",1,False,1,1,13485.0,15000.0,1.1123470522803114,7,13638.785002634155,,True,True
100000003163886100,terminal,1.0,18,0.592894,"Receives 500k KZT from 1 payer, forwards 0%; outflow was traced (hop 3) — possible final recipient.",3,False,1,0,500000.0,0.0,0.0,10,7255.06937812348,,True,True
100000003164661100,terminal,1.0,54,0.454304,"Receives 596k KZT from 1 payer, forwards 0%; outflow was traced (hop 3) — possible final recipient.",3,False,1,0,596200.0,0.0,0.0,1,19990.994472550123,,True,True
100000003166017100,cutoff,0.7,10,0.330592,Hop-4 node: onward transfers were not traced (export limit). Receives 15k KZT from 1 payer.,4,False,1,0,15000.0,0.0,,7,35.674939796553886,,False,True
100000003166755100,terminal,1.0,0,0.473921,"Receives 24k KZT from 1 payer, forwards 0%; outflow was traced (hop 2) — possible final recipient.",2,False,1,0,24010.0,0.0,0.0,7,342.657905966052,,True,True
100000003171006100,terminal,1.0,1,0.636332,"Receives 485k KZT from 2 payers, forwards 0%; outflow was traced (hop 3) — possible final recipient.",3,False,2,0,485000.0,0.0,0.0,9,428.2524809600526,,True,True
100000003171587100,peripheral,0.6,22,0.404646,"No role indicators: 2 payers, 2 recipients, 700k KZT in / 431k KZT out.",3,False,2,2,700000.0,431300.0,0.6161428571428571,7,1003.6244686744116,,True,True
100000003173783100,cutoff,0.7,11,0.331537,Hop-4 node: onward transfers were not traced (export limit). Receives 24k KZT from 1 payer.,4,False,1,0,23500.0,0.0,,7,37.275958022632445,,False,True
100000003177533100,cutoff,0.7,14,0.401043,Hop-4 node: onward transfers were not traced (export limit). Receives 20k KZT from 1 payer.,4,False,1,0,20000.0,0.0,,7,31.657474944406665,,False,True
100000003178549100,peripheral,0.6,17,0.417102,"No role indicators: 2 payers, 4 recipients, 250k KZT in / 89k KZT out.",3,False,2,4,250000.0,89080.0,0.35632,7,1882.9428229269745,,True,True
100000003180305100,cutoff,0.7,4,0.385363,Hop-4 node: onward transfers were not traced (export limit). Receives 144k KZT from 1 payer.,4,False,1,0,144000.0,0.0,,7,307.0025295953763,,False,True
100000003180820100,cutoff,0.7,1,0.445216,Hop-4 node: onward transfers were not traced (export limit). Receives 101k KZT from 1 payer.,4,False,1,0,101000.0,0.0,,8,66.71700351415198,,False,True
100000003186579100,cutoff,0.7,3,0.399597,Hop-4 node: onward transfers were not traced (export limit). Receives 110k KZT from 1 payer.,4,False,1,0,110000.0,0.0,,7,540.3462652745745,,False,True
100000003187359100,terminal,1.0,7,0.486377,"Receives 19k KZT from 1 payer, forwards 0%; outflow was traced (hop 1) — possible final recipient.",1,False,1,0,19072.0,0.0,0.0,1,19309.991751635476,,True,True
100000003188607100,peripheral,0.6,9,0.358583,"No role indicators: 1 payer, 1 recipient, 18k KZT in / 5k KZT out.",2,False,1,1,18000.0,5000.0,0.2777777777777778,1,9636.015141153695,,True,True
100000003190207100,peripheral,0.6,21,0.455948,"No role indicators: 1 payer, 1 recipient, 5k KZT in / 377k KZT out.",3,False,1,1,5000.0,377000.0,75.4,8,453.70911687429225,,True,True
100000003191430100,terminal,1.0,2,0.604682,"Receives 180k KZT from 1 payer, forwards 0%; outflow was traced (hop 2) — possible final recipient.",2,False,1,0,180000.0,0.0,0.0,7,23787.74162949971,,True,True
100000003192220100,terminal,1.0,2,0.595563,"Receives 60k KZT from 1 payer, forwards 0%; outflow was traced (hop 2) — possible final recipient.",2,False,1,0,60000.0,0.0,0.0,7,17668.35471336207,,True,True
100000003192309100,peripheral,0.6,56,0.156326,"No role indicators: 1 payer, 1 recipient, 17k KZT in / 213k KZT out.",3,False,1,1,17200.0,213000.0,12.383720930232558,1,11.563020953485704,,True,True
100000003194831100,cutoff,0.7,11,0.220594,Hop-4 node: onward transfers were not traced (export limit). Receives 6k KZT from 1 payer.,4,False,1,0,6265.0,0.0,,1,4.130725592386686,,False,True
100000003199390100,cutoff,0.7,4,0.362231,Hop-4 node: onward transfers were not traced (export limit). Receives 260k KZT from 1 payer.,4,False,1,0,260000.0,0.0,,7,137.16915504546182,,False,True
100000003200071100,peripheral,0.9,60,0.061109,"No role indicators: 0 payers, 1 recipient, 0 KZT in / 30k KZT out.",0,True,0,1,0.0,30000.0,,0,0.0,,True,False
100000003204491100,peripheral,0.6,3,0.330047,"No role indicators: 1 payer, 1 recipient, 140k KZT in / 100k KZT out.",3,False,1,1,140000.0,100000.0,0.7142857142857143,7,684.3693930296878,,True,True
100000003205210100,terminal,1.0,5,0.71171,"Receives 138k KZT from 1 payer, forwards 0%; outflow was traced (hop 1) — possible final recipient.",1,False,1,0,137563.0,0.0,0.0,10,145768.10356235984,,True,True
100000003207060100,cutoff,0.7,5,0.453023,Hop-4 node: onward transfers were not traced (export limit). Receives 53k KZT from 1 payer.,4,False,1,0,53000.0,0.0,,7,640.7098607373485,,False,True
100000003213473100,distributor,0.5333,0,0.451875,Fans out to 11 recipients (240k KZT) against 1 payer — pattern consistent with a distribution layer.,3,False,1,11,57500.0,240000.0,4.173913043478261,7,48.891174557387124,,True,True
100000003214786100,cutoff,0.7,3,0.341713,Hop-4 node: onward transfers were not traced (export limit). Receives 5k KZT from 1 payer.,4,False,1,0,5000.0,0.0,,7,60.44432648465551,,False,True
100000003215448100,peripheral,0.6,3,0.327155,"No role indicators: 1 payer, 2 recipients, 91k KZT in / 124k KZT out.",3,False,1,2,91309.0,124000.0,1.3580260434349298,7,610.2382648034912,,True,True
100000003216073100,peripheral,0.6,22,0.193136,"No role indicators: 1 payer, 1 recipient, 37k KZT in / 70k KZT out.",3,False,1,1,37001.0,70000.0,1.891840761060512,1,79.77119127357462,,True,True
100000003218308100,terminal,1.0,0,0.39296,"Receives 11k KZT from 1 payer, forwards 0%; outflow was traced (hop 3) — possible final recipient.",3,False,1,0,11165.0,0.0,0.0,7,9.493390677099605,,True,True
100000003219438100,terminal,1.0,23,0.522987,"Receives 32k KZT from 1 payer, forwards 0%; outflow was traced (hop 2) — possible final recipient.",2,False,1,0,32000.0,0.0,0.0,7,13274.696087221735,,True,True
100000003220685100,cutoff,0.7,4,0.390478,Hop-4 node: onward transfers were not traced (export limit). Receives 1.3M KZT from 1 payer.,4,False,1,0,1306000.0,0.0,,7,373.7357970035804,,False,True
100000003221384100,terminal,1.0,2,0.630927,"Receives 511k KZT from 1 payer, forwards 0%; outflow was traced (hop 2) — possible final recipient.",2,False,1,0,511200.0,0.0,0.0,7,58130.96598569459,,True,True
100000003221510100,peripheral,0.6,0,0.271639,"No role indicators: 1 payer, 2 recipients, 24k KZT in / 120k KZT out.",3,False,1,2,24000.0,120000.0,5.0,7,20.40675111960506,,True,True
100000003230328100,cutoff,0.7,0,0.44327,Hop-4 node: onward transfers were not traced (export limit). Receives 27k KZT from 3 payers.,4,False,3,0,26572.0,0.0,,7,53.098599914668355,,False,True
100000003230329100,cutoff,0.7,1,0.446439,Hop-4 node: onward transfers were not traced (export limit). Receives 110k KZT from 1 payer.,4,False,1,0,110000.0,0.0,,8,72.66208303521505,,False,True
100000003232675100,cutoff,0.7,13,0.359006,Hop-4 node: onward transfers were not traced (export limit). Receives 44k KZT from 1 payer.,4,False,1,0,44000.0,0.0,,7,125.43518924130211,,False,True
100000003235780100,terminal,1.0,0,0.619139,"Receives 65k KZT from 2 payers, forwards 0%; outflow was traced (hop 1) — possible final recipient.",1,False,2,0,65000.0,0.0,0.0,7,15189.662186225241,,True,True
100000003237045100,peripheral,0.6,2,0.445549,"No role indicators: 1 payer, 1 recipient, 340k KZT in / 150k KZT out.",2,False,1,1,340200.0,150000.0,0.4409171075837742,7,9716.978211279888,,True,True
100000003239379100,terminal,1.0,12,0.529571,"Receives 92k KZT from 1 payer, forwards 0%; outflow was traced (hop 1) — possible final recipient.",1,False,1,0,92500.0,0.0,0.0,1,92500.0,,True,True
100000003239859100,terminal,1.0,12,0.489146,"Receives 19k KZT from 1 payer, forwards 0%; outflow was traced (hop 1) — possible final recipient.",1,False,1,0,18600.0,0.0,0.0,1,18600.0,,True,True
100000003241965100,terminal,1.0,10,0.41667,"Receives 15k KZT from 1 payer, forwards 0%; outflow was traced (hop 3) — possible final recipient.",3,False,1,0,15000.0,0.0,0.0,7,115.68931921386664,,True,True
100000003242289100,distributor,0.9333,17,0.612807,Fans out to 23 recipients (2.4M KZT) against 3 payers — pattern consistent with a distribution layer.,2,False,3,23,550791.0,2377741.0,4.316956885642648,7,5897.58337062899,,True,True
100000003242795100,terminal,1.0,4,0.420118,"Receives 111k KZT from 1 payer, forwards 0%; outflow was traced (hop 3) — possible final recipient.",3,False,1,0,111000.0,0.0,0.0,7,127.0817896212792,,True,True
100000003246024100,peripheral,0.6,3,0.352511,"No role indicators: 1 payer, 1 recipient, 25k KZT in / 5k KZT out.",2,False,1,1,25000.0,5000.0,0.2,7,2160.243530488566,,True,True
100000003247600100,cutoff,0.7,0,0.410251,Hop-4 node: onward transfers were not traced (export limit). Receives 58k KZT from 1 payer.,4,False,1,0,58000.0,0.0,,7,300.6668727608454,,False,True
100000003249054100,consolidator,0.7,0,0.719133,"Receives from 7 distinct payers, 100k KZT; forwards 15% — signs of consolidation.",2,False,7,1,99700.0,15000.0,0.15045135406218657,7,2007.4205031004603,,True,True
100000003252446100,cutoff,0.7,1,0.396506,Hop-4 node: onward transfers were not traced (export limit). Receives 109k KZT from 1 payer.,4,False,1,0,108600.0,0.0,,8,0.904416111083555,,False,True
100000003254277100,transit,0.8229,0,0.420096,"In 49k KZT / out 45k KZT (ratio 0.91), 100% forwarded within 2 days — pattern consistent with transit.",3,False,1,1,49200.0,44997.0,0.9145731707317073,7,41.833839795190386,,True,True
100000003254723100,terminal,1.0,14,0.73502,"Receives 270k KZT from 1 payer, forwards 0%; outflow was traced (hop 2) — possible final recipient.",2,False,1,0,269850.0,0.0,0.0,10,141777.47623374834,,True,True
100000003265158100,transit,0.9728,12,0.763101,"In 146k KZT / out 154k KZT (ratio 1.06), 100% forwarded within 2 days — pattern consistent with transit.",1,False,3,2,146100.4,154200.0,1.055438588806054,9,102715.29982440428,,True,True
100000003265658100,peripheral,0.9,70,0.061431,Known seed; no transfers above the export threshold observed in the covered period.,0,True,0,0,0.0,0.0,,0,0.0,,True,False
100000003270419100,terminal,1.0,13,0.642605,"Receives 150k KZT from 1 payer, forwards 0%; outflow was traced (hop 3) — possible final recipient.",3,False,1,0,150000.0,0.0,0.0,10,46453.389367004645,,True,True
100000003271151100,terminal,1.0,3,0.469161,"Receives 127k KZT from 1 payer, forwards 0%; outflow was traced (hop 3) — possible final recipient.",3,False,1,0,127294.0,0.0,0.0,7,850.7339876671041,,True,True
100000003275398100,peripheral,0.6,34,0.286274,"No role indicators: 1 payer, 1 recipient, 300k KZT in / 20k KZT out.",2,False,1,1,300000.0,20000.0,0.06666666666666667,1,4771.938356148782,,True,True
100000003278020100,terminal,1.0,0,0.524411,"Receives 190k KZT from 1 payer, forwards 0%; outflow was traced (hop 2) — possible final recipient.",2,False,1,0,190000.0,0.0,0.0,7,4153.353191665238,,True,True
100000003284932100,terminal,1.0,5,0.702702,"Receives 70k KZT from 1 payer, forwards 0%; outflow was traced (hop 1) — possible final recipient.",1,False,1,0,69925.0,0.0,0.0,10,74095.75715561604,,True,True
100000003286537100,terminal,1.0,1,0.589157,"Receives 153k KZT from 2 payers, forwards 0%; outflow was traced (hop 3) — possible final recipient.",3,False,2,0,153000.0,0.0,0.0,8,131.812704764958,,True,True
100000003289281100,cutoff,0.7,3,0.416501,Hop-4 node: onward transfers were not traced (export limit). Receives 40k KZT from 1 payer.,4,False,1,0,40000.0,0.0,,7,1178.7230599225663,,False,True
100000003289405100,terminal,1.0,5,0.481595,"Receives 355k KZT from 1 payer, forwards 0%; outflow was traced (hop 2) — possible final recipient.",2,False,1,0,355000.0,0.0,0.0,1,7687.701074371202,,True,True
100000003292191100,terminal,1.0,1,0.48631,"Receives 112k KZT from 1 payer, forwards 0%; outflow was traced (hop 3) — possible final recipient.",3,False,1,0,112000.0,0.0,0.0,8,26.24097533569367,,True,True
100000003292979100,terminal,1.0,15,0.692249,"Receives 49k KZT from 1 payer, forwards 0%; outflow was traced (hop 2) — possible final recipient.",2,False,1,0,48950.0,0.0,0.0,10,22420.924471891005,,True,True
100000003293377100,terminal,1.0,4,0.399989,"Receives 50k KZT from 1 payer, forwards 0%; outflow was traced (hop 3) — possible final recipient.",3,False,1,0,50000.0,0.0,0.0,7,57.24404937895459,,True,True
100000003299365100,transit,1.0,5,0.716492,"In 200k KZT / out 200k KZT (ratio 1.00), 100% forwarded within 2 days — pattern consistent with transit.",1,False,1,1,200000.0,200000.0,1.0,10,211929.23033426114,,True,True
100000003321423100,terminal,1.0,15,0.660287,"Receives 100k KZT from 1 payer, forwards 0%; outflow was traced (hop 2) — possible final recipient.",2,False,1,0,100000.0,0.0,0.0,8,17661.518605868634,,True,True
100000003321895100,peripheral,0.6,2,0.398174,"No role indicators: 1 payer, 2 recipients, 24k KZT in / 554k KZT out.",3,False,1,2,24000.0,553830.0,23.07625,7,784.9102324206103,,True,True
100000003336565100,terminal,1.0,19,0.36389,"Receives 17k KZT from 1 payer, forwards 0%; outflow was traced (hop 2) — possible final recipient.",2,False,1,0,16550.0,0.0,0.0,1,287.95695982088023,,True,True
100000003338583100,terminal,1.0,36,0.319629,"Receives 22k KZT from 1 payer, forwards 0%; outflow was traced (hop 3) — possible final recipient.",3,False,1,0,21765.0,0.0,0.0,1,53.17860341191761,,True,True
100000003345947100,cutoff,0.7,14,0.432404,Hop-4 node: onward transfers were not traced (export limit). Receives 80k KZT from 1 payer.,4,False,1,0,79500.0,0.0,,7,125.8384629040165,,False,True
100000003349739100,peripheral,0.9,71,0.061431,Known seed; no transfers above the export threshold observed in the covered period.,0,True,0,0,0.0,0.0,,0,0.0,,True,False
100000003360542100,peripheral,0.6,5,0.64893,"No role indicators: 2 payers, 2 recipients, 317k KZT in / 52k KZT out.",2,False,2,2,317000.0,51800.0,0.16340694006309148,11,133372.43109449846,,True,True
100000003366154100,peripheral,0.6,15,0.597006,"No role indicators: 1 payer, 3 recipients, 125k KZT in / 289k KZT out.",1,False,1,3,125000.0,289170.0,2.31336,10,132455.7689589132,,True,True
100000003366471100,peripheral,0.6,3,0.424998,"No role indicators: 2 payers, 1 recipient, 330k KZT in / 20k KZT out.",3,False,2,1,329789.0,20000.0,0.0606448365470043,7,2940.9883785244547,,True,True
100000003370425100,cutoff,0.7,13,0.435296,Hop-4 node: onward transfers were not traced (export limit). Receives 20k KZT from 1 payer.,4,False,1,0,20000.0,0.0,,7,3370.4569992934166,,False,True
100000003377795100,terminal,1.0,9,0.487133,"Receives 7k KZT from 1 payer, forwards 0%; outflow was traced (hop 1) — possible final recipient.",1,False,1,0,7000.0,0.0,0.0,1,7000.0,,True,True
100000003390036100,peripheral,0.6,5,0.644704,"No role indicators: 2 payers, 2 recipients, 231k KZT in / 62k KZT out.",2,False,2,2,231300.0,62000.0,0.2680501513186338,11,97311.40428236642,,True,True
100000003404627100,terminal,1.0,1,0.807329,"Receives 878k KZT from 4 payers, forwards 0%; outflow was traced (hop 1) — possible final recipient.",1,False,4,0,877700.0,0.0,0.0,11,2618812.561486986,,True,True
100000003406094100,peripheral,0.6,2,0.436208,"No role indicators: 1 payer, 3 recipients, 70k KZT in / 47k KZT out.",3,False,1,3,70000.0,47000.0,0.6714285714285714,7,6259.375993859318,,True,True
100000003447411100,cutoff,0.7,14,0.385696,Hop-4 node: onward transfers were not traced (export limit). Receives 302k KZT from 1 payer.,4,False,1,0,302000.0,0.0,,7,12.241719181618123,,False,True
100000003448713100,cutoff,0.7,14,0.38236,Hop-4 node: onward transfers were not traced (export limit). Receives 267k KZT from 1 payer.,4,False,1,0,266750.0,0.0,,7,10.812843018863026,,False,True
100000003449074100,terminal,1.0,0,0.542538,"Receives 10k KZT from 1 payer, forwards 0%; outflow was traced (hop 1) — possible final recipient.",1,False,1,0,10000.0,0.0,0.0,7,10098.098747595155,,True,True
100000003457710100,peripheral,0.6,4,0.315589,"No role indicators: 1 payer, 1 recipient, 327k KZT in / 1.3M KZT out.",3,False,1,1,326555.0,1306000.0,3.999326300316945,7,373.86661089889037,,True,True
100000003470579100,cutoff,0.7,27,0.355113,Hop-4 node: onward transfers were not traced (export limit). Receives 357k KZT from 1 payer.,4,False,1,0,357000.0,0.0,,7,109.58026112464324,,False,True
100000003476560100,terminal,1.0,5,0.696475,"Receives 50k KZT from 1 payer, forwards 0%; outflow was traced (hop 1) — possible final recipient.",1,False,1,0,50000.0,0.0,0.0,10,52982.307583565285,,True,True
100000003481025100,cutoff,0.7,0,0.327289,Hop-4 node: onward transfers were not traced (export limit). Receives 9k KZT from 1 payer.,4,False,1,0,9000.0,0.0,,7,5.484600254475151,,False,True
100000003484058100,peripheral,0.6,16,0.281893,"No role indicators: 1 payer, 1 recipient, 110k KZT in / 6k KZT out.",3,False,1,1,110000.0,6000.0,0.05454545454545454,7,116.4139258862422,,True,True
100000003486846100,cutoff,0.7,2,0.419126,Hop-4 node: onward transfers were not traced (export limit). Receives 27k KZT from 1 payer.,4,False,1,0,27000.0,0.0,,7,106.59636486406997,,False,True
100000003486970100,terminal,1.0,4,0.428459,"Receives 150k KZT from 1 payer, forwards 0%; outflow was traced (hop 3) — possible final recipient.",3,False,1,0,150000.0,0.0,0.0,7,171.73214813686377,,True,True
100000003497735100,terminal,1.0,20,0.524566,"Receives 125k KZT from 1 payer, forwards 0%; outflow was traced (hop 3) — possible final recipient.",3,False,1,0,125000.0,0.0,0.0,7,936.0486851786308,,True,True
100000003500764100,cutoff,0.7,17,0.332427,Hop-4 node: onward transfers were not traced (export limit). Receives 21k KZT from 1 payer.,4,False,1,0,21000.0,0.0,,7,38.38398999766639,,False,True
100000003509750100,transit,1.0,8,0.585543,"In 82k KZT / out 78k KZT (ratio 0.95), 74% forwarded within 2 days — pattern consistent with transit.",2,False,3,3,82290.0,78400.0,0.9527281565196257,1,15903.466367998479,,True,True
100000003528285100,peripheral,0.6,3,0.423752,"No role indicators: 4 payers, 4 recipients, 119k KZT in / 548k KZT out.",3,False,4,4,118870.0,548000.0,4.6100782367292,7,1092.5620096480236,,True,True
100000003557488100,peripheral,0.6,28,0.358294,"No role indicators: 1 payer, 2 recipients, 665k KZT in / 138k KZT out.",3,False,1,2,664992.0,138000.0,0.20752129348924497,7,3082.799988136391,,True,True
100000003561031100,peripheral,0.6,3,0.273997,"No role indicators: 1 payer, 1 recipient, 13k KZT in / 5k KZT out.",3,False,1,1,13300.0,5000.0,0.37593984962406013,7,88.88684490999171,,True,True
100000003567087100,terminal,1.0,7,0.520629,"Receives 62k KZT from 1 payer, forwards 0%; outflow was traced (hop 1) — possible final recipient.",1,False,1,0,62115.0,0.0,0.0,1,62890.10788867647,,True,True
100000003568904100,cutoff,0.7,13,0.354669,Hop-4 node: onward transfers were not traced (export limit). Receives 49k KZT from 1 payer.,4,False,1,0,49000.0,0.0,,7,108.7747505678841,,False,True
100000003574895100,peripheral,0.6,0,0.273975,"No role indicators: 1 payer, 1 recipient, 28k KZT in / 20k KZT out.",3,False,1,1,27968.0,20000.0,0.7151029748283753,7,23.7806673047131,,True,True
100000003581109100,terminal,1.0,0,0.416871,"Receives 43k KZT from 1 payer, forwards 0%; outflow was traced (hop 3) — possible final recipient.",3,False,1,0,42750.0,0.0,0.0,7,36.34952543179651,,True,True
100000003582677100,peripheral,0.6,5,0.406248,"No role indicators: 2 payers, 4 recipients, 30k KZT in / 56k KZT out.",3,False,2,4,29756.989999999998,56000.0,1.881910771217116,7,151.05594689783752,,True,True
100000003589877100,peripheral,0.6,1,0.5903,"No role indicators: 2 payers, 6 recipients, 176k KZT in / 416k KZT out.",1,False,2,6,176000.0,416129.0,2.364369318181818,9,26001.249193523592,,True,True
100000003594472100,terminal,1.0,28,0.409664,"Receives 20k KZT from 1 payer, forwards 0%; outflow was traced (hop 3) — possible final recipient.",3,False,1,0,20000.0,0.0,0.0,7,92.71690450821637,,True,True
100000003603979100,terminal,1.0,44,0.521074,"Receives 165k KZT from 1 payer, forwards 0%; outflow was traced (hop 2) — possible final recipient.",2,False,1,0,165000.0,0.0,0.0,1,14328.126316953056,,True,True
100000003610172100,terminal,1.0,4,0.407551,"Receives 70k KZT from 1 payer, forwards 0%; outflow was traced (hop 3) — possible final recipient.",3,False,1,0,70000.0,0.0,0.0,7,80.14166913053644,,True,True
100000003616818100,peripheral,0.6,44,0.475142,"No role indicators: 3 payers, 3 recipients, 78k KZT in / 240k KZT out.",1,False,3,3,78000.0,240100.0,3.0782051282051284,1,20942.584664718128,,True,True
100000003617552100,terminal,1.0,61,0.454693,"Receives 25k KZT from 1 payer, forwards 0%; outflow was traced (hop 2) — possible final recipient.",2,False,1,0,25000.0,0.0,0.0,1,20059.947750929667,,True,True
100000003622955100,cutoff,0.7,5,0.585051,Hop-4 node: onward transfers were not traced (export limit). Receives 15k KZT from 1 payer.,4,False,1,0,15000.0,0.0,,11,6233.487251071254,,False,True
100000003626268100,cutoff,0.7,3,0.328812,Hop-4 node: onward transfers were not traced (export limit). Receives 5k KZT from 1 payer.,4,False,1,0,5000.0,0.0,,7,33.35474094162142,,False,True
100000003631015100,cutoff,0.7,35,0.295839,Hop-4 node: onward transfers were not traced (export limit). Receives 266k KZT from 1 payer.,4,False,1,0,266000.0,0.0,,7,1.230294770832722,,False,True
100000003632533100,cutoff,0.7,4,0.321639,Hop-4 node: onward transfers were not traced (export limit). Receives 10k KZT from 1 payer.,4,False,1,0,10000.0,0.0,,7,21.545305573180265,,False,True
100000003635170100,transit,0.9707,15,0.768817,"In 268k KZT / out 254k KZT (ratio 0.94), 100% forwarded within 2 days — pattern consistent with transit.",1,False,3,4,268500.0,253500.0,0.9441340782122905,8,47478.26159416546,,True,True
100000003635660100,terminal,1.0,3,0.436799,"Receives 19k KZT from 1 payer, forwards 0%; outflow was traced (hop 3) — possible final recipient.",3,False,1,0,18985.0,0.0,0.0,7,229.55383786146805,,True,True
100000003636627100,peripheral,0.6,8,0.454958,"No role indicators: 1 payer, 1 recipient, 77k KZT in / 10k KZT out.",3,False,1,1,77000.0,10000.0,0.12987012987012986,7,19132.42225105953,,True,True
100000003646145100,cutoff,0.7,30,0.465456,Hop-4 node: onward transfers were not traced (export limit). Receives 5k KZT from 1 payer.,4,False,1,0,5000.0,0.0,,8,720.5581812329503,,False,True
100000003647799100,terminal,1.0,4,0.416281,"Receives 100k KZT from 1 payer, forwards 0%; outflow was traced (hop 3) — possible final recipient.",3,False,1,0,100000.0,0.0,0.0,7,114.48809875790919,,True,True
100000003650146100,terminal,1.0,2,0.503481,"Receives 14k KZT from 1 payer, forwards 0%; outflow was traced (hop 3) — possible final recipient.",3,False,1,0,14400.0,0.0,0.0,7,233.93014965428887,,True,True
100000003664994100,cutoff,0.7,32,0.384139,Hop-4 node: onward transfers were not traced (export limit). Receives 338k KZT from 1 payer.,4,False,1,0,338271.0,0.0,,7,300.34367769460385,,False,True
100000003671721100,terminal,1.0,1,0.555171,"Receives 5k KZT from 1 payer, forwards 0%; outflow was traced (hop 3) — possible final recipient.",3,False,1,0,5000.0,0.0,0.0,9,250.34178797960706,,True,True
100000003677936100,peripheral,0.6,20,0.349642,"No role indicators: 1 payer, 1 recipient, 71k KZT in / 13k KZT out.",3,False,1,1,71000.0,13000.0,0.18309859154929578,7,186.20113468576207,,True,True
100000003684369100,coordinator,0.8,5,0.353737,Money from 9 seeds converges here via 15 collector/transit accounts across 8 clusters — candidate upper-level node for review. Also matches: consolidator.,0,True,24,62,3848436.0,8588655.0,,9,0.0,consolidator,True,False
100000003692843100,cutoff,0.7,2,0.471839,Hop-4 node: onward transfers were not traced (export limit). Receives 510k KZT from 1 payer.,4,False,1,0,510000.0,0.0,,7,722.5704310856798,,False,True
100000003696422100,cutoff,0.7,28,0.400042,Hop-4 node: onward transfers were not traced (export limit). Receives 118k KZT from 1 payer.,4,False,1,0,118000.0,0.0,,7,547.0117359443631,,False,True
100000003701161100,peripheral,0.6,24,0.534517,"No role indicators: 4 payers, 3 recipients, 1.5M KZT in / 349k KZT out.",1,False,4,3,1527103.0,349000.0,0.22853730232996727,7,268129.23813726567,,True,True
100000003711830100,terminal,1.0,3,0.447531,"Receives 50k KZT from 1 payer, forwards 0%; outflow was traced (hop 3) — possible final recipient.",3,False,1,0,50000.0,0.0,0.0,7,334.1610710901944,,True,True
100000003713616100,terminal,1.0,2,0.593672,"Receives 16k KZT from 1 payer, forwards 0%; outflow was traced (hop 1) — possible final recipient.",1,False,1,0,15893.0,0.0,0.0,7,16074.24620295622,,True,True
100000003718221100,peripheral,0.6,24,0.480047,"No role indicators: 2 payers, 4 recipients, 350k KZT in / 424k KZT out.",2,False,2,4,350000.0,423500.0,1.21,7,31171.85752838634,,True,True
100000003718715100,cutoff,0.7,14,0.441079,Hop-4 node: onward transfers were not traced (export limit). Receives 915k KZT from 1 payer.,4,False,1,0,915000.0,0.0,,7,168.80955495931406,,False,True
100000003724440100,terminal,1.0,13,0.545207,"Receives 50k KZT from 2 payers, forwards 0%; outflow was traced (hop 2) — possible final recipient.",2,False,2,0,50000.0,0.0,0.0,7,1256.9252781765326,,True,True
100000003736419100,peripheral,0.6,3,0.307249,"No role indicators: 1 payer, 1 recipient, 23k KZT in / 10k KZT out.",3,False,1,1,23300.0,10000.0,0.4291845493562232,7,281.7279126769663,,True,True
100000003739818100,terminal,1.0,5,0.699477,"Receives 57k KZT from 1 payer, forwards 0%; outflow was traced (hop 1) — possible final recipient.",1,False,1,0,57293.0,0.0,0.0,10,60710.30696770411,,True,True
100000003741418100,consolidator,0.9,0,0.706566,"Receives from 9 distinct payers, 152k KZT; forwards 26% — signs of consolidation.",2,False,9,3,151900.0,39920.0,0.2628044766293614,7,1004.9312561383092,,True,True
100000003747133100,consolidator,0.5,0,0.744511,"Receives from 5 distinct payers, 237k KZT; forwards 105% — signs of consolidation.",2,False,5,2,237068.0,250000.0,1.0545497494389795,7,8684.975603258948,,True,True
100000003760160100,terminal,1.0,4,0.417894,"Receives 104k KZT from 1 payer, forwards 0%; outflow was traced (hop 3) — possible final recipient.",3,False,1,0,104470.0,0.0,0.0,7,119.60571677238772,,True,True
100000003770083100,peripheral,0.9,72,0.061431,Known seed; no transfers above the export threshold observed in the covered period.,0,True,0,0,0.0,0.0,,0,0.0,,True,False
100000003781406100,terminal,1.0,12,0.656239,"Receives 45k KZT from 1 payer, forwards 0%; outflow was traced (hop 3) — possible final recipient.",3,False,1,0,45000.0,0.0,0.0,9,29956.102184135532,,True,True
100000003782913100,cutoff,0.7,16,0.320305,Hop-4 node: onward transfers were not traced (export limit). Receives 200k KZT from 1 payer.,4,False,1,0,200000.0,0.0,,7,19.62878948632474,,False,True
100000003786516100,cutoff,0.7,0,0.327511,Hop-4 node: onward transfers were not traced (export limit). Receives 5k KZT from 1 payer.,4,False,1,0,5000.0,0.0,,7,5.644287786975137,,False,True
100000003792647100,cutoff,0.7,4,0.31708,Hop-4 node: onward transfers were not traced (export limit). Receives 8k KZT from 1 payer.,4,False,1,0,8000.0,0.0,,7,17.23624445854421,,False,True
100000003795588100,terminal,1.0,3,0.485732,"Receives 400k KZT from 1 payer, forwards 0%; outflow was traced (hop 3) — possible final recipient.",3,False,1,0,400000.0,0.0,0.0,7,1955.3411229419655,,True,True
100000003796063100,distributor,0.6667,0,0.546292,Fans out to 15 recipients (959k KZT) against 1 payer — pattern consistent with a distribution layer.,3,False,1,15,35000.0,959150.0,27.404285714285713,7,2505.647844924175,,True,True
100000003798151100,terminal,1.0,2,0.651501,"Receives 350k KZT from 1 payer, forwards 0%; outflow was traced (hop 2) — possible final recipient.",2,False,1,0,350000.0,0.0,0.0,7,303780.4000491758,,True,True
100000003809101100,peripheral,0.6,21,0.647373,"No role indicators: 2 payers, 2 recipients, 166k KZT in / 55k KZT out.",1,False,2,2,166050.0,55200.0,0.3324299909665763,8,159023.1399636435,,True,True
100000003814002100,terminal,1.0,4,0.389646,"Receives 30k KZT from 1 payer, forwards 0%; outflow was traced (hop 3) — possible final recipient.",3,False,1,0,30000.0,0.0,0.0,7,34.346429627372764,,True,True
100000003819173100,cutoff,0.7,14,0.375354,Hop-4 node: onward transfers were not traced (export limit). Receives 144k KZT from 1 payer.,4,False,1,0,143777.0,0.0,,7,5.828071717799698,,False,True
100000003823811100,peripheral,0.6,21,0.459651,"No role indicators: 1 payer, 3 recipients, 30k KZT in / 66k KZT out.",2,False,1,3,30000.0,66130.0,2.2043333333333335,7,10516.734896000007,,True,True
100000003824464100,terminal,1.0,24,0.505694,"Receives 200k KZT from 1 payer, forwards 0%; outflow was traced (hop 2) — possible final recipient.",2,False,1,0,200000.0,0.0,0.0,7,6251.414702362161,,True,True
100000003831201100,terminal,1.0,0,0.567226,"Receives 40k KZT from 1 payer, forwards 0%; outflow was traced (hop 2) — possible final recipient.",2,False,1,0,40500.0,0.0,0.0,7,24855.371378890228,,True,True
100000003831324100,terminal,1.0,9,0.780594,"Receives 300k KZT from 2 payers, forwards 0%; outflow was traced (hop 1) — possible final recipient.",1,False,2,0,300000.0,0.0,0.0,9,200014.02535382277,,True,True
100000003832231100,terminal,1.0,5,0.685798,"Receives 35k KZT from 1 payer, forwards 0%; outflow was traced (hop 1) — possible final recipient.",1,False,1,0,35000.0,0.0,0.0,10,37087.6153084957,,True,True
100000003834495100,terminal,0.668,3,0.57758,"Receives 602k KZT from 3 payers, forwards 3%; outflow was traced (hop 3) — possible final recipient.",3,False,3,1,602441.0,20000.0,0.0331982716979754,7,4214.635807031629,,True,True
100000003835149100,peripheral,0.6,25,0.440345,"No role indicators: 1 payer, 2 recipients, 248k KZT in / 4.6M KZT out.",1,False,1,2,248500.0,4600440.0,18.512837022132796,1,248500.0,,True,True
100000003838587100,cutoff,0.7,16,0.3024,Hop-4 node: onward transfers were not traced (export limit). Receives 6k KZT from 1 payer.,4,False,1,0,6000.0,0.0,,7,6.271999122191559,,False,True
100000003843844100,peripheral,0.6,13,0.295349,"No role indicators: 1 payer, 1 recipient, 17k KZT in / 238k KZT out.",3,False,1,1,16680.0,238000.0,14.268585131894485,7,182.33922812420371,,True,True
100000003854444100,distributor,0.6333,20,0.613396,Fans out to 14 recipients (2.3M KZT) against 1 payer — pattern consistent with a distribution layer.,2,False,1,14,210000.0,2322909.0,11.061471428571428,7,17400.702881872352,,True,True
100000003865939100,terminal,1.0,62,0.56925,"Receives 81k KZT from 1 payer, forwards 0%; outflow was traced (hop 1) — possible final recipient.",1,False,1,0,81465.0,0.0,0.0,1,81465.0,,True,True
100000003873332100,peripheral,0.6,20,0.457516,"No role indicators: 1 payer, 4 recipients, 23k KZT in / 286k KZT out.",1,False,1,4,23468.0,286000.0,12.186807567751833,7,23698.218140856312,,True,True
100000003877908100,terminal,1.0,5,0.689635,"Receives 40k KZT from 1 payer, forwards 0%; outflow was traced (hop 1) — possible final recipient.",1,False,1,0,40000.0,0.0,0.0,10,42385.846066852224,,True,True
100000003880331100,distributor,0.7,14,0.530467,Fans out to 16 recipients (3.9M KZT) against 1 payer — pattern consistent with a distribution layer.,3,False,1,16,100000.0,3904908.0,39.04908,7,166.6433791191275,,True,True
100000003886323100,peripheral,0.6,2,0.510474,"No role indicators: 2 payers, 1 recipient, 78k KZT in / 8k KZT out.",1,False,2,1,78168.0,7650.0,0.09786613447958244,7,8727.521726622894,,True,True
100000003888197100,terminal,1.0,4,0.410331,"Receives 83k KZT from 1 payer, forwards 0%; outflow was traced (hop 3) — possible final recipient.",3,False,1,0,83167.0,0.0,0.0,7,95.21631709399034,,True,True
100000003888271100,peripheral,0.6,52,0.307404,"No role indicators: 1 payer, 2 recipients, 12k KZT in / 26k KZT out.",1,False,1,2,12177.0,25590.0,2.10150283321015,1,12327.659672530288,,True,True
100000003888527100,terminal,1.0,32,0.462378,"Receives 30k KZT from 1 payer, forwards 0%; outflow was traced (hop 3) — possible final recipient.",3,False,1,0,30000.0,0.0,0.0,7,619.9429222674811,,True,True
100000003896956100,peripheral,0.6,2,0.344237,"No role indicators: 1 payer, 1 recipient, 10k KZT in / 27k KZT out.",3,False,1,1,10000.0,27000.0,2.7,7,106.78072814688869,,True,True
100000003899325100,terminal,1.0,14,0.481172,"Receives 50k KZT from 1 payer, forwards 0%; outflow was traced (hop 3) — possible final recipient.",3,False,1,0,50120.0,0.0,0.0,7,83.5216616145067,,True,True
100000003899899100,terminal,0.5423,2,0.621341,"Receives 218k KZT from 2 payers, forwards 5%; outflow was traced (hop 3) — possible final recipient.",3,False,2,1,218500.0,10000.0,0.04576659038901602,7,2333.0667283681087,,True,True
100000003900547100,terminal,1.0,2,0.605238,"Receives 24k KZT from 1 payer, forwards 0%; outflow was traced (hop 1) — possible final recipient.",1,False,1,0,23700.0,0.0,0.0,7,23970.278425096734,,True,True
100000003904497100,cutoff,0.7,1,0.447351,Hop-4 node: onward transfers were not traced (export limit). Receives 10k KZT from 1 payer.,4,False,1,0,10000.0,0.0,,9,37.830918617160826,,False,True
100000003917461100,peripheral,0.6,12,0.477589,"No role indicators: 1 payer, 2 recipients, 10k KZT in / 140k KZT out.",3,False,1,2,10000.0,140000.0,14.0,9,5489.9517346072,,True,True
100000003920950100,terminal,1.0,20,0.522565,"Receives 323k KZT from 1 payer, forwards 0%; outflow was traced (hop 3) — possible final recipient.",3,False,1,0,323290.0,0.0,0.0,7,847.844575106479,,True,True
100000003922499100,terminal,1.0,12,0.516837,"Receives 50k KZT from 1 payer, forwards 0%; outflow was traced (hop 2) — possible final recipient.",2,False,1,0,50000.0,0.0,0.0,1,47101.0,,True,True
100000003923946100,peripheral,0.6,8,0.456782,"No role indicators: 1 payer, 4 recipients, 282k KZT in / 675k KZT out.",1,False,1,4,282000.0,675000.0,2.393617021276596,2,311283.421806869,,True,True
100000003927792100,terminal,1.0,2,0.545852,"Receives 13k KZT from 1 payer, forwards 0%; outflow was traced (hop 2) — possible final recipient.",2,False,1,0,13067.0,0.0,0.0,7,1485.9102749121114,,True,True
100000003934614100,peripheral,0.6,23,0.390856,"No role indicators: 2 payers, 1 recipient, 17k KZT in / 12k KZT out.",3,False,2,1,17000.0,11500.0,0.6764705882352942,7,520.5323622823192,,True,True
100000003942602100,transit,1.0,7,0.50089,"In 30k KZT / out 30k KZT (ratio 1.00), 100% forwarded within 2 days — pattern consistent with transit.",1,False,1,1,30000.0,30000.0,1.0,1,30374.357830802448,,True,True
100000003943247100,terminal,1.0,0,0.415314,"Receives 40k KZT from 1 payer, forwards 0%; outflow was traced (hop 3) — possible final recipient.",3,False,1,0,40000.0,0.0,0.0,7,34.01125186600843,,True,True
100000003943483100,terminal,1.0,12,0.609842,"Receives 10k KZT from 1 payer, forwards 0%; outflow was traced (hop 2) — possible final recipient.",2,False,1,0,10000.0,0.0,0.0,8,9155.796364072827,,True,True
100000003946524100,transit,0.5891,5,0.776857,"In 134k KZT / out 145k KZT (ratio 1.08), 0% forwarded within 2 days — pattern consistent with transit.",1,False,2,2,133757.0,144750.0,1.0821863528637754,10,121842.44936412305,,True,True
100000003950749100,cutoff,0.7,2,0.467947,Hop-4 node: onward transfers were not traced (export limit). Receives 7k KZT from 1 payer.,4,False,1,0,7000.0,0.0,,7,624.8569052541403,,False,True
100000003951827100,peripheral,0.6,0,0.254847,"No role indicators: 1 payer, 2 recipients, 9k KZT in / 17k KZT out.",3,False,1,2,9000.0,17000.0,1.8888888888888888,7,7.652531669851899,,True,True
100000003962994100,terminal,1.0,33,0.487956,"Receives 10k KZT from 1 payer, forwards 0%; outflow was traced (hop 3) — possible final recipient.",3,False,1,0,10000.0,0.0,0.0,7,2201.044214178465,,True,True
100000003964910100,terminal,1.0,17,0.569339,"Receives 1.0M KZT from 2 payers, forwards 0%; outflow was traced (hop 3) — possible final recipient.",3,False,2,0,1000000.0,0.0,0.0,7,5340.708744300483,,True,True
100000003968044100,peripheral,0.6,3,0.321817,"No role indicators: 1 payer, 3 recipients, 40k KZT in / 311k KZT out.",3,False,1,3,40000.0,311000.0,7.775,7,483.6530689733328,,True,True
100000003970394100,terminal,1.0,12,0.528681,"Receives 85k KZT from 1 payer, forwards 0%; outflow was traced (hop 1) — possible final recipient.",1,False,1,0,85000.0,0.0,0.0,1,85000.0,,True,True
100000003971049100,terminal,1.0,17,0.487845,"Receives 56k KZT from 1 payer, forwards 0%; outflow was traced (hop 2) — possible final recipient.",2,False,1,0,55900.0,0.0,0.0,7,2200.7978176529477,,True,True
100000003975102100,peripheral,0.6,2,0.1382,"No role indicators: 1 payer, 2 recipients, 26k KZT in / 88k KZT out.",0,True,1,2,25650.0,88500.0,,7,0.0,,True,False
100000003977183100,peripheral,0.6,8,0.128346,"No role indicators: 2 payers, 4 recipients, 124k KZT in / 766k KZT out.",0,True,2,4,123800.0,766000.0,,1,0.0,,True,False
100000003980083100,terminal,1.0,60,0.545173,"Receives 30k KZT from 1 payer, forwards 0%; outflow was traced (hop 1) — possible final recipient.",1,False,1,0,30000.0,0.0,0.0,1,30000.0,,True,True
100000003985389100,cutoff,0.7,14,0.437298,Hop-4 node: onward transfers were not traced (export limit). Receives 423k KZT from 1 payer.,4,False,1,0,422698.0,0.0,,7,147.43199851674615,,False,True
100000003986141100,terminal,1.0,4,0.380527,"Receives 5k KZT from 1 payer, forwards 0%; outflow was traced (hop 3) — possible final recipient.",3,False,1,0,5286.32,0.0,0.0,7,20.04772225328139,,True,True
100000003988112100,peripheral,0.6,21,0.490678,"No role indicators: 1 payer, 1 recipient, 92k KZT in / 64k KZT out.",2,False,1,1,92000.0,64000.0,0.6956521739130435,7,32251.32034773335,,True,True
100000003989033100,cutoff,0.7,11,0.300109,Hop-4 node: onward transfers were not traced (export limit). Receives 373k KZT from 1 payer.,4,False,1,0,373400.0,0.0,,1,246.19520130840993,,False,True
100000003996562100,terminal,1.0,0,0.449789,"Receives 8k KZT from 1 payer, forwards 0%; outflow was traced (hop 3) — possible final recipient.",3,False,1,0,7700.0,0.0,0.0,7,147.329959365499,,True,True
100000004004621100,terminal,1.0,13,0.707206,"Receives 75k KZT from 3 payers, forwards 0%; outflow was traced (hop 1) — possible final recipient.",1,False,3,0,75389.0,0.0,0.0,10,26797.044393790722,,True,True
100000004005964100,peripheral,0.6,44,0.464244,"No role indicators: 3 payers, 3 recipients, 98k KZT in / 72k KZT out.",1,False,3,3,97900.0,72000.0,0.7354443309499489,1,14149.517503686966,,True,True
100000004006327100,cutoff,0.7,1,0.502934,Hop-4 node: onward transfers were not traced (export limit). Receives 300k KZT from 1 payer.,4,False,1,0,300000.0,0.0,,8,597.7362508354856,,False,True
100000004007116100,peripheral,0.6,44,0.129297,"No role indicators: 3 payers, 4 recipients, 765k KZT in / 148k KZT out.",0,True,3,4,764704.0,148000.0,,0,0.0,,True,False
100000004007197100,terminal,1.0,36,0.304615,"Receives 10k KZT from 1 payer, forwards 0%; outflow was traced (hop 3) — possible final recipient.",3,False,1,0,10048.0,0.0,0.0,1,24.5503609962301,,True,True
100000004013952100,cutoff,0.7,3,0.325643,Hop-4 node: onward transfers were not traced (export limit). Receives 6k KZT from 1 payer.,4,False,1,0,5500.0,0.0,,7,26.881384740830377,,False,True
100000004015047100,coordinator,0.625,8,0.975178,Money from 11 seeds converges here via 3 collector/transit accounts across 5 clusters — candidate upper-level node for review. Also matches: consolidator.,1,False,9,1,919104.0,69195.0,0.07528527783580531,11,625832.134912547,consolidator,True,True
100000004017410100,peripheral,0.6,23,0.455692,"No role indicators: 2 payers, 5 recipients, 194k KZT in / 1.3M KZT out.",3,False,2,5,193650.0,1330915.0,6.872785954040795,7,13702.229557303885,,True,True
100000004019056100,cutoff,0.7,13,0.393481,Hop-4 node: onward transfers were not traced (export limit). Receives 50k KZT from 1 payer.,4,False,1,0,50000.0,0.0,,7,426.66127357444856,,False,True
100000004019124100,peripheral,0.6,2,0.222502,"No role indicators: 3 payers, 0 recipients, 193k KZT in / 0 KZT out.",0,True,3,0,193000.0,0.0,,11,0.0,,True,False
100000004021459100,peripheral,0.9,73,0.061431,Known seed; no transfers above the export threshold observed in the covered period.,0,True,0,0,0.0,0.0,,0,0.0,,True,False
100000004030553100,cutoff,0.7,22,0.268136,Hop-4 node: onward transfers were not traced (export limit). Receives 70k KZT from 1 payer.,4,False,1,0,70000.0,0.0,,1,79.77119127357462,,False,True
100000004035925100,cutoff,0.7,2,0.42869,Hop-4 node: onward transfers were not traced (export limit). Receives 1.1M KZT from 1 payer.,4,False,1,0,1111588.0,0.0,,7,144.50262521302568,,False,True
100000004041163100,peripheral,0.6,21,0.189512,"No role indicators: 1 payer, 2 recipients, 50k KZT in / 866k KZT out.",0,True,1,2,50000.0,866000.0,,14,0.0,,True,False
100000004041294100,cutoff,0.7,26,0.306737,Hop-4 node: onward transfers were not traced (export limit). Receives 18k KZT from 1 payer.,4,False,1,0,17800.0,0.0,,7,9.256534021942537,,False,True
100000004047887100,cutoff,0.7,4,0.29784,Hop-4 node: onward transfers were not traced (export limit). Receives 30k KZT from 1 payer.,4,False,1,0,30000.0,0.0,,7,3.124353383011437,,False,True
100000004049912100,cutoff,0.7,20,0.39962,Hop-4 node: onward transfers were not traced (export limit). Receives 10k KZT from 1 payer.,4,False,1,0,10000.0,0.0,,7,74.88136082536826,,False,True
100000004058740100,terminal,1.0,7,0.50089,"Receives 30k KZT from 1 payer, forwards 0%; outflow was traced (hop 1) — possible final recipient.",1,False,1,0,30000.0,0.0,0.0,1,30374.357830802448,,True,True
100000004064431100,peripheral,0.6,36,0.188743,"No role indicators: 1 payer, 1 recipient, 26k KZT in / 10k KZT out.",3,False,1,1,26000.0,10000.0,0.38461538461538464,1,63.52601372432152,,True,True
100000004066370100,cutoff,0.7,31,0.366835,Hop-4 node: onward transfers were not traced (export limit). Receives 65k KZT from 1 payer.,4,False,1,0,65000.0,0.0,,1,6264.473684210527,,False,True
100000004066647100,terminal,1.0,20,0.50466,"Receives 51k KZT from 1 payer, forwards 0%; outflow was traced (hop 3) — possible final recipient.",3,False,1,0,51000.0,0.0,0.0,7,381.90786355288134,,True,True
100000004070318100,distributor,0.8,0,0.706946,Fans out to 19 recipients (552k KZT) against 4 payers — pattern consistent with a distribution layer.,1,False,4,19,207246.55,551860.0,2.662818753798314,7,65931.40923513458,,True,True
100000004070530100,cutoff,0.7,4,0.297173,Hop-4 node: onward transfers were not traced (export limit). Receives 20k KZT from 1 payer.,4,False,1,0,20000.0,0.0,,7,2.082902255340958,,False,True
100000004071070100,peripheral,0.6,3,0.450465,"No role indicators: 2 payers, 1 recipient, 41k KZT in / 6k KZT out.",2,False,2,1,41000.0,6000.0,0.14634146341463414,7,10873.243775133851,,True,True
100000004071080100,consolidator,0.9,3,0.776762,"Receives from 9 distinct payers (1 seed), 239k KZT; forwards 19% — signs of consolidation.",1,False,9,2,238600.0,46500.0,0.19488683989941324,7,72047.05758837948,,True,True
100000004071444100,peripheral,0.6,3,0.342391,"No role indicators: 1 payer, 1 recipient, 247k KZT in / 100k KZT out.",3,False,1,1,247350.0,100000.0,0.40428542551041036,7,1209.134066899238,,True,True
100000004076740100,peripheral,0.6,23,0.506081,"No role indicators: 3 payers, 6 recipients, 93k KZT in / 125k KZT out.",1,False,3,6,93250.0,125000.0,1.3404825737265416,7,51977.841903020904,,True,True
100000004077081100,peripheral,0.6,5,0.340545,"No role indicators: 1 payer, 4 recipients, 140k KZT in / 615k KZT out.",3,False,1,4,140000.0,615000.0,4.392857142857143,7,160.28333826107288,,True,True
100000004094958100,transit,1.0,63,0.474766,"In 39k KZT / out 40k KZT (ratio 1.03), 100% forwarded within 2 days — pattern consistent with transit.",1,False,1,1,39000.0,40000.0,1.0256410256410255,1,39000.0,,True,True
100000004096559100,terminal,1.0,9,0.51171,"Receives 46k KZT from 1 payer, forwards 0%; outflow was traced (hop 3) — possible final recipient.",3,False,1,0,46200.0,0.0,0.0,1,19674.060660932548,,True,True
100000004097972100,peripheral,0.6,3,0.344949,"No role indicators: 1 payer, 2 recipients, 119k KZT in / 10k KZT out.",3,False,1,2,118878.0,10000.0,0.0841198539679335,7,1437.3927383352961,,True,True
100000004099450100,terminal,1.0,3,0.455816,"Receives 31k KZT from 1 payer, forwards 0%; outflow was traced (hop 3) — possible final recipient.",3,False,1,0,31000.0,0.0,0.0,7,459.86377583255273,,True,True
100000004105288100,terminal,1.0,15,0.803837,"Receives 215k KZT from 2 payers, forwards 0%; outflow was traced (hop 1) — possible final recipient.",1,False,2,0,215000.0,0.0,0.0,11,113937.09600146707,,True,True
100000004107228100,cutoff,0.7,3,0.307627,Hop-4 node: onward transfers were not traced (export limit). Receives 5k KZT from 1 payer.,4,False,1,0,5000.0,0.0,,7,9.961431958106719,,False,True
100000004114962100,terminal,1.0,4,0.499722,"Receives 165k KZT from 2 payers, forwards 0%; outflow was traced (hop 3) — possible final recipient.",3,False,2,0,165000.0,0.0,0.0,7,195.3350460008762,,True,True
100000004130144100,terminal,1.0,9,0.560976,"Receives 200k KZT from 1 payer, forwards 0%; outflow was traced (hop 1) — possible final recipient.",1,False,1,0,200000.0,0.0,0.0,1,200000.0,,True,True
100000004134060100,terminal,1.0,1,0.620763,"Receives 88k KZT from 1 payer, forwards 0%; outflow was traced (hop 2) — possible final recipient.",2,False,1,0,88179.0,0.0,0.0,8,11220.41527763397,,True,True
100000004135268100,peripheral,0.6,58,0.444059,"No role indicators: 2 payers, 3 recipients, 1.2M KZT in / 1.0M KZT out.",1,False,2,3,1239000.0,1000200.0,0.8072639225181598,1,1517185.743721994,,True,True
100000004140487100,distributor,0.5,5,0.481635,Fans out to 10 recipients (263k KZT) against 1 payer — pattern consistent with a distribution layer.,3,False,1,10,24510.0,262600.0,10.713994288045695,7,60.70611980461447,,True,True
100000004140994100,terminal,1.0,6,0.293605,"Receives 19k KZT from 1 payer, forwards 0%; outflow was traced (hop 3) — possible final recipient.",3,False,1,0,18650.0,0.0,0.0,1,12.537810510610951,,True,True
100000004144536100,terminal,1.0,34,0.581039,"Receives 168k KZT from 4 payers, forwards 0%; outflow was traced (hop 1) — possible final recipient.",1,False,4,0,168000.0,0.0,0.0,1,119650.52713315318,,True,True
100000004150593100,distributor,0.5333,2,0.609993,Fans out to 11 recipients (871k KZT) against 1 payer — pattern consistent with a distribution layer.,2,False,1,11,57000.0,871165.0,15.28359649122807,7,9306.672900331881,,True,True
100000004156082100,consolidator,0.5,2,0.856366,"Receives from 5 distinct payers (1 seed), 377k KZT; forwards 615% — signs of consolidation. Also matches: distributor.",1,False,5,26,377366.11,2319556.0,6.146699288921308,7,263783.60043573624,distributor,True,True
100000004158362100,terminal,1.0,0,0.505727,"Receives 12k KZT from 1 payer, forwards 0%; outflow was traced (hop 2) — possible final recipient.",2,False,1,0,12000.0,0.0,0.0,7,1433.6452648952343,,True,True
100000004159526100,peripheral,0.6,16,0.583361,"No role indicators: 4 payers, 4 recipients, 275k KZT in / 68k KZT out.",1,False,4,4,275037.0,68000.0,0.24723946232688693,8,108237.77785506367,,True,True
100000004160650100,distributor,0.5,36,0.514531,Fans out to 10 recipients (1.5M KZT) against 2 payers — pattern consistent with a distribution layer.,2,False,2,10,75100.0,1489827.0,19.83790945406125,1,3684.241682183791,,True,True
100000004167082100,cutoff,0.7,13,0.36034,Hop-4 node: onward transfers were not traced (export limit). Receives 13k KZT from 1 payer.,4,False,1,0,13300.0,0.0,,7,128.68881206282745,,False,True
100000004174835100,peripheral,0.9,74,0.061431,Known seed; no transfers above the export threshold observed in the covered period.,0,True,0,0,0.0,0.0,,0,0.0,,True,False
100000004177936100,cutoff,0.7,3,0.343714,Hop-4 node: onward transfers were not traced (export limit). Receives 10k KZT from 1 payer.,4,False,1,0,10000.0,0.0,,7,66.70948188324284,,False,True
100000004180097100,peripheral,0.6,18,0.516646,"No role indicators: 3 payers, 3 recipients, 105k KZT in / 48k KZT out.",1,False,3,3,104854.0,47800.0,0.4558719743643542,7,95851.68411140554,,True,True
100000004183610100,peripheral,0.6,14,0.367747,"No role indicators: 1 payer, 1 recipient, 22k KZT in / 915k KZT out.",3,False,1,1,22000.0,915000.0,41.59090909090909,7,177.0005538003559,,True,True
100000004184158100,terminal,1.0,3,0.472164,"Receives 204k KZT from 1 payer, forwards 0%; outflow was traced (hop 3) — possible final recipient.",3,False,1,0,203805.0,0.0,0.0,7,996.2707439029682,,True,True
100000004185681100,terminal,1.0,0,0.449121,"Receives 10k KZT from 1 payer, forwards 0%; outflow was traced (hop 3) — possible final recipient.",3,False,1,0,10000.0,0.0,0.0,7,142.6340435458967,,True,True
100000004186824100,terminal,0.845,2,0.720985,"Receives 452k KZT from 2 payers, forwards 2%; outflow was traced (hop 1) — possible final recipient.",1,False,2,1,451700.0,7000.0,0.015497011290679655,7,455414.06615036953,,True,True
100000004188160100,peripheral,0.6,2,0.567747,"No role indicators: 2 payers, 5 recipients, 88k KZT in / 134k KZT out.",1,False,2,5,87862.0,133846.0,1.5233661878855478,7,81143.86258260114,,True,True
100000004192107100,terminal,1.0,5,0.604237,"Receives 25k KZT from 1 payer, forwards 0%; outflow was traced (hop 2) — possible final recipient.",2,False,1,0,25000.0,0.0,0.0,8,3396.4435899576456,,True,True
100000004192865100,terminal,1.0,51,0.461644,"Receives 67k KZT from 1 payer, forwards 0%; outflow was traced (hop 2) — possible final recipient.",2,False,1,0,66666.0,0.0,0.0,1,24315.08818294505,,True,True
100000004193835100,peripheral,0.6,2,0.1382,"No role indicators: 1 payer, 1 recipient, 47k KZT in / 5k KZT out.",0,True,1,1,47000.0,5000.0,,7,0.0,,True,False
100000004200745100,cutoff,0.7,12,0.551199,Hop-4 node: onward transfers were not traced (export limit). Receives 130k KZT from 1 payer.,4,False,1,0,130000.0,0.0,,9,5097.600020535553,,False,True
100000004206046100,terminal,1.0,2,0.584664,"Receives 11k KZT from 1 payer, forwards 0%; outflow was traced (hop 1) — possible final recipient.",1,False,1,0,11075.0,0.0,0.0,7,11201.300994006175,,True,True
100000004209339100,peripheral,0.6,15,0.536185,"No role indicators: 1 payer, 2 recipients, 138k KZT in / 238k KZT out.",2,False,1,2,138500.0,238500.0,1.7220216606498195,8,24461.203269128055,,True,True
100000004213658100,terminal,1.0,7,0.496052,"Receives 25k KZT from 1 payer, forwards 0%; outflow was traced (hop 1) — possible final recipient.",1,False,1,0,25347.0,0.0,0.0,1,25663.29493124499,,True,True
100000004217419100,peripheral,0.6,3,0.404202,"No role indicators: 2 payers, 1 recipient, 118k KZT in / 8k KZT out.",3,False,2,1,118200.0,7700.0,0.06514382402707276,7,996.4523680870792,,True,True
100000004218576100,terminal,1.0,7,0.497442,"Receives 26k KZT from 1 payer, forwards 0%; outflow was traced (hop 1) — possible final recipient.",1,False,1,0,26144.0,0.0,0.0,1,26470.240370949978,,True,True
100000004221668100,peripheral,0.6,8,0.49099,"No role indicators: 4 payers, 3 recipients, 1.1M KZT in / 731k KZT out.",2,False,4,3,1128300.0,731440.0,0.6482673047948241,1,53222.26096062815,,True,True
100000004222274100,cutoff,0.7,0,0.338187,Hop-4 node: onward transfers were not traced (export limit). Receives 16k KZT from 1 payer.,4,False,1,0,15500.0,0.0,,7,12.14447199205212,,False,True
100000004225615100,terminal,1.0,1,0.480383,"Receives 90k KZT from 1 payer, forwards 0%; outflow was traced (hop 2) — possible final recipient.",2,False,1,0,90000.0,0.0,0.0,1,10266.154982891463,,True,True
100000004226848100,terminal,1.0,5,0.719829,"Receives 302k KZT from 1 payer, forwards 0%; outflow was traced (hop 1) — possible final recipient.",1,False,1,0,301866.0,0.0,0.0,10,319871.14522041037,,True,True
100000004232712100,cutoff,0.7,4,0.313855,Hop-4 node: onward transfers were not traced (export limit). Receives 12k KZT from 1 payer.,4,False,1,0,12500.0,0.0,,7,14.306004999294926,,False,True
100000004235471100,cutoff,0.7,4,0.35022,Hop-4 node: onward transfers were not traced (export limit). Receives 180k KZT from 1 payer.,4,False,1,0,180000.0,0.0,,7,94.96326118531971,,False,True
100000004241142100,cutoff,0.7,0,0.34853,Hop-4 node: onward transfers were not traced (export limit). Receives 27k KZT from 1 payer.,4,False,1,0,27102.0,0.0,,7,23.023018383217686,,False,True
100000004254434100,terminal,1.0,7,0.512177,"Receives 44k KZT from 1 payer, forwards 0%; outflow was traced (hop 1) — possible final recipient.",1,False,1,0,44445.0,0.0,0.0,1,44999.61112633383,,True,True
100000004257714100,terminal,1.0,6,0.311065,"Receives 52k KZT from 1 payer, forwards 0%; outflow was traced (hop 3) — possible final recipient.",3,False,1,0,52220.0,0.0,0.0,1,35.105869429710665,,True,True
100000004260869100,cutoff,0.7,2,0.419015,Hop-4 node: onward transfers were not traced (export limit). Receives 10k KZT from 1 payer.,4,False,1,0,10000.0,0.0,,7,106.53864909320002,,False,True
100000004261340100,cutoff,0.7,0,0.399909,Hop-4 node: onward transfers were not traced (export limit). Receives 48k KZT from 1 payer.,4,False,1,0,48500.0,0.0,,7,205.12371764923694,,False,True
100000004263867100,cutoff,0.7,8,0.271383,Hop-4 node: onward transfers were not traced (export limit). Receives 9k KZT from 1 payer.,4,False,1,0,9000.0,0.0,,1,0.43531978027658047,,False,True
100000004265639100,cutoff,0.7,3,0.343548,Hop-4 node: onward transfers were not traced (export limit). Receives 10k KZT from 1 payer.,4,False,1,0,10000.0,0.0,,7,66.70948188324283,,False,True
100000004268036100,cutoff,0.7,8,0.270216,Hop-4 node: onward transfers were not traced (export limit). Receives 6k KZT from 1 payer.,4,False,1,0,5500.0,0.0,,1,0.26602875461346587,,False,True
100000004269433100,peripheral,0.9,15,0.057817,"No role indicators: 0 payers, 1 recipient, 0 KZT in / 1.4M KZT out.",0,True,0,1,0.0,1372000.0,,0,0.0,,True,False
100000004272302100,cutoff,0.7,0,0.35587,Hop-4 node: onward transfers were not traced (export limit). Receives 10k KZT from 1 payer.,4,False,1,0,10000.0,0.0,,7,34.89861837003303,,False,True
100000004278574100,peripheral,0.6,4,0.251477,"No role indicators: 1 payer, 1 recipient, 25k KZT in / 12k KZT out.",3,False,1,1,25000.0,12500.0,0.5,7,28.622024689477296,,True,True
100000004285800100,peripheral,0.6,3,0.433984,"No role indicators: 1 payer, 1 recipient, 5k KZT in / 15k KZT out.",2,False,1,1,5000.0,15000.0,3.0,10,1892.8741059317845,,True,True
100000004286573100,terminal,1.0,12,0.486199,"Receives 17k KZT from 1 payer, forwards 0%; outflow was traced (hop 1) — possible final recipient.",1,False,1,0,16590.0,0.0,0.0,1,16590.0,,True,True
100000004291560100,terminal,1.0,0,0.419428,"Receives 47k KZT from 1 payer, forwards 0%; outflow was traced (hop 3) — possible final recipient.",3,False,1,0,47190.0,0.0,0.0,7,40.124774388923456,,True,True
100000004291663100,cutoff,0.7,0,0.32651,Hop-4 node: onward transfers were not traced (export limit). Receives 25k KZT from 1 payer.,4,False,1,0,25000.0,0.0,,7,5.0881221751585715,,False,True
100000004292885100,terminal,1.0,6,0.327413,"Receives 113k KZT from 1 payer, forwards 0%; outflow was traced (hop 3) — possible final recipient.",3,False,1,0,112700.0,0.0,0.0,1,75.76467799173481,,True,True
100000004299488100,consolidator,0.6,0,0.820545,"Receives from 6 distinct payers (1 seed), 1.7M KZT; forwards 20% — signs of consolidation.",1,False,6,2,1749000.0,344999.0,0.19725500285877645,7,420772.04020182474,,True,True
100000004315838100,peripheral,0.6,4,0.559517,"No role indicators: 2 payers, 1 recipient, 50k KZT in / 18k KZT out.",1,False,2,1,50000.0,18000.0,0.36,10,26519.77581647212,,True,True
100000004318918100,terminal,1.0,15,0.700767,"Receives 76k KZT from 1 payer, forwards 0%; outflow was traced (hop 1) — possible final recipient.",1,False,1,0,75600.0,0.0,0.0,8,81375.88322018941,,True,True
100000004321983100,peripheral,0.6,8,0.297418,"No role indicators: 1 payer, 2 recipients, 11k KZT in / 36k KZT out.",3,False,1,2,10840.0,36200.0,3.339483394833948,1,427.83018618015933,,True,True
100000004325327100,transit,1.0,0,0.653503,"In 71k KZT / out 70k KZT (ratio 0.99), 100% forwarded within 2 days — pattern consistent with transit.",1,False,2,1,70817.0,70000.0,0.988463222107686,7,47957.54419145401,,True,True
100000004326224100,cutoff,0.7,4,0.344326,Hop-4 node: onward transfers were not traced (export limit). Receives 60k KZT from 1 payer.,4,False,1,0,60000.0,0.0,,7,68.66882399661564,,False,True
100000004330371100,peripheral,0.6,2,0.574308,"No role indicators: 2 payers, 2 recipients, 264k KZT in / 91k KZT out.",1,False,2,2,264171.0,90681.0,0.3432662934235779,7,131419.67731553206,,True,True
100000004331458100,terminal,1.0,63,0.545919,"Receives 250k KZT from 2 payers, forwards 0%; outflow was traced (hop 2) — possible final recipient.",2,False,2,0,250000.0,0.0,0.0,1,44660.696404801616,,True,True
100000004336228100,terminal,1.0,3,0.448365,"Receives 51k KZT from 1 payer, forwards 0%; outflow was traced (hop 3) — possible final recipient.",3,False,1,0,51407.0,0.0,0.0,7,343.5643636306724,,True,True
100000004336312100,peripheral,0.6,23,0.458261,"No role indicators: 3 payers, 2 recipients, 90k KZT in / 73k KZT out.",2,False,3,2,90415.0,72650.0,0.8035171155228668,7,9210.856426738901,,True,True
100000004340038100,peripheral,0.6,13,0.280002,"No role indicators: 1 payer, 1 recipient, 10k KZT in / 49k KZT out.",3,False,1,1,9978.0,49000.0,4.910803768290238,7,109.07558862250029,,True,True
100000004350094100,cutoff,0.7,3,0.347774,Hop-4 node: onward transfers were not traced (export limit). Receives 20k KZT from 1 payer.,4,False,1,0,20000.0,0.0,,7,83.31501540178603,,False,True
100000004351795100,distributor,0.6333,17,0.676419,Fans out to 14 recipients (1.7M KZT) against 3 payers — pattern consistent with a distribution layer.,1,False,3,14,118333.0,1715161.0,14.494359139039828,7,67527.84207687888,,True,True
100000004356593100,peripheral,0.6,0,0.356937,"No role indicators: 1 payer, 1 recipient, 50k KZT in / 10k KZT out.",2,False,1,1,50000.0,10000.0,0.2,7,713.5733152146022,,True,True
100000004358004100,distributor,0.5333,5,0.129641,Fans out to 11 recipients (981k KZT) against 0 payers — pattern consistent with a distribution layer.,0,True,0,11,0.0,980850.0,,0,0.0,,True,False
100000004360785100,terminal,1.0,2,0.638045,"Receives 95k KZT from 1 payer, forwards 0%; outflow was traced (hop 1) — possible final recipient.",1,False,1,0,94705.0,0.0,0.0,7,95785.03030585597,,True,True
100000004368189100,peripheral,0.6,11,0.231003,"No role indicators: 1 payer, 2 recipients, 385k KZT in / 28k KZT out.",3,False,1,2,384600.0,28200.0,0.07332293291731669,2,123.35477095458249,,True,True
100000004377043100,cutoff,0.7,23,0.339544,Hop-4 node: onward transfers were not traced (export limit). Receives 6k KZT from 1 payer.,4,False,1,0,5700.0,0.0,,7,55.24459980919283,,False,True
100000004379306100,cutoff,0.7,3,0.351888,Hop-4 node: onward transfers were not traced (export limit). Receives 15k KZT from 1 payer.,4,False,1,0,15000.0,0.0,,7,100.06422282486427,,False,True
100000004386258100,peripheral,0.6,12,0.603746,"No role indicators: 3 payers, 3 recipients, 62k KZT in / 40k KZT out.",2,False,3,3,61700.0,40000.0,0.6482982171799028,9,34244.137225671606,,True,True
100000004386286100,cutoff,0.7,12,0.557427,Hop-4 node: onward transfers were not traced (export limit). Receives 12k KZT from 1 payer.,4,False,1,0,12500.0,0.0,,9,6862.153873797859,,False,True
100000004386331100,peripheral,0.6,12,0.493659,"No role indicators: 1 payer, 2 recipients, 20k KZT in / 18k KZT out.",3,False,1,2,20000.0,17500.0,0.875,9,10979.9034692144,,True,True
100000004388209100,terminal,1.0,7,0.474255,"Receives 12k KZT from 1 payer, forwards 0%; outflow was traced (hop 1) — possible final recipient.",1,False,1,0,11800.0,0.0,0.0,1,11947.247413448964,,True,True
100000004388353100,terminal,1.0,15,0.750567,"Receives 63k KZT from 2 payers, forwards 0%; outflow was traced (hop 1) — possible final recipient.",1,False,2,0,62960.0,0.0,0.0,8,37969.45221479319,,True,True
100000004388983100,peripheral,0.6,47,0.060175,"No role indicators: 0 payers, 2 recipients, 0 KZT in / 451k KZT out.",0,True,0,2,0.0,450816.0,,0,0.0,,True,False
100000004390333100,peripheral,0.6,0,0.516724,"No role indicators: 2 payers, 9 recipients, 65k KZT in / 506k KZT out.",1,False,2,9,64558.0,506500.0,7.845658167849066,7,46215.802820468685,,True,True
100000004394765100,peripheral,0.6,2,0.598118,"No role indicators: 3 payers, 2 recipients, 604k KZT in / 82k KZT out.",1,False,3,2,603844.0,82500.0,0.13662469114539516,7,462010.62747621146,,True,True
100000004398811100,peripheral,0.6,18,0.300398,"No role indicators: 1 payer, 3 recipients, 426k KZT in / 1.0M KZT out.",2,False,1,3,426000.0,1040672.0,2.4428920187793426,1,9225.241289245443,,True,True
100000004399686100,terminal,1.0,25,0.531639,"Receives 806k KZT from 1 payer, forwards 0%; outflow was traced (hop 3) — possible final recipient.",3,False,1,0,806000.0,0.0,0.0,1,24477.44032035117,,True,True
100000004400305100,consolidator,0.7,0,0.733923,"Receives from 7 distinct payers, 223k KZT; forwards 999% — signs of consolidation. Also matches: distributor.",2,False,7,82,222800.0,5830181.0,26.167778276481148,7,4960.646520751499,distributor,True,True
100000004400361100,terminal,1.0,18,0.487622,"Receives 10k KZT from 1 payer, forwards 0%; outflow was traced (hop 2) — possible final recipient.",2,False,1,0,10000.0,0.0,0.0,7,2174.4815427798435,,True,True
100000004400480100,cutoff,0.7,11,0.250954,Hop-4 node: onward transfers were not traced (export limit). Receives 22k KZT from 1 payer.,4,False,1,0,21700.0,0.0,,2,6.949321183179783,,False,True
100000004403548100,cutoff,0.7,3,0.328812,Hop-4 node: onward transfers were not traced (export limit). Receives 5k KZT from 1 payer.,4,False,1,0,5000.0,0.0,,7,33.35474094162142,,False,True
100000004403641100,cutoff,0.7,1,0.39506,Hop-4 node: onward transfers were not traced (export limit). Receives 172k KZT from 1 payer.,4,False,1,0,171500.0,0.0,,8,0.6540338797645374,,False,True
100000004403675100,peripheral,0.6,21,0.59784,"No role indicators: 4 payers, 5 recipients, 183k KZT in / 265k KZT out.",1,False,4,5,182980.0,264699.0,1.4466007213903158,7,92793.55815427624,,True,True
100000004407753100,peripheral,0.6,23,0.354958,"No role indicators: 1 payer, 1 recipient, 250k KZT in / 100k KZT out.",3,False,1,1,250000.0,100000.0,0.4,7,2436.1181114041615,,True,True
100000004408683100,terminal,1.0,2,0.703859,"Receives 113k KZT from 2 payers, forwards 0%; outflow was traced (hop 1) — possible final recipient.",1,False,2,0,112919.68,0.0,0.0,7,87146.8300625692,,True,True
100000004410489100,terminal,1.0,13,0.487177,"Receives 54k KZT from 1 payer, forwards 0%; outflow was traced (hop 2) — possible final recipient.",2,False,1,0,54000.0,0.0,0.0,7,2124.6517472218015,,True,True
100000004417753100,terminal,1.0,3,0.544206,"Receives 192k KZT from 2 payers, forwards 0%; outflow was traced (hop 3) — possible final recipient.",3,False,2,0,192099.0,0.0,0.0,7,1209.090764729108,,True,True
100000004418967100,cutoff,0.7,1,0.473352,Hop-4 node: onward transfers were not traced (export limit). Receives 100k KZT from 1 payer.,4,False,1,0,100000.0,0.0,,8,190.24830135367984,,False,True
100000004420041100,peripheral,0.6,12,0.357493,"No role indicators: 1 payer, 7 recipients, 70k KZT in / 652k KZT out.",3,False,1,7,69638.0,651830.0,9.360263074758034,7,465.40617337157914,,True,True
100000004424023100,peripheral,0.6,2,0.529113,"No role indicators: 1 payer, 1 recipient, 50k KZT in / 100k KZT out.",2,False,1,1,50000.0,100000.0,2.0,9,14628.339934666647,,True,True
100000004433250100,cutoff,0.7,0,0.322618,Hop-4 node: onward transfers were not traced (export limit). Receives 8k KZT from 1 payer.,4,False,1,0,8000.0,0.0,,7,1.7038863763305547,,False,True
100000004435304100,terminal,1.0,19,0.376346,"Receives 26k KZT from 1 payer, forwards 0%; outflow was traced (hop 2) — possible final recipient.",2,False,1,0,26200.0,0.0,0.0,1,455.85935633275295,,True,True
100000004441291100,terminal,1.0,5,0.657218,"Receives 20k KZT from 1 payer, forwards 0%; outflow was traced (hop 2) — possible final recipient.",2,False,1,0,20000.0,0.0,0.0,10,13714.680894831781,,True,True
100000004445291100,terminal,1.0,26,0.450701,"Receives 20k KZT from 1 payer, forwards 0%; outflow was traced (hop 3) — possible final recipient.",3,False,1,0,19500.0,0.0,0.0,7,376.2103396166712,,True,True
100000004449824100,cutoff,0.7,8,0.271383,Hop-4 node: onward transfers were not traced (export limit). Receives 9k KZT from 1 payer.,4,False,1,0,9000.0,0.0,,1,0.43531978027658047,,False,True
100000004450649100,peripheral,0.6,4,0.39208,"No role indicators: 2 payers, 2 recipients, 193k KZT in / 47k KZT out.",3,False,2,2,192528.0,46527.0,0.24166355023684866,7,547.4802577025433,,True,True
100000004451012100,peripheral,0.6,20,0.38345,"No role indicators: 1 payer, 3 recipients, 91k KZT in / 66k KZT out.",3,False,1,3,91245.0,65740.0,0.7204778344018851,7,683.2780982329933,,True,True
100000004456564100,terminal,1.0,16,0.556539,"Receives 10k KZT from 1 payer, forwards 0%; outflow was traced (hop 2) — possible final recipient.",2,False,1,0,10000.0,0.0,0.0,8,3935.2584091439853,,True,True
100000004463277100,terminal,1.0,42,0.552547,"Receives 35k KZT from 1 payer, forwards 0%; outflow was traced (hop 2) — possible final recipient.",2,False,1,0,35000.0,0.0,0.0,1,42551.40432015384,,True,True
100000004467157100,peripheral,0.6,23,0.376977,"No role indicators: 1 payer, 1 recipient, 20k KZT in / 7k KZT out.",2,False,1,1,20000.0,7000.0,0.35,7,8296.685054513586,,True,True
100000004472936100,cutoff,0.7,13,0.33921,Hop-4 node: onward transfers were not traced (export limit). Receives 5k KZT from 1 payer.,4,False,1,0,5000.0,0.0,,7,54.50729132485673,,False,True
100000004475818100,peripheral,0.6,0,0.297885,"No role indicators: 1 payer, 3 recipients, 13k KZT in / 54k KZT out.",3,False,1,3,13000.0,53989.0,4.153,7,79.24351593767545,,True,True
100000004479404100,peripheral,0.6,37,0.414878,"No role indicators: 2 payers, 1 recipient, 1.5M KZT in / 300k KZT out.",2,False,2,1,1492000.0,300000.0,0.20107238605898123,7,1648.8303995955564,,True,True
100000004480280100,peripheral,0.6,14,0.601132,"No role indicators: 1 payer, 2 recipients, 147k KZT in / 296k KZT out.",1,False,1,2,146694.0,295850.0,2.0167832358515003,10,155443.7325732705,,True,True
100000004486525100,consolidator,0.8,0,0.75661,"Receives from 8 distinct payers, 361k KZT; forwards 75% — signs of consolidation.",2,False,8,2,360924.0,271045.0,0.7509752745730403,7,13490.362807143538,,True,True
100000004488265100,terminal,1.0,3,0.440692,"Receives 39k KZT from 1 payer, forwards 0%; outflow was traced (hop 3) — possible final recipient.",3,False,1,0,38740.0,0.0,0.0,7,258.9079978806826,,True,True
100000004491749100,terminal,1.0,8,0.464224,"Receives 50k KZT from 1 payer, forwards 0%; outflow was traced (hop 3) — possible final recipient.",3,False,1,0,50000.0,0.0,0.0,1,1894.787369768457,,True,True
100000004491881100,terminal,1.0,7,0.48343,"Receives 17k KZT from 1 payer, forwards 0%; outflow was traced (hop 1) — possible final recipient.",1,False,1,0,17144.0,0.0,0.0,1,17357.933021709243,,True,True
100000004493586100,terminal,1.0,0,0.388178,"Receives 8k KZT from 1 payer, forwards 0%; outflow was traced (hop 3) — possible final recipient.",3,False,1,0,7500.0,0.0,0.0,7,5.87678393767885,,True,True
100000004494983100,terminal,1.0,7,0.504949,"Receives 35k KZT from 1 payer, forwards 0%; outflow was traced (hop 1) — possible final recipient.",1,False,1,0,35000.0,0.0,0.0,1,35436.75080260286,,True,True
100000004497606100,terminal,1.0,7,0.481094,"Receives 16k KZT from 1 payer, forwards 0%; outflow was traced (hop 1) — possible final recipient.",1,False,1,0,15534.0,0.0,0.0,1,15727.842484789508,,True,True
100000004500444100,peripheral,0.6,16,0.36361,"No role indicators: 2 payers, 1 recipient, 180k KZT in / 74k KZT out.",3,False,2,1,180000.0,74000.0,0.4111111111111111,7,189.45749667731982,,True,True
100000004500781100,cutoff,0.7,16,0.345216,Hop-4 node: onward transfers were not traced (export limit). Receives 74k KZT from 1 payer.,4,False,1,0,74000.0,0.0,,7,72.67304006319529,,False,True
100000004502048100,cutoff,0.7,20,0.406403,Hop-4 node: onward transfers were not traced (export limit). Receives 14k KZT from 1 payer.,4,False,1,0,13888.0,0.0,,7,103.99523391427145,,False,True
100000004508696100,peripheral,0.6,33,0.346673,"No role indicators: 1 payer, 3 recipients, 7k KZT in / 111k KZT out.",3,False,1,3,7000.0,111000.0,15.857142857142858,7,1540.7309499249257,,True,True
100000004509286100,terminal,1.0,5,0.689635,"Receives 40k KZT from 1 payer, forwards 0%; outflow was traced (hop 1) — possible final recipient.",1,False,1,0,40000.0,0.0,0.0,10,42385.846066852224,,True,True
100000004526651100,cutoff,0.7,1,0.423085,Hop-4 node: onward transfers were not traced (export limit). Receives 33k KZT from 1 payer.,4,False,1,0,33000.0,0.0,,8,21.798624910564513,,False,True
100000004527381100,peripheral,0.6,2,0.468014,"No role indicators: 1 payer, 1 recipient, 119k KZT in / 274k KZT out.",2,False,1,1,119333.17,273866.11,2.2949705433954364,7,22711.710533076635,,True,True
100000004539443100,terminal,1.0,5,0.755282,"Receives 62k KZT from 2 payers, forwards 0%; outflow was traced (hop 3) — possible final recipient.",3,False,2,0,61990.0,0.0,0.0,10,40421.03684916833,,True,True
100000004544958100,peripheral,0.6,15,0.559095,"No role indicators: 1 payer, 2 recipients, 168k KZT in / 23k KZT out.",2,False,1,2,168000.0,23200.0,0.1380952380952381,8,54137.84444809161,,True,True
100000004549591100,cutoff,0.7,33,0.404824,Hop-4 node: onward transfers were not traced (export limit). Receives 49k KZT from 1 payer.,4,False,1,0,49000.0,0.0,,7,679.9172907714443,,False,True
100000004552204100,peripheral,0.6,30,0.41837,"No role indicators: 1 payer, 2 recipients, 22k KZT in / 10k KZT out.",3,False,1,2,22500.0,10000.0,0.4444444444444444,8,3249.391724358526,,True,True
100000004553349100,terminal,1.0,0,0.421319,"Receives 8k KZT from 1 payer, forwards 0%; outflow was traced (hop 3) — possible final recipient.",3,False,1,0,7755.0,0.0,0.0,7,47.271805084359464,,True,True
100000004559194100,terminal,1.0,2,0.651168,"Receives 282k KZT from 1 payer, forwards 0%; outflow was traced (hop 1) — possible final recipient.",1,False,1,0,282145.0,0.0,0.0,7,285362.62473624124,,True,True
100000004564736100,terminal,1.0,24,0.458263,"Receives 15k KZT from 1 payer, forwards 0%; outflow was traced (hop 3) — possible final recipient.",3,False,1,0,15000.0,0.0,0.0,7,506.51901362284593,,True,True
100000004569484100,peripheral,0.6,10,0.364166,"No role indicators: 2 payers, 4 recipients, 98k KZT in / 156k KZT out.",3,False,2,4,98312.0,156000.0,1.586784929611848,7,190.7763905134385,,True,True
100000004569637100,cutoff,0.7,3,0.331203,Hop-4 node: onward transfers were not traced (export limit). Receives 6k KZT from 1 payer.,4,False,1,0,5500.0,0.0,,7,36.69021503578357,,False,True
100000004571634100,cutoff,0.7,5,0.461052,Hop-4 node: onward transfers were not traced (export limit). Receives 20k KZT from 1 payer.,4,False,1,0,20000.0,0.0,,8,101.10064106070928,,False,True
100000004573782100,terminal,1.0,9,0.490469,"Receives 15k KZT from 1 payer, forwards 0%; outflow was traced (hop 2) — possible final recipient.",2,False,1,0,15000.0,0.0,0.0,1,8030.012617628078,,True,True
100000004580202100,peripheral,0.6,24,0.346951,"No role indicators: 1 payer, 3 recipients, 9k KZT in / 45k KZT out.",2,False,1,3,9000.0,45000.0,5.0,7,1561.3429928434145,,True,True
100000004580254100,terminal,1.0,17,0.48393,"Receives 28k KZT from 2 payers, forwards 0%; outflow was traced (hop 3) — possible final recipient.",3,False,2,0,27940.0,0.0,0.0,7,116.50007721478148,,True,True
100000004584730100,cutoff,0.7,37,0.30329,Hop-4 node: onward transfers were not traced (export limit). Receives 47k KZT from 1 payer.,4,False,1,0,47000.0,0.0,,7,6.8335819803480655,,False,True
100000004586598100,cutoff,0.7,14,0.405603,Hop-4 node: onward transfers were not traced (export limit). Receives 761k KZT from 1 payer.,4,False,1,0,761255.0,0.0,,7,38.36580794529865,,False,True
100000004587414100,terminal,1.0,4,0.54643,"Receives 534k KZT from 2 payers, forwards 0%; outflow was traced (hop 3) — possible final recipient.",3,False,2,0,533603.0,0.0,0.0,7,1409.7800463707858,,True,True
100000004588479100,terminal,1.0,2,0.646497,"Receives 178k KZT from 1 payer, forwards 0%; outflow was traced (hop 1) — possible final recipient.",1,False,1,0,177633.0,0.0,0.0,7,179658.75390232948,,True,True
100000004591973100,peripheral,0.6,12,0.477589,"No role indicators: 1 payer, 1 recipient, 10k KZT in / 100k KZT out.",3,False,1,1,10000.0,100000.0,10.0,9,5489.9517346072,,True,True
100000004592467100,terminal,1.0,5,0.395296,"Receives 7k KZT from 1 payer, forwards 0%; outflow was traced (hop 2) — possible final recipient.",2,False,1,0,7000.0,0.0,0.0,1,151.5884718890096,,True,True
100000004596284100,cutoff,0.7,2,0.476955,Hop-4 node: onward transfers were not traced (export limit). Receives 30k KZT from 1 payer.,4,False,1,0,30000.0,0.0,,7,980.8362300200544,,False,True
100000004601193100,cutoff,0.7,5,0.497974,Hop-4 node: onward transfers were not traced (export limit). Receives 84k KZT from 1 payer.,4,False,1,0,84000.0,0.0,,8,353.8522437124825,,False,True
100000004603109100,peripheral,0.6,25,0.516401,"No role indicators: 3 payers, 2 recipients, 2.7M KZT in / 400k KZT out.",3,False,3,2,2730000.0,400000.0,0.14652014652014653,2,40696.39138141923,,True,True
100000004610802100,cutoff,0.7,0,0.391234,Hop-4 node: onward transfers were not traced (export limit). Receives 241k KZT from 1 payer.,4,False,1,0,241000.0,0.0,,7,156.70231434906614,,False,True
100000004611571100,terminal,1.0,0,0.405861,"Receives 23k KZT from 1 payer, forwards 0%; outflow was traced (hop 3) — possible final recipient.",3,False,1,0,22550.0,0.0,0.0,7,19.173843239462254,,True,True
100000004613582100,peripheral,0.6,9,0.334673,"No role indicators: 1 payer, 1 recipient, 5k KZT in / 10k KZT out.",3,False,1,1,5000.0,9500.0,1.9,1,2580.353100950656,,True,True
100000004616845100,cutoff,0.7,16,0.294393,Hop-4 node: onward transfers were not traced (export limit). Receives 20k KZT from 1 payer.,4,False,1,0,20200.0,0.0,,7,0.7479232192561878,,False,True
100000004622227100,peripheral,0.6,0,0.43256,"No role indicators: 1 payer, 3 recipients, 25k KZT in / 19k KZT out.",1,False,1,3,24931.0,19000.0,0.762103405398901,7,25175.56998762948,,True,True
100000004629688100,peripheral,0.6,2,0.381159,"No role indicators: 1 payer, 1 recipient, 5k KZT in / 15k KZT out.",3,False,1,1,5000.0,15000.0,3.0,7,377.2913910311721,,True,True
100000004634420100,terminal,1.0,6,0.298554,"Receives 26k KZT from 1 payer, forwards 0%; outflow was traced (hop 3) — possible final recipient.",3,False,1,0,26150.0,0.0,0.0,1,17.579825461258785,,True,True
100000004635886100,terminal,1.0,2,0.504482,"Receives 23k KZT from 1 payer, forwards 0%; outflow was traced (hop 3) — possible final recipient.",3,False,1,0,23000.0,0.0,0.0,7,245.59567473784395,,True,True
100000004644615100,peripheral,0.6,11,0.225443,"No role indicators: 1 payer, 2 recipients, 51k KZT in / 380k KZT out.",3,False,1,2,50810.0,379665.0,7.472249557173785,1,250.32592690079665,,True,True
100000004652395100,cutoff,0.7,0,0.471406,Hop-4 node: onward transfers were not traced (export limit). Receives 102k KZT from 3 payers.,4,False,3,0,101528.0,0.0,,7,163.0868601664783,,False,True
100000004655046100,cutoff,0.7,1,0.435563,Hop-4 node: onward transfers were not traced (export limit). Receives 24k KZT from 1 payer.,4,False,1,0,24000.0,0.0,,9,19.313805233894136,,False,True
100000004657034100,terminal,1.0,4,0.426568,"Receives 141k KZT from 1 payer, forwards 0%; outflow was traced (hop 3) — possible final recipient.",3,False,1,0,141250.0,0.0,0.0,7,161.71443949554674,,True,True
100000004659919100,peripheral,0.6,5,0.499642,"No role indicators: 1 payer, 1 recipient, 110k KZT in / 39k KZT out.",3,False,1,1,110000.0,39000.0,0.35454545454545455,10,5062.9988140291,,True,True
100000004662806100,peripheral,0.6,12,0.600932,"No role indicators: 2 payers, 2 recipients, 107k KZT in / 60k KZT out.",1,False,2,2,106585.0,59900.0,0.5619927757189098,8,97587.05605858118,,True,True
100000004664515100,terminal,1.0,0,0.57946,"Receives 38k KZT from 1 payer, forwards 0%; outflow was traced (hop 1) — possible final recipient.",1,False,1,0,37691.0,0.0,0.0,7,38060.74398956089,,True,True
100000004664905100,terminal,1.0,2,0.716537,"Receives 329k KZT from 2 payers, forwards 0%; outflow was traced (hop 1) — possible final recipient.",1,False,2,0,329020.0,0.0,0.0,7,240382.9559477825,,True,True
100000004666651100,terminal,1.0,5,0.685354,"Receives 429k KZT from 1 payer, forwards 0%; outflow was traced (hop 2) — possible final recipient.",2,False,1,0,429250.0,0.0,0.0,10,36220.5146648577,,True,True
100000004670388100,peripheral,0.6,39,0.360185,"No role indicators: 1 payer, 2 recipients, 160k KZT in / 720k KZT out.",3,False,1,2,160354.0,720000.0,4.490065729573319,7,3363.2202149067975,,True,True
100000004671609100,terminal,1.0,1,0.56518,"Receives 100k KZT from 1 payer, forwards 0%; outflow was traced (hop 3) — possible final recipient.",3,False,1,0,100000.0,0.0,0.0,9,357.16991887425945,,True,True
100000004673335100,cutoff,0.7,11,0.359895,Hop-4 node: onward transfers were not traced (export limit). Receives 80k KZT from 1 payer.,4,False,1,0,80000.0,0.0,,7,126.89687837491894,,False,True
100000004674178100,cutoff,0.7,26,0.308072,Hop-4 node: onward transfers were not traced (export limit). Receives 20k KZT from 1 payer.,4,False,1,0,20000.0,0.0,,7,10.400600024654537,,False,True
100000004674389100,cutoff,0.7,5,0.455492,Hop-4 node: onward transfers were not traced (export limit). Receives 15k KZT from 1 payer.,4,False,1,0,15000.0,0.0,,8,75.82548079553196,,False,True
100000004674412100,cutoff,0.7,5,0.486742,Hop-4 node: onward transfers were not traced (export limit). Receives 46k KZT from 1 payer.,4,False,1,0,46000.0,0.0,,8,232.53147443963135,,False,True
100000004674799100,terminal,1.0,0,0.575678,"Receives 140k KZT from 1 payer, forwards 0%; outflow was traced (hop 2) — possible final recipient.",2,False,1,0,140000.0,0.0,0.0,7,33660.500605783025,,True,True
100000004676985100,peripheral,0.6,0,0.276644,"No role indicators: 1 payer, 1 recipient, 32k KZT in / 27k KZT out.",3,False,1,1,32260.0,27102.0,0.8401115933044018,7,27.430074629935806,,True,True
100000004677680100,peripheral,0.6,15,0.626132,"No role indicators: 2 payers, 1 recipient, 63k KZT in / 168k KZT out.",1,False,2,1,63000.0,168000.0,2.6666666666666665,8,54145.524849571855,,True,True
100000004679953100,peripheral,0.6,3,0.499742,"No role indicators: 3 payers, 3 recipients, 344k KZT in / 34k KZT out.",1,False,3,3,343538.0,34100.0,0.09926121709970949,7,41608.75765885966,,True,True
100000004687099100,terminal,1.0,9,0.506928,"Receives 30k KZT from 1 payer, forwards 0%; outflow was traced (hop 2) — possible final recipient.",2,False,1,0,30000.0,0.0,0.0,1,16060.025235256157,,True,True
100000004687282100,terminal,1.0,2,0.599455,"Receives 20k KZT from 1 payer, forwards 0%; outflow was traced (hop 2) — possible final recipient.",2,False,1,0,20000.0,0.0,0.0,7,20225.539466549544,,True,True
100000004689658100,terminal,0.8445,14,0.540447,"Receives 456k KZT from 1 payer, forwards 2%; outflow was traced (hop 3) — possible final recipient.",3,False,1,1,456100.0,7092.0,0.015549221661916246,7,760.0604521623405,,True,True
100000004691350100,cutoff,0.7,39,0.382026,Hop-4 node: onward transfers were not traced (export limit). Receives 13k KZT from 1 payer.,4,False,1,0,13300.0,0.0,,7,278.9425293471174,,False,True
100000004692798100,peripheral,0.6,12,0.472395,"No role indicators: 2 payers, 1 recipient, 240k KZT in / 15k KZT out.",1,False,2,1,240305.0,15000.0,0.06242067372713843,1,202925.45939412268,,True,True
100000004697956100,transit,1.0,8,0.461555,"In 10k KZT / out 10k KZT (ratio 1.00), 0% forwarded within 2 days — pattern consistent with transit.",3,False,1,1,10000.0,10000.0,1.0,1,1593.6362654287136,,True,True
100000004698193100,peripheral,0.6,8,0.44208,"No role indicators: 2 payers, 3 recipients, 223k KZT in / 38k KZT out.",2,False,2,3,222700.0,38000.0,0.17063313875168387,1,18268.12006420359,,True,True
100000004707703100,transit,1.0,2,0.716759,"In 239k KZT / out 232k KZT (ratio 0.97), 89% forwarded within 2 days — pattern consistent with transit.",1,False,2,5,239300.0,231650.0,0.9680317592979524,7,242006.48034585943,,True,True
100000004713684100,terminal,1.0,0,0.413757,"Receives 38k KZT from 1 payer, forwards 0%; outflow was traced (hop 3) — possible final recipient.",3,False,1,0,37500.0,0.0,0.0,7,31.88554862438291,,True,True
100000004714705100,peripheral,0.9,21,0.060653,"No role indicators: 0 payers, 1 recipient, 0 KZT in / 37k KZT out.",0,True,0,1,0.0,36550.0,,0,0.0,,True,False
100000004715209100,peripheral,0.6,29,0.242302,"No role indicators: 1 payer, 5 recipients, 5k KZT in / 350k KZT out.",3,False,1,5,5000.0,350450.0,70.09,7,17.247880348889435,,True,True
100000004717647100,peripheral,0.6,37,0.311808,"No role indicators: 1 payer, 5 recipients, 300k KZT in / 2.2M KZT out.",3,False,1,5,300000.0,2240000.0,7.466666666666667,7,325.6965315673442,,True,True
100000004722630100,cutoff,0.7,39,0.422618,Hop-4 node: onward transfers were not traced (export limit). Receives 340k KZT from 1 payer.,4,False,1,0,340000.0,0.0,,7,1588.1419297530706,,False,True
100000004722765100,peripheral,0.6,0,0.402422,"No role indicators: 1 payer, 3 recipients, 230k KZT in / 2.3M KZT out.",3,False,1,3,230000.0,2284500.0,9.932608695652174,7,7979.82301830738,,True,True
100000004723755100,peripheral,0.9,5,0.047141,"No role indicators: 0 payers, 1 recipient, 0 KZT in / 95k KZT out.",0,True,0,1,0.0,95000.0,,0,0.0,,True,False
100000004726132100,peripheral,0.6,3,0.348619,"No role indicators: 1 payer, 1 recipient, 349k KZT in / 24k KZT out.",3,False,1,1,349000.0,24000.0,0.06876790830945559,7,1706.0351297668647,,True,True
100000004732589100,terminal,1.0,10,0.423165,"Receives 228k KZT from 1 payer, forwards 0%; outflow was traced (hop 2) — possible final recipient.",2,False,1,0,227520.0,0.0,0.0,1,5304.487285027829,,True,True
100000004737477100,peripheral,0.6,0,0.505158,"No role indicators: 2 payers, 1 recipient, 50k KZT in / 40k KZT out.",1,False,2,1,49598.0,40500.0,0.8165651840800032,7,30439.097924007,,True,True
100000004737764100,terminal,1.0,5,0.564847,"Receives 600k KZT from 1 payer, forwards 0%; outflow was traced (hop 3) — possible final recipient.",3,False,1,0,600000.0,0.0,0.0,7,9683.951025293562,,True,True
100000004739664100,peripheral,0.6,53,0.306848,"No role indicators: 1 payer, 1 recipient, 12k KZT in / 10k KZT out.",1,False,1,1,12000.0,10000.0,0.8333333333333334,1,12149.74313232098,,True,True
100000004741837100,terminal,1.0,2,0.607907,"Receives 26k KZT from 1 payer, forwards 0%; outflow was traced (hop 1) — possible final recipient.",1,False,1,0,25596.0,0.0,0.0,7,25887.900699104473,,True,True
100000004744306100,peripheral,0.6,21,0.569326,"No role indicators: 1 payer, 2 recipients, 69k KZT in / 92k KZT out.",1,False,1,2,69000.0,92000.0,1.3333333333333333,8,70464.4226261527,,True,True
100000004746397100,terminal,0.6583,4,0.439802,"Receives 220k KZT from 1 payer, forwards 3%; outflow was traced (hop 3) — possible final recipient.",3,False,1,1,219520.0,7500.0,0.03416545189504373,7,251.32427439336226,,True,True
100000004747154100,cutoff,0.7,29,0.298063,Hop-4 node: onward transfers were not traced (export limit). Receives 67k KZT from 1 payer.,4,False,1,0,67000.0,0.0,,7,3.296386005867923,,False,True
100000004750321100,terminal,1.0,10,0.489491,"Receives 50k KZT from 2 payers, forwards 0%; outflow was traced (hop 3) — possible final recipient.",3,False,2,0,50185.0,0.0,0.0,7,139.7645752931193,,True,True
100000004750897100,terminal,1.0,2,0.532395,"Receives 10k KZT from 1 payer, forwards 0%; outflow was traced (hop 3) — possible final recipient.",3,False,1,0,10000.0,0.0,0.0,7,754.5827820623442,,True,True
100000004756901100,terminal,1.0,18,0.549344,"Receives 153k KZT from 1 payer, forwards 0%; outflow was traced (hop 2) — possible final recipient.",2,False,1,0,153248.0,0.0,0.0,7,33323.49474679255,,True,True
100000004759121100,consolidator,0.6,3,0.774304,"Receives from 6 distinct payers (1 seed), 710k KZT; forwards 44% — signs of consolidation.",1,False,6,2,710000.0,312000.0,0.4394366197183099,7,68059.71119203634,,True,True
100000004765639100,peripheral,0.6,18,0.364855,"No role indicators: 1 payer, 2 recipients, 5k KZT in / 11k KZT out.",2,False,1,2,5000.0,11000.0,2.2,7,4556.443487555404,,True,True
100000004770073100,transit,1.0,0,0.385954,"In 5k KZT / out 5k KZT (ratio 1.00), 100% forwarded within 2 days — pattern consistent with transit.",3,False,1,1,5462.4,5466.97,1.0008366285881665,7,4.28017927749026,,True,True
100000004777215100,cutoff,0.7,18,0.399153,Hop-4 node: onward transfers were not traced (export limit). Receives 60k KZT from 1 payer.,4,False,1,0,60000.0,0.0,,7,521.8626969777314,,False,True
100000004779204100,peripheral,0.6,0,0.275754,"No role indicators: 1 payer, 1 recipient, 30k KZT in / 20k KZT out.",3,False,1,1,30450.0,20000.0,0.6568144499178982,7,25.891065482998922,,True,True
100000004780083100,cutoff,0.7,0,0.328512,Hop-4 node: onward transfers were not traced (export limit). Receives 10k KZT from 1 payer.,4,False,1,0,9999.0,0.0,,7,6.501520502806276,,False,True
100000004780327100,cutoff,0.7,8,0.271995,Hop-4 node: onward transfers were not traced (export limit). Receives 12k KZT from 1 payer.,4,False,1,0,12000.0,0.0,,1,0.5804263737021074,,False,True
100000004783447100,terminal,1.0,7,0.497943,"Receives 26k KZT from 1 payer, forwards 0%; outflow was traced (hop 1) — possible final recipient.",1,False,1,0,26200.0,0.0,0.0,1,26526.939172234142,,True,True
100000004784224100,peripheral,0.6,25,0.394248,"No role indicators: 1 payer, 1 recipient, 24k KZT in / 100k KZT out.",1,False,1,1,23500.0,100000.0,4.25531914893617,1,23500.0,,True,True
100000004788983100,cutoff,0.7,3,0.355336,Hop-4 node: onward transfers were not traced (export limit). Receives 27k KZT from 1 payer.,4,False,1,0,27000.0,0.0,,7,110.15442031967659,,False,True
100000004790991100,terminal,1.0,2,0.649944,"Receives 239k KZT from 1 payer, forwards 0%; outflow was traced (hop 1) — possible final recipient.",1,False,1,0,239413.0,0.0,0.0,7,242143.30247205417,,True,True
100000004791226100,cutoff,0.7,0,0.342524,Hop-4 node: onward transfers were not traced (export limit). Receives 20k KZT from 1 payer.,4,False,1,0,20000.0,0.0,,7,16.989903610964273,,False,True
100000004792397100,terminal,1.0,7,0.523632,"Receives 74k KZT from 1 payer, forwards 0%; outflow was traced (hop 1) — possible final recipient.",1,False,1,0,73520.0,0.0,0.0,1,74437.4262573532,,True,True
100000004797167100,cutoff,0.7,22,0.264855,Hop-4 node: onward transfers were not traced (export limit). Receives 31k KZT from 1 payer.,4,False,1,0,31000.0,0.0,,1,66.83351610715421,,False,True
100000004798515100,cutoff,0.7,12,0.399686,Hop-4 node: onward transfers were not traced (export limit). Receives 200k KZT from 1 payer.,4,False,1,0,200000.0,0.0,,7,142.5376217536863,,False,True
100000004800452100,cutoff,0.7,14,0.379246,Hop-4 node: onward transfers were not traced (export limit). Receives 7k KZT from 1 payer.,4,False,1,0,6544.53,0.0,,7,8.750832769730893,,False,True
100000004800648100,cutoff,0.7,12,0.386452,Hop-4 node: onward transfers were not traced (export limit). Receives 131k KZT from 1 payer.,4,False,1,0,131000.0,0.0,,7,93.3621422486645,,False,True
100000004806903100,terminal,1.0,4,0.598343,"Receives 18k KZT from 1 payer, forwards 0%; outflow was traced (hop 2) — possible final recipient.",2,False,1,0,18000.0,0.0,0.0,10,9546.746258770972,,True,True
100000004813068100,peripheral,0.6,25,0.057094,"No role indicators: 0 payers, 3 recipients, 0 KZT in / 297k KZT out.",0,True,0,3,0.0,297000.0,,0,0.0,,True,False
100000004816564100,terminal,0.8249,2,0.61458,"Receives 285k KZT from 1 payer, forwards 2%; outflow was traced (hop 2) — possible final recipient.",2,False,1,1,285480.0,5000.0,0.01751436177665686,7,32463.278892011138,,True,True
100000004820260100,transit,0.8476,2,0.620474,"In 234k KZT / out 215k KZT (ratio 0.92), 100% forwarded within 2 days — pattern consistent with transit.",2,False,1,3,234200.0,215350.0,0.9195132365499573,7,40458.897507401736,,True,True
100000004825069100,terminal,1.0,19,0.380127,"Receives 30k KZT from 1 payer, forwards 0%; outflow was traced (hop 2) — possible final recipient.",2,False,1,0,30000.0,0.0,0.0,1,521.976362213076,,True,True
100000004840086100,cutoff,0.7,3,0.396928,Hop-4 node: onward transfers were not traced (export limit). Receives 100k KZT from 1 payer.,4,False,1,0,100000.0,0.0,,7,488.75244983327957,,False,True
100000004841728100,terminal,1.0,7,0.516737,"Receives 52k KZT from 1 payer, forwards 0%; outflow was traced (hop 1) — possible final recipient.",1,False,1,0,52208.0,0.0,0.0,1,52859.48245435114,,True,True
100000004847758100,distributor,0.6667,13,0.646025,Fans out to 15 recipients (489k KZT) against 4 payers — pattern consistent with a distribution layer.,1,False,4,15,115171.0,488800.0,4.244123954815014,7,19232.5703020932,,True,True
100000004848236100,cutoff,0.7,3,0.327311,Hop-4 node: onward transfers were not traced (export limit). Receives 8k KZT from 1 payer.,4,False,1,0,7500.0,0.0,,7,30.59845008879905,,False,True
100000004850609100,cutoff,0.7,0,0.322507,Hop-4 node: onward transfers were not traced (export limit). Receives 10k KZT from 1 payer.,4,False,1,0,10000.0,0.0,,7,1.6972814426439207,,False,True
100000004856746100,cutoff,0.7,23,0.373352,Hop-4 node: onward transfers were not traced (export limit). Receives 20k KZT from 1 payer.,4,False,1,0,20000.0,0.0,,7,198.64724010375522,,False,True
100000004877085100,peripheral,0.6,13,0.306581,"No role indicators: 1 payer, 3 recipients, 25k KZT in / 96k KZT out.",3,False,1,3,25000.0,95600.0,3.824,7,273.290210018291,,True,True
100000004889043100,terminal,1.0,0,0.533619,"Receives 272k KZT from 2 payers, forwards 0%; outflow was traced (hop 3) — possible final recipient.",3,False,2,0,272000.0,0.0,0.0,7,260.73648178174545,,True,True
100000004890713100,cutoff,0.7,10,0.350776,Hop-4 node: onward transfers were not traced (export limit). Receives 40k KZT from 1 payer.,4,False,1,0,40485.0,0.0,,7,96.28666251089895,,False,True
100000004891562100,cutoff,0.7,8,0.279224,Hop-4 node: onward transfers were not traced (export limit). Receives 103k KZT from 1 payer.,4,False,1,0,103400.0,0.0,,1,5.001340586733159,,False,True
100000004892144100,terminal,0.5993,25,0.651613,"Receives 4.5M KZT from 2 payers, forwards 4%; outflow was traced (hop 3) — possible final recipient.",3,False,2,1,4500000.0,180300.0,0.04006666666666667,2,67092.34828630691,,True,True
100000004904960100,terminal,1.0,3,0.662711,"Receives 32k KZT from 2 payers, forwards 0%; outflow was traced (hop 2) — possible final recipient.",2,False,2,0,32000.0,0.0,0.0,10,8326.434819440432,,True,True
100000004905207100,terminal,1.0,8,0.671831,"Receives 380k KZT from 1 payer, forwards 0%; outflow was traced (hop 2) — possible final recipient.",2,False,1,0,380000.0,0.0,0.0,11,13907.734372150795,,True,True
100000004906181100,peripheral,0.6,4,0.281281,"No role indicators: 1 payer, 7 recipients, 100k KZT in / 2.5M KZT out.",3,False,1,7,100000.0,2473417.91,24.734179100000002,7,114.48809875790919,,True,True
100000004908173100,cutoff,0.7,1,0.43454,Hop-4 node: onward transfers were not traced (export limit). Receives 21k KZT from 1 payer.,4,False,1,0,21000.0,0.0,,8,39.952143284272765,,False,True
100000004911971100,cutoff,0.7,4,0.296506,Hop-4 node: onward transfers were not traced (export limit). Receives 35k KZT from 1 payer.,4,False,1,0,35000.0,0.0,,7,1.6194923565514971,,False,True
100000004917367100,terminal,1.0,4,0.516515,"Receives 120k KZT from 2 payers, forwards 0%; outflow was traced (hop 3) — possible final recipient.",3,False,2,0,120000.0,0.0,0.0,7,356.3146332445756,,True,True
100000004921657100,peripheral,0.6,5,0.506648,"No role indicators: 1 payer, 1 recipient, 8k KZT in / 22k KZT out.",3,False,1,1,8300.0,22190.0,2.6734939759036145,10,6976.867125099138,,True,True
100000004931931100,peripheral,0.6,3,0.30825,"No role indicators: 1 payer, 1 recipient, 24k KZT in / 45k KZT out.",3,False,1,1,23938.0,45000.0,1.8798562954298605,7,289.442179127091,,True,True
100000004948177100,terminal,1.0,2,0.731117,"Receives 437k KZT from 3 payers, forwards 0%; outflow was traced (hop 1) — possible final recipient.",1,False,3,0,437163.0,0.0,0.0,7,347403.2626658525,,True,True
100000004950490100,terminal,1.0,9,0.494806,"Receives 10k KZT from 1 payer, forwards 0%; outflow was traced (hop 2) — possible final recipient.",2,False,1,0,10000.0,0.0,0.0,1,10000.000000000002,,True,True
100000004959752100,terminal,1.0,5,0.644273,"Receives 22k KZT from 1 payer, forwards 0%; outflow was traced (hop 3) — possible final recipient.",3,False,1,0,22200.0,0.0,0.0,11,6111.849604261256,,True,True
100000004962193100,consolidator,0.8,0,0.751495,"Receives from 8 distinct payers, 900k KZT; forwards 0% — signs of consolidation. Also matches: terminal.",2,False,8,0,900468.0,0.0,0.0,7,10675.595600918972,terminal,True,True
100000004970752100,terminal,1.0,0,0.533196,"Receives 10k KZT from 1 payer, forwards 0%; outflow was traced (hop 3) — possible final recipient.",3,False,1,0,10000.0,0.0,0.0,7,6769.656356605533,,True,True
100000004971871100,peripheral,0.6,59,0.091169,"No role indicators: 1 payer, 1 recipient, 25k KZT in / 6k KZT out.",0,True,1,1,25400.0,5650.0,,0,0.0,,True,False
100000004975919100,peripheral,0.6,3,0.289455,"No role indicators: 1 payer, 2 recipients, 22k KZT in / 15k KZT out.",3,False,1,2,22351.0,15000.0,0.6711109122634334,7,149.3766819987387,,True,True
100000004976946100,cutoff,0.7,35,0.295727,Hop-4 node: onward transfers were not traced (export limit). Receives 246k KZT from 1 payer.,4,False,1,0,246000.0,0.0,,7,1.1377914046046977,,False,True
100000004979264100,cutoff,0.7,1,0.431092,Hop-4 node: onward transfers were not traced (export limit). Receives 40k KZT from 1 payer.,4,False,1,0,39800.0,0.0,,8,34.5397226989016,,False,True
100000004979283100,terminal,1.0,10,0.445585,"Receives 40k KZT from 1 payer, forwards 0%; outflow was traced (hop 3) — possible final recipient.",3,False,1,0,40132.0,0.0,0.0,7,309.5229172460597,,True,True
100000004979498100,peripheral,0.6,48,0.452289,"No role indicators: 1 payer, 1 recipient, 700k KZT in / 200k KZT out.",2,False,1,1,700000.0,200000.0,0.2857142857142857,1,826776.0829848952,,True,True
100000004981068100,cutoff,0.7,13,0.354891,Hop-4 node: onward transfers were not traced (export limit). Receives 10k KZT from 1 payer.,4,False,1,0,10000.0,0.0,,7,109.0463707320426,,False,True
100000004984689100,terminal,1.0,3,0.449366,"Receives 53k KZT from 1 payer, forwards 0%; outflow was traced (hop 3) — possible final recipient.",3,False,1,0,53030.0,0.0,0.0,7,354.4112319982601,,True,True
100000004988240100,cutoff,0.7,0,0.342358,Hop-4 node: onward transfers were not traced (export limit). Receives 20k KZT from 1 payer.,4,False,1,0,20000.0,0.0,,7,16.98990361096427,,False,True
100000004991593100,cutoff,0.7,0,0.347863,Hop-4 node: onward transfers were not traced (export limit). Receives 45k KZT from 1 payer.,4,False,1,0,45000.0,0.0,,7,22.44273248002358,,False,True
100000004991812100,terminal,1.0,24,0.447698,"Receives 10k KZT from 1 payer, forwards 0%; outflow was traced (hop 3) — possible final recipient.",3,False,1,0,10000.0,0.0,0.0,7,337.6793424152306,,True,True
100000004993576100,terminal,1.0,2,0.597342,"Receives 167k KZT from 1 payer, forwards 0%; outflow was traced (hop 2) — possible final recipient.",2,False,1,0,167000.0,0.0,0.0,7,18990.358606437785,,True,True
100000004997515100,peripheral,0.6,1,0.545016,"No role indicators: 4 payers, 4 recipients, 395k KZT in / 54k KZT out.",3,False,4,4,395000.0,54500.0,0.1379746835443038,9,1498.5586305842182,,True,True
100000005008589100,terminal,1.0,0,0.415091,"Receives 43k KZT from 1 payer, forwards 0%; outflow was traced (hop 3) — possible final recipient.",3,False,1,0,42806.68,0.0,0.0,7,33.54208125991446,,True,True
100000005010159100,cutoff,0.7,14,0.382805,Hop-4 node: onward transfers were not traced (export limit). Receives 7k KZT from 1 payer.,4,False,1,0,7092.0,0.0,,7,11.225740615286602,,False,True
100000005017150100,peripheral,0.9,75,0.061431,Known seed; no transfers above the export threshold observed in the covered period.,0,True,0,0,0.0,0.0,,0,0.0,,True,False
100000005022552100,terminal,0.7925,2,0.556194,"Receives 241k KZT from 1 payer, forwards 2%; outflow was traced (hop 3) — possible final recipient.",3,False,1,1,241000.0,5000.0,0.02074688796680498,7,2573.415548340017,,True,True
100000005022964100,terminal,1.0,5,0.654437,"Receives 20k KZT from 1 payer, forwards 0%; outflow was traced (hop 2) — possible final recipient.",2,False,1,0,20000.0,0.0,0.0,10,12159.402831730482,,True,True
100000005025629100,cutoff,0.7,4,0.314299,Hop-4 node: onward transfers were not traced (export limit). Receives 5k KZT from 1 payer.,4,False,1,0,5227.0,0.0,,7,14.861816694399987,,False,True
100000005030592100,terminal,1.0,2,0.541348,"Receives 10k KZT from 1 payer, forwards 0%; outflow was traced (hop 2) — possible final recipient.",2,False,1,0,10000.0,0.0,0.0,7,1137.1472219423824,,True,True
100000005031696100,peripheral,0.6,5,0.500532,"No role indicators: 1 payer, 2 recipients, 5k KZT in / 115k KZT out.",2,False,1,2,5000.0,115000.0,23.0,10,5298.025519539709,,True,True
100000005032294100,terminal,1.0,16,0.556539,"Receives 10k KZT from 1 payer, forwards 0%; outflow was traced (hop 2) — possible final recipient.",2,False,1,0,10000.0,0.0,0.0,8,3935.2584091439853,,True,True
100000005034574100,terminal,1.0,47,0.581951,"Receives 259k KZT from 1 payer, forwards 0%; outflow was traced (hop 1) — possible final recipient.",1,False,1,0,258816.0,0.0,0.0,1,258816.0,,True,True
100000005037490100,peripheral,0.6,14,0.356515,"No role indicators: 1 payer, 2 recipients, 15k KZT in / 30k KZT out.",3,False,1,2,15000.0,30000.0,2.0,7,120.68219577296993,,True,True
100000005041147100,cutoff,0.7,3,0.358339,Hop-4 node: onward transfers were not traced (export limit). Receives 10k KZT from 1 payer.,4,False,1,0,10000.0,0.0,,7,120.88865296931102,,False,True
100000005041905100,peripheral,0.6,6,0.144482,"No role indicators: 1 payer, 1 recipient, 5k KZT in / 1.1M KZT out.",3,False,1,1,5000.0,1080351.0,216.0702,1,3.3613433004318902,,True,True
100000005042822100,cutoff,0.7,28,0.388588,Hop-4 node: onward transfers were not traced (export limit). Receives 1.0M KZT from 1 payer.,4,False,1,0,1000000.0,0.0,,7,347.1371783770444,,False,True
100000005048668100,peripheral,0.6,0,0.364922,"No role indicators: 2 payers, 8 recipients, 17k KZT in / 159k KZT out.",3,False,2,8,16668.0,159400.0,9.563234941204703,7,79.70111482909499,,True,True
100000005049404100,cutoff,0.7,4,0.338098,Hop-4 node: onward transfers were not traced (export limit). Receives 98k KZT from 1 payer.,4,False,1,0,98000.0,0.0,,7,52.46505226176528,,False,True
100000005052998100,peripheral,0.6,3,0.229513,"No role indicators: 1 payer, 1 recipient, 10k KZT in / 28k KZT out.",3,False,1,1,9500.0,28400.0,2.9894736842105263,7,8.077672318177004,,True,True
100000005053653100,peripheral,0.6,13,0.413098,"No role indicators: 2 payers, 1 recipient, 63k KZT in / 25k KZT out.",2,False,2,1,63073.0,25000.0,0.3963661154535221,7,1519.172130966809,,True,True
100000005055454100,terminal,1.0,46,0.412266,"Receives 6k KZT from 1 payer, forwards 0%; outflow was traced (hop 3) — possible final recipient.",3,False,1,0,6500.0,0.0,0.0,1,2598.829281431516,,True,True
100000005056870100,terminal,1.0,38,0.529004,"Receives 20k KZT from 1 payer, forwards 0%; outflow was traced (hop 1) — possible final recipient.",1,False,1,0,20000.0,0.0,0.0,1,20000.0,,True,True
100000005059998100,terminal,1.0,0,0.479482,"Receives 18k KZT from 1 payer, forwards 0%; outflow was traced (hop 2) — possible final recipient.",2,False,1,0,18000.0,0.0,0.0,7,427.1794881282587,,True,True
100000005061890100,terminal,1.0,0,0.489268,"Receives 90k KZT from 1 payer, forwards 0%; outflow was traced (hop 3) — possible final recipient.",3,False,1,0,90000.0,0.0,0.0,7,641.853195956535,,True,True
100000005074393100,peripheral,0.6,13,0.615656,"No role indicators: 4 payers, 6 recipients, 563k KZT in / 686k KZT out.",1,False,4,6,563026.0,685500.0,1.2175281425724567,10,212879.1755217974,,True,True
100000005075949100,cutoff,0.7,0,0.477089,Hop-4 node: onward transfers were not traced (export limit). Receives 2.2M KZT from 1 payer.,4,False,1,0,2226000.0,0.0,,7,7768.432449169352,,False,True
100000005077484100,peripheral,0.6,46,0.352444,"No role indicators: 1 payer, 2 recipients, 150k KZT in / 14k KZT out.",2,False,1,2,150000.0,13550.0,0.09033333333333333,1,61962.19138262495,,True,True
100000005079473100,cutoff,0.7,14,0.389589,Hop-4 node: onward transfers were not traced (export limit). Receives 39k KZT from 1 payer.,4,False,1,0,39312.0,0.0,,7,16.776605653310845,,False,True
100000005079754100,peripheral,0.6,5,0.567814,"No role indicators: 1 payer, 2 recipients, 70k KZT in / 122k KZT out.",1,False,1,2,70000.0,122000.0,1.7428571428571429,10,74175.2306169914,,True,True
100000005082652100,terminal,1.0,9,0.505371,"Receives 30k KZT from 1 payer, forwards 0%; outflow was traced (hop 3) — possible final recipient.",3,False,1,0,30000.0,0.0,0.0,1,15482.118605703941,,True,True
100000005087431100,peripheral,0.9,76,0.061431,Known seed; no transfers above the export threshold observed in the covered period.,0,True,0,0,0.0,0.0,,0,0.0,,True,False
100000005087923100,cutoff,0.7,8,0.400776,Hop-4 node: onward transfers were not traced (export limit). Receives 20k KZT from 1 payer.,4,False,1,0,20000.0,0.0,,1,1565.040650406504,,False,True
100000005089460100,terminal,1.0,6,0.285821,"Receives 12k KZT from 1 payer, forwards 0%; outflow was traced (hop 3) — possible final recipient.",3,False,1,0,12300.0,0.0,0.0,1,8.26890451906245,,True,True
100000005092518100,terminal,1.0,7,0.497442,"Receives 26k KZT from 1 payer, forwards 0%; outflow was traced (hop 1) — possible final recipient.",1,False,1,0,26144.0,0.0,0.0,1,26470.240370949978,,True,True
100000005093521100,terminal,1.0,5,0.661777,"Receives 15k KZT from 1 payer, forwards 0%; outflow was traced (hop 1) — possible final recipient.",1,False,1,0,15200.0,0.0,0.0,10,16106.621505403846,,True,True
100000005100475100,terminal,1.0,8,0.459775,"Receives 40k KZT from 1 payer, forwards 0%; outflow was traced (hop 3) — possible final recipient.",3,False,1,0,40000.0,0.0,0.0,1,1515.8298958147657,,True,True
100000005105153100,terminal,1.0,3,0.492627,"Receives 30k KZT from 1 payer, forwards 0%; outflow was traced (hop 2) — possible final recipient.",2,False,1,0,30000.0,0.0,0.0,7,2875.7087217859116,,True,True
100000005124479100,peripheral,0.6,3,0.577867,"No role indicators: 2 payers, 2 recipients, 138k KZT in / 22k KZT out.",1,False,2,2,137753.0,22000.0,0.15970614070110994,10,52151.894395625546,,True,True
100000005127767100,terminal,1.0,33,0.481673,"Receives 7k KZT from 1 payer, forwards 0%; outflow was traced (hop 3) — possible final recipient.",3,False,1,0,7000.0,0.0,0.0,7,1540.7309499249257,,True,True
100000005133757100,terminal,1.0,14,0.768138,"Receives 65k KZT from 2 payers, forwards 0%; outflow was traced (hop 1) — possible final recipient.",1,False,2,0,65000.0,0.0,0.0,10,26557.811143430295,,True,True
100000005140601100,peripheral,0.6,3,0.465934,"No role indicators: 3 payers, 2 recipients, 53k KZT in / 195k KZT out.",2,False,3,2,52685.0,195300.0,3.706937458479643,7,12519.940224500671,,True,True
100000005142492100,peripheral,0.6,8,0.400465,"No role indicators: 1 payer, 1 recipient, 10k KZT in / 57k KZT out.",3,False,1,1,10000.0,57000.0,5.7,7,1221.0824318563955,,True,True
100000005142589100,terminal,1.0,0,0.525856,"Receives 50k KZT from 1 payer, forwards 0%; outflow was traced (hop 2) — possible final recipient.",2,False,1,0,50000.0,0.0,0.0,7,4562.246588796679,,True,True
100000005146665100,cutoff,0.7,16,0.291056,Hop-4 node: onward transfers were not traced (export limit). Receives 6k KZT from 1 payer.,4,False,1,0,5500.0,0.0,,7,0.20364246068856595,,False,True
100000005168487100,peripheral,0.6,15,0.491257,"No role indicators: 1 payer, 1 recipient, 15k KZT in / 104k KZT out.",2,False,1,1,15000.0,103510.0,6.900666666666667,8,3546.9345022930133,,True,True
100000005171642100,transit,1.0,8,0.591092,"In 697k KZT / out 684k KZT (ratio 0.98), 96% forwarded within 2 days — pattern consistent with transit.",3,False,2,1,696800.0,683600.0,0.9810562571756601,1,27324.195794648604,,True,True
100000005172860100,terminal,1.0,0,0.39752,"Receives 15k KZT from 1 payer, forwards 0%; outflow was traced (hop 3) — possible final recipient.",3,False,1,0,15209.2,0.0,0.0,7,11.917490968659354,,True,True
100000005175148100,peripheral,0.6,2,0.517591,"No role indicators: 2 payers, 1 recipient, 79k KZT in / 15k KZT out.",2,False,2,1,79000.0,15000.0,0.189873417721519,7,11887.390020775843,,True,True
100000005182219100,terminal,1.0,32,0.527524,"Receives 55k KZT from 2 payers, forwards 0%; outflow was traced (hop 3) — possible final recipient.",3,False,2,0,55000.0,0.0,0.0,7,550.9655315169405,,True,True
100000005183943100,terminal,1.0,41,0.58591,"Receives 681k KZT from 1 payer, forwards 0%; outflow was traced (hop 1) — possible final recipient.",1,False,1,0,680900.0,0.0,0.0,1,689324.4207133015,,True,True
100000005186109100,terminal,1.0,2,0.526613,"Receives 5k KZT from 1 payer, forwards 0%; outflow was traced (hop 3) — possible final recipient.",3,False,1,0,5000.0,0.0,0.0,7,567.8445276295294,,True,True
100000005186131100,transit,1.0,0,0.391515,"In 10k KZT / out 10k KZT (ratio 1.00), 100% forwarded within 2 days — pattern consistent with transit.",3,False,1,1,10000.0,10000.0,1.0,7,8.502812966502107,,True,True
100000005187208100,terminal,1.0,0,0.434442,"Receives 14k KZT from 1 payer, forwards 0%; outflow was traced (hop 3) — possible final recipient.",3,False,1,0,14160.0,0.0,0.0,7,86.31447582134496,,True,True
100000005189258100,cutoff,0.7,0,0.386675,Hop-4 node: onward transfers were not traced (export limit). Receives 50k KZT from 1 payer.,4,False,1,0,50000.0,0.0,,7,130.60743968286795,,False,True
100000005198498100,terminal,1.0,6,0.301056,"Receives 29k KZT from 1 payer, forwards 0%; outflow was traced (hop 3) — possible final recipient.",3,False,1,0,28800.0,0.0,0.0,1,19.36133741048769,,True,True
100000005198906100,peripheral,0.6,4,0.306025,"No role indicators: 1 payer, 1 recipient, 228k KZT in / 60k KZT out.",3,False,1,1,227970.0,60000.0,0.26319252533228055,7,260.9985187384056,,True,True
100000005203590100,terminal,1.0,8,0.514935,"Receives 90k KZT from 1 payer, forwards 0%; outflow was traced (hop 2) — possible final recipient.",2,False,1,0,90000.0,0.0,0.0,1,21600.57601536041,,True,True
100000005205745100,terminal,1.0,8,0.544806,"Receives 6k KZT from 1 payer, forwards 0%; outflow was traced (hop 2) — possible final recipient.",2,False,1,0,6000.0,0.0,0.0,7,2087.401534135688,,True,True
100000005209352100,cutoff,0.7,3,0.341713,Hop-4 node: onward transfers were not traced (export limit). Receives 5k KZT from 1 payer.,4,False,1,0,5000.0,0.0,,7,60.44432648465551,,False,True
100000005222360100,peripheral,0.6,16,0.31659,"No role indicators: 1 payer, 1 recipient, 5k KZT in / 27k KZT out.",3,False,1,1,5000.0,27000.0,5.4,7,399.79828382796285,,True,True
100000005226217100,cutoff,0.7,1,0.458806,Hop-4 node: onward transfers were not traced (export limit). Receives 18k KZT from 1 payer.,4,False,1,0,17500.0,0.0,,9,66.20410758003146,,False,True
100000005228059100,terminal,1.0,7,0.497164,"Receives 26k KZT from 1 payer, forwards 0%; outflow was traced (hop 1) — possible final recipient.",1,False,1,0,26000.0,0.0,0.0,1,26324.44345336212,,True,True
100000005233755100,peripheral,0.6,4,0.275109,"No role indicators: 1 payer, 1 recipient, 25k KZT in / 5k KZT out.",3,False,1,1,25000.0,5000.0,0.2,7,94.80944330499001,,True,True
100000005235389100,peripheral,0.9,77,0.061431,Known seed; no transfers above the export threshold observed in the covered period.,0,True,0,0,0.0,0.0,,0,0.0,,True,False
100000005237935150,terminal,1.0,11,0.378903,"Receives 35k KZT from 1 payer, forwards 0%; outflow was traced (hop 2) — possible final recipient.",2,False,1,0,34508.0,0.0,0.0,1,502.58583023289685,,True,True
100000005241556100,terminal,1.0,1,0.607529,"Receives 100k KZT from 1 payer, forwards 0%; outflow was traced (hop 3) — possible final recipient.",3,False,1,0,100000.0,0.0,0.0,8,6361.235748777337,,True,True
100000005242320100,distributor,0.8667,11,0.536995,Fans out to 21 recipients (8.9M KZT) against 2 payers — pattern consistent with a distribution layer.,2,False,2,21,365700.0,8936295.0,24.43613617719442,2,2866.1846669463876,,True,True
100000005264874100,peripheral,0.6,31,0.296005,"No role indicators: 1 payer, 2 recipients, 30k KZT in / 78k KZT out.",3,False,1,2,30000.0,78000.0,2.6,1,7517.368421052632,,True,True
100000005264990100,peripheral,0.6,21,0.143916,"No role indicators: 1 payer, 2 recipients, 17k KZT in / 122k KZT out.",0,True,1,2,17070.0,122000.0,,7,0.0,,True,False
100000005265073100,peripheral,0.6,21,0.455948,"No role indicators: 1 payer, 1 recipient, 5k KZT in / 9k KZT out.",3,False,1,1,5000.0,9000.0,1.8,8,453.70911687429225,,True,True
100000005268319100,peripheral,0.6,0,0.265634,"No role indicators: 1 payer, 5 recipients, 20k KZT in / 91k KZT out.",3,False,1,5,19712.8,91000.0,4.6162899232985675,7,15.446382187556749,,True,True
100000005272139100,cutoff,0.7,2,0.499753,Hop-4 node: onward transfers were not traced (export limit). Receives 165k KZT from 1 payer.,4,False,1,0,165000.0,0.0,,7,3258.351656028334,,False,True
100000005287097100,peripheral,0.6,2,0.573196,"No role indicators: 2 payers, 9 recipients, 127k KZT in / 697k KZT out.",1,False,2,9,127173.0,697300.0,5.483082100760382,7,113856.30920802712,,True,True
100000005293969100,cutoff,0.7,0,0.325843,Hop-4 node: onward transfers were not traced (export limit). Receives 5k KZT from 1 payer.,4,False,1,0,5466.97,0.0,,7,4.279868632863581,,False,True
100000005308954100,peripheral,0.6,2,0.418637,"No role indicators: 1 payer, 1 recipient, 69k KZT in / 30k KZT out.",3,False,1,1,69020.0,30000.0,0.43465662126919735,7,2257.2710100696054,,True,True
100000005314565100,terminal,1.0,0,0.454126,"Receives 218k KZT from 1 payer, forwards 0%; outflow was traced (hop 3) — possible final recipient.",3,False,1,0,218500.0,0.0,0.0,7,171.21030538437714,,True,True
100000005316708100,peripheral,0.6,2,0.423129,"No role indicators: 1 payer, 2 recipients, 90k KZT in / 258k KZT out.",1,False,1,2,90000.0,257500.0,2.861111111111111,1,90000.0,,True,True
100000005317181100,peripheral,0.6,3,0.34873,"No role indicators: 1 payer, 1 recipient, 141k KZT in / 14k KZT out.",3,False,1,1,141250.0,14500.0,0.10265486725663717,7,1707.899899812081,,True,True
100000005326681100,terminal,1.0,2,0.561532,"Receives 31k KZT from 1 payer, forwards 0%; outflow was traced (hop 2) — possible final recipient.",2,False,1,0,31228.0,0.0,0.0,7,3551.0833446816728,,True,True
100000005328215100,terminal,1.0,10,0.383685,"Receives 27k KZT from 1 payer, forwards 0%; outflow was traced (hop 2) — possible final recipient.",2,False,1,0,27000.0,0.0,0.0,1,629.4882062928594,,True,True
100000005339662100,peripheral,0.6,2,0.576955,"No role indicators: 4 payers, 4 recipients, 203k KZT in / 295k KZT out.",1,False,4,4,202939.0,295160.0,1.4544271924075707,7,52485.902766276566,,True,True
100000005342513100,peripheral,0.6,19,0.232115,"No role indicators: 1 payer, 1 recipient, 235k KZT in / 30k KZT out.",3,False,1,1,235000.0,30000.0,0.1276595744680851,1,322.2866843373852,,True,True
100000005357034100,terminal,1.0,0,0.39107,"Receives 10k KZT from 1 payer, forwards 0%; outflow was traced (hop 3) — possible final recipient.",3,False,1,0,9754.0,0.0,0.0,7,8.293643767526158,,True,True
100000005357705100,peripheral,0.6,3,0.314032,"No role indicators: 1 payer, 4 recipients, 53k KZT in / 387k KZT out.",3,False,1,4,52595.0,387080.0,7.35963494628767,7,351.5040306797755,,True,True
100000005360814100,cutoff,0.7,14,0.4155,Hop-4 node: onward transfers were not traced (export limit). Receives 144k KZT from 1 payer.,4,False,1,0,144000.0,0.0,,7,61.45276796084559,,False,True
100000005362848100,terminal,1.0,10,0.435242,"Receives 29k KZT from 1 payer, forwards 0%; outflow was traced (hop 3) — possible final recipient.",3,False,1,0,29000.0,0.0,0.0,7,223.6660171468088,,True,True
100000005363908100,transit,1.0,64,0.531217,"In 20k KZT / out 20k KZT (ratio 1.00), 100% forwarded within 2 days — pattern consistent with transit.",1,False,1,1,19500.0,19500.0,1.0,1,19500.0,,True,True
100000005367180100,cutoff,0.7,3,0.342547,Hop-4 node: onward transfers were not traced (export limit). Receives 8k KZT from 1 payer.,4,False,1,0,7700.0,0.0,,7,62.80551853938552,,False,True
100000005367284100,peripheral,0.6,3,0.292013,"No role indicators: 1 payer, 2 recipients, 14k KZT in / 48k KZT out.",3,False,1,2,13700.0,48300.0,3.5255474452554743,7,165.65117612336647,,True,True
100000005367445100,transit,1.0,1,0.560287,"In 5k KZT / out 5k KZT (ratio 1.00), 100% forwarded within 2 days — pattern consistent with transit.",3,False,1,1,5000.0,5000.0,1.0,9,302.6035572861203,,True,True
100000005370558100,cutoff,0.7,0,0.320727,Hop-4 node: onward transfers were not traced (export limit). Receives 5k KZT from 1 payer.,4,False,1,0,5000.0,0.0,,7,0.8486407213219603,,False,True
100000005370580100,peripheral,0.9,14,0.14217,"No role indicators: 1 payer, 0 recipients, 24k KZT in / 0 KZT out.",0,True,1,0,24075.0,0.0,,7,0.0,,True,False
100000005375968100,peripheral,0.6,0,0.314344,"No role indicators: 1 payer, 2 recipients, 170k KZT in / 86k KZT out.",3,False,1,2,170082.0,86000.0,0.5056384567443939,7,144.61754349686117,,True,True
100000005382566100,coordinator,0.4,21,0.375601,Money from 14 seeds converges here via 0 collector/transit accounts across 2 clusters — candidate upper-level node for review. Also matches: consolidator.,0,True,7,1,393066.0,50000.0,,14,0.0,consolidator,True,False
100000005386383100,peripheral,0.6,21,0.177379,"No role indicators: 2 payers, 1 recipient, 38k KZT in / 29k KZT out.",0,True,2,1,37500.0,29000.0,,7,0.0,,True,False
100000005392290100,peripheral,0.9,62,0.061109,"No role indicators: 0 payers, 1 recipient, 0 KZT in / 81k KZT out.",0,True,0,1,0.0,81465.0,,0,0.0,,True,False
100000005394708100,peripheral,0.6,21,0.405425,"No role indicators: 1 payer, 1 recipient, 26k KZT in / 65k KZT out.",1,False,1,1,26000.0,65000.0,2.5,1,26000.0,,True,True
100000005395727100,peripheral,0.9,21,0.143916,"No role indicators: 1 payer, 0 recipients, 17k KZT in / 0 KZT out.",0,True,1,0,17000.0,0.0,,7,0.0,,True,False
100000005402643100,peripheral,0.6,1,0.353445,"No role indicators: 1 payer, 1 recipient, 128k KZT in / 90k KZT out.",2,False,1,1,127800.0,90000.0,0.704225352112676,1,14577.940075705877,,True,True
100000005409156100,terminal,1.0,4,0.530527,"Receives 260k KZT from 2 payers, forwards 0%; outflow was traced (hop 3) — possible final recipient.",3,False,2,0,260080.0,0.0,0.0,7,648.8695453258414,,True,True
100000005409680100,peripheral,0.6,20,0.202357,"No role indicators: 2 payers, 0 recipients, 55k KZT in / 0 KZT out.",0,True,2,0,55060.0,0.0,,9,0.0,,True,False
100000005413948100,peripheral,0.6,1,0.53147,"No role indicators: 2 payers, 1 recipient, 28k KZT in / 5k KZT out.",2,False,2,1,28215.0,5000.0,0.177210703526493,9,1753.1491262283655,,True,True
100000005417257100,peripheral,0.6,21,0.060653,"No role indicators: 0 payers, 2 recipients, 0 KZT in / 106k KZT out.",0,True,0,2,0.0,106000.0,,0,0.0,,True,False
100000005432267100,terminal,1.0,5,0.785754,"Receives 350k KZT from 2 payers, forwards 0%; outflow was traced (hop 1) — possible final recipient.",1,False,2,0,350001.0,0.0,0.0,10,264915.59150775976,,True,True
100000005454368100,peripheral,0.6,14,0.175633,"No role indicators: 2 payers, 0 recipients, 49k KZT in / 0 KZT out.",0,True,2,0,48600.0,0.0,,7,0.0,,True,False
100000005456919100,terminal,0.8958,40,0.650056,"Receives 480k KZT from 2 payers, forwards 1%; outflow was traced (hop 1) — possible final recipient.",1,False,2,1,479950.0,5000.0,0.010417751849150954,1,357486.7070784738,,True,True
100000005473151100,peripheral,0.6,1,0.625565,"No role indicators: 3 payers, 4 recipients, 1.2M KZT in / 225k KZT out.",1,False,3,4,1220000.0,225000.0,0.18442622950819673,9,61151.895759938634,,True,True
100000005474472100,terminal,1.0,25,0.529248,"Receives 100k KZT from 1 payer, forwards 0%; outflow was traced (hop 2) — possible final recipient.",2,False,1,0,100000.0,0.0,0.0,1,23500.0,,True,True
100000005475379100,peripheral,0.6,5,0.434206,"No role indicators: 1 payer, 3 recipients, 108k KZT in / 81k KZT out.",3,False,1,3,108370.0,81000.0,0.7474393282273692,8,548.9759358438891,,True,True
100000005480435100,peripheral,0.9,78,0.061431,Known seed; no transfers above the export threshold observed in the covered period.,0,True,0,0,0.0,0.0,,0,0.0,,True,False
100000005481280100,peripheral,0.6,21,0.438743,"No role indicators: 1 payer, 3 recipients, 33k KZT in / 50k KZT out.",2,False,1,3,32700.0,50000.0,1.529051987767584,7,3718.4714157515905,,True,True
100000005485830100,peripheral,0.6,38,0.05953,"No role indicators: 0 payers, 5 recipients, 0 KZT in / 276k KZT out.",0,True,0,5,0.0,275885.0,,0,0.0,,True,False
100000005493505100,peripheral,0.6,14,0.226472,"No role indicators: 3 payers, 0 recipients, 62k KZT in / 0 KZT out.",0,True,3,0,62020.0,0.0,,11,0.0,,True,False
100000005495211100,cutoff,0.7,3,0.369348,Hop-4 node: onward transfers were not traced (export limit). Receives 14k KZT from 1 payer.,4,False,1,0,14500.0,0.0,,7,175.288546805501,,False,True
100000005495722100,peripheral,0.9,79,0.061431,Known seed; no transfers above the export threshold observed in the covered period.,0,True,0,0,0.0,0.0,,0,0.0,,True,False
100000005496254100,terminal,1.0,0,0.548321,"Receives 13k KZT from 1 payer, forwards 0%; outflow was traced (hop 1) — possible final recipient.",1,False,1,0,12700.0,0.0,0.0,7,12824.585409445845,,True,True
100000005497148100,cutoff,0.7,4,0.325865,Hop-4 node: onward transfers were not traced (export limit). Receives 24k KZT from 1 payer.,4,False,1,0,24000.0,0.0,,7,27.467529598646255,,False,True
100000005498992100,distributor,0.7,9,0.133689,Fans out to 16 recipients (2.3M KZT) against 0 payers — pattern consistent with a distribution layer.,0,True,0,16,0.0,2262868.0,,0,0.0,,True,False
100000005505655100,peripheral,0.6,26,0.455247,"No role indicators: 2 payers, 1 recipient, 33k KZT in / 20k KZT out.",1,False,2,1,33070.0,20000.0,0.6047777441790142,7,13604.909037737925,,True,True
100000005507142100,peripheral,0.6,31,0.406481,"No role indicators: 3 payers, 3 recipients, 51k KZT in / 100k KZT out.",2,False,3,3,51000.0,100000.0,1.9607843137254901,1,25242.022160664823,,True,True
100000005514161100,peripheral,0.6,2,0.663521,"No role indicators: 4 payers, 1 recipient, 402k KZT in / 50k KZT out.",1,False,4,1,401500.0,50000.0,0.12453300124533001,9,117470.12989125423,,True,True
100000005519347100,peripheral,0.6,2,0.208273,"No role indicators: 2 payers, 1 recipient, 73k KZT in / 99k KZT out.",0,True,2,1,73100.0,99000.0,,9,0.0,,True,False
100000005519998100,transit,0.8352,23,0.59871,"In 182k KZT / out 188k KZT (ratio 1.03), 42% forwarded within 2 days — pattern consistent with transit.",2,False,3,3,182000.0,188000.0,1.032967032967033,7,11689.18189713574,,True,True
100000005523088100,peripheral,0.9,21,0.189579,"No role indicators: 1 payer, 0 recipients, 700k KZT in / 0 KZT out.",0,True,1,0,700000.0,0.0,,15,0.0,,True,False
100000005527892100,peripheral,0.6,1,0.613532,"No role indicators: 3 payers, 8 recipients, 220k KZT in / 552k KZT out.",1,False,3,8,220001.0,552419.0,2.510984040981632,8,70293.05897047816,,True,True
100000005530114100,peripheral,0.6,17,0.364833,"No role indicators: 2 payers, 1 recipient, 137k KZT in / 25k KZT out.",3,False,2,1,136970.0,25000.0,0.1825217200846901,7,196.2148262235292,,True,True
100000005532138100,terminal,1.0,20,0.456728,"Receives 25k KZT from 1 payer, forwards 0%; outflow was traced (hop 3) — possible final recipient.",3,False,1,0,25046.0,0.0,0.0,7,65.68441717379714,,True,True
100000005539201100,peripheral,0.6,2,0.489144,"No role indicators: 1 payer, 1 recipient, 46k KZT in / 25k KZT out.",1,False,1,1,45504.0,25000.0,0.5494022503516175,7,46022.934576185726,,True,True
100000005539910100,peripheral,0.6,5,0.565033,"No role indicators: 1 payer, 2 recipients, 102k KZT in / 22k KZT out.",2,False,1,2,102000.0,22000.0,0.21568627450980393,10,62012.954441825466,,True,True
100000005543136100,peripheral,0.9,14,0.058907,"No role indicators: 0 payers, 1 recipient, 0 KZT in / 10k KZT out.",0,True,0,1,0.0,10000.0,,0,0.0,,True,False
100000005546031100,peripheral,0.6,65,0.426722,"No role indicators: 3 payers, 1 recipient, 67k KZT in / 8k KZT out.",1,False,3,1,66800.0,8000.0,0.11976047904191617,1,50939.377863801266,,True,True
100000005547096100,peripheral,0.6,65,0.2905,"No role indicators: 1 payer, 2 recipients, 8k KZT in / 226k KZT out.",2,False,1,2,8000.0,226300.0,28.2875,1,6100.3505224713435,,True,True
100000005550592100,peripheral,0.9,80,0.061431,Known seed; no transfers above the export threshold observed in the covered period.,0,True,0,0,0.0,0.0,,0,0.0,,True,False
100000005553088100,cutoff,0.7,14,0.373129,Hop-4 node: onward transfers were not traced (export limit). Receives 18k KZT from 1 payer.,4,False,1,0,17500.0,0.0,,7,4.276922512681959,,False,True
100000005560900100,peripheral,0.9,81,0.061431,Known seed; no transfers above the export threshold observed in the covered period.,0,True,0,0,0.0,0.0,,0,0.0,,True,False
100000005561741100,terminal,1.0,1,0.59365,"Receives 25k KZT from 1 payer, forwards 0%; outflow was traced (hop 2) — possible final recipient.",2,False,1,0,25000.0,0.0,0.0,9,1253.1125926895097,,True,True
100000005567828100,cutoff,0.7,10,0.375131,Hop-4 node: onward transfers were not traced (export limit). Receives 94k KZT from 1 payer.,4,False,1,0,94000.0,0.0,,7,223.56295605840438,,False,True
100000005568407100,peripheral,0.9,82,0.061431,Known seed; no transfers above the export threshold observed in the covered period.,0,True,0,0,0.0,0.0,,0,0.0,,True,False
100000005572303100,peripheral,0.6,2,0.451555,"No role indicators: 1 payer, 1 recipient, 75k KZT in / 20k KZT out.",2,False,1,1,75000.0,20000.0,0.26666666666666666,7,12245.622237278792,,True,True
100000005578559100,distributor,0.8667,10,0.604789,Fans out to 21 recipients (893k KZT) against 2 payers — pattern consistent with a distribution layer.,2,False,2,21,131000.0,893163.67,6.818043282442749,7,6890.381615659869,,True,True
100000005584222100,peripheral,0.6,0,0.539411,"No role indicators: 2 payers, 2 recipients, 193k KZT in / 109k KZT out.",1,False,2,2,192717.0,108587.0,0.5634531463233653,7,187891.2751099385,,True,True
100000005588444100,terminal,1.0,9,0.500089,"Receives 12k KZT from 1 payer, forwards 0%; outflow was traced (hop 1) — possible final recipient.",1,False,1,0,12300.0,0.0,0.0,1,12300.0,,True,True
100000005589319100,cutoff,0.7,5,0.351933,Hop-4 node: onward transfers were not traced (export limit). Receives 26k KZT from 1 payer.,4,False,1,0,26000.0,0.0,,7,5.845664258712332,,False,True
100000005602999100,peripheral,0.6,15,0.465678,"No role indicators: 1 payer, 2 recipients, 5k KZT in / 16k KZT out.",2,False,1,2,5000.0,16000.0,3.2,8,883.0759302934316,,True,True
100000005608515100,terminal,1.0,9,0.48046,"Receives 64k KZT from 1 payer, forwards 0%; outflow was traced (hop 2) — possible final recipient.",2,False,1,0,64000.0,0.0,0.0,1,5214.942651430658,,True,True
100000005610717100,peripheral,0.6,3,0.440767,"No role indicators: 4 payers, 1 recipient, 484k KZT in / 265k KZT out.",3,False,4,1,484500.0,265200.0,0.5473684210526316,7,2742.5960232399657,,True,True
100000005612411100,peripheral,0.6,5,0.620583,"No role indicators: 3 payers, 8 recipients, 116k KZT in / 507k KZT out.",1,False,3,8,115500.0,506997.0,4.389584415584416,8,68881.27564799019,,True,True
100000005614315100,terminal,1.0,2,0.653948,"Receives 455k KZT from 1 payer, forwards 0%; outflow was traced (hop 2) — possible final recipient.",2,False,1,0,455000.0,0.0,0.0,7,454482.5140809544,,True,True
100000005616568100,cutoff,0.7,4,0.382582,Hop-4 node: onward transfers were not traced (export limit). Receives 530k KZT from 1 payer.,4,False,1,0,530000.0,0.0,,7,283.7395683544449,,False,True
100000005619339100,transit,0.5574,2,0.519384,In 5k KZT / out 5k KZT (ratio 1.09) — pattern consistent with transit.,2,False,1,1,5000.0,5442.6,1.0885200000000002,7,431.4051795065743,,True,True
100000005620225100,terminal,1.0,0,0.650723,"Receives 50k KZT from 2 payers, forwards 0%; outflow was traced (hop 1) — possible final recipient.",1,False,2,0,49845.66,0.0,0.0,7,44358.51995481638,,True,True
100000005621418100,cutoff,0.7,27,0.306626,Hop-4 node: onward transfers were not traced (export limit). Receives 30k KZT from 1 payer.,4,False,1,0,30000.0,0.0,,7,9.20842530459187,,False,True
100000005628518100,terminal,1.0,20,0.510999,"Receives 77k KZT from 1 payer, forwards 0%; outflow was traced (hop 3) — possible final recipient.",3,False,1,0,77000.0,0.0,0.0,7,496.9956377690533,,True,True
100000005634552100,peripheral,0.6,0,0.434006,"No role indicators: 1 payer, 3 recipients, 26k KZT in / 1.2M KZT out.",1,False,1,3,25850.0,1196000.0,46.2669245647969,7,26144.797353955724,,True,True
100000005636951100,cutoff,0.7,8,0.412342,Hop-4 node: onward transfers were not traced (export limit). Receives 40k KZT from 1 payer.,4,False,1,0,40000.0,0.0,,1,3130.081300813008,,False,True
100000005660203100,peripheral,0.6,2,0.519726,"No role indicators: 1 payer, 2 recipients, 573k KZT in / 41k KZT out.",2,False,1,2,572899.0,41000.0,0.07156584319400104,7,532730.7706737895,,True,True
100000005661528100,terminal,1.0,14,0.467382,"Receives 25k KZT from 1 payer, forwards 0%; outflow was traced (hop 3) — possible final recipient.",3,False,1,0,25000.0,0.0,0.0,7,41.660844779781876,,True,True
100000005661829100,transit,0.9097,3,0.442471,"In 38k KZT / out 40k KZT (ratio 1.07), 100% forwarded within 2 days — pattern consistent with transit.",3,False,1,2,37790.0,40362.0,1.0680603334215402,7,282.98623850320365,,True,True
100000005664632100,terminal,1.0,5,0.662333,"Receives 199k KZT from 1 payer, forwards 0%; outflow was traced (hop 2) — possible final recipient.",2,False,1,0,198620.0,0.0,0.0,10,16759.7405305394,,True,True
100000005664922100,peripheral,0.6,25,0.451777,"No role indicators: 2 payers, 3 recipients, 22k KZT in / 537k KZT out.",2,False,2,3,22000.0,537000.0,24.40909090909091,1,17159.76058452885,,True,True
100000005665181100,peripheral,0.6,0,0.450087,"No role indicators: 4 payers, 11 recipients, 45k KZT in / 182k KZT out.",2,False,4,11,45498.0,181915.0,3.998307617917271,7,1111.2369445992992,,True,True
100000005667841100,terminal,1.0,1,0.608508,"Receives 186k KZT from 2 payers, forwards 0%; outflow was traced (hop 3) — possible final recipient.",3,False,2,0,186000.0,0.0,0.0,8,257.86044709554125,,True,True
100000005668605100,peripheral,0.6,21,0.225127,"No role indicators: 3 payers, 0 recipients, 94k KZT in / 0 KZT out.",0,True,3,0,94500.0,0.0,,10,0.0,,True,False
100000005669845100,terminal,1.0,42,0.536755,"Receives 20k KZT from 1 payer, forwards 0%; outflow was traced (hop 1) — possible final recipient.",1,False,1,0,20000.0,0.0,0.0,1,24315.08818294505,,True,True
100000005674387100,terminal,1.0,6,0.299222,"Receives 26k KZT from 1 payer, forwards 0%; outflow was traced (hop 3) — possible final recipient.",3,False,1,0,26200.0,0.0,0.0,1,17.61343889426311,,True,True
100000005685783100,cutoff,0.7,66,0.238554,Hop-4 node: onward transfers were not traced (export limit). Receives 26k KZT from 1 payer.,4,False,1,0,26150.0,0.0,,1,17.579825461258785,,False,True
100000005704413100,distributor,1.0,10,0.60302,Fans out to 32 recipients (1.4M KZT) against 3 payers — pattern consistent with a distribution layer.,3,False,3,32,97834.67,1363593.0,13.9377278014021,7,3248.602779189561,,True,True
100000005709551100,terminal,1.0,13,0.44147,"Receives 25k KZT from 1 payer, forwards 0%; outflow was traced (hop 3) — possible final recipient.",3,False,1,0,24560.0,0.0,0.0,7,268.480302321969,,True,True
100000005711521100,cutoff,0.7,13,0.370238,Hop-4 node: onward transfers were not traced (export limit). Receives 238k KZT from 1 payer.,4,False,1,0,238000.0,0.0,,7,181.83632385972206,,False,True
100000005723580100,cutoff,0.7,1,0.444771,Hop-4 node: onward transfers were not traced (export limit). Receives 35k KZT from 1 payer.,4,False,1,0,35000.0,0.0,,8,66.58690547378794,,False,True
100000005730108100,terminal,1.0,0,0.496497,"Receives 8k KZT from 1 payer, forwards 0%; outflow was traced (hop 2) — possible final recipient.",2,False,1,0,8000.0,0.0,0.0,7,900.7372370054887,,True,True
100000005744674100,peripheral,0.9,21,0.060653,"No role indicators: 0 payers, 1 recipient, 0 KZT in / 50k KZT out.",0,True,0,1,0.0,50066.0,,0,0.0,,True,False
100000005745873100,cutoff,0.7,35,0.295616,Hop-4 node: onward transfers were not traced (export limit). Receives 223k KZT from 1 payer.,4,False,1,0,223000.0,0.0,,7,1.0314125334424702,,False,True
100000005754335100,terminal,1.0,32,0.47083,"Receives 44k KZT from 1 payer, forwards 0%; outflow was traced (hop 3) — possible final recipient.",3,False,1,0,44037.0,0.0,0.0,7,910.0142155964355,,True,True
100000005756189100,peripheral,0.6,4,0.270883,"No role indicators: 1 payer, 1 recipient, 65k KZT in / 49k KZT out.",3,False,1,1,65000.0,49050.0,0.7546153846153846,7,74.41726419264097,,True,True
100000005756535100,terminal,1.0,19,0.369562,"Receives 20k KZT from 1 payer, forwards 0%; outflow was traced (hop 3) — possible final recipient.",3,False,1,0,20000.0,0.0,0.0,1,347.73212527379735,,True,True
100000005767403100,cutoff,0.7,23,0.458761,Hop-4 node: onward transfers were not traced (export limit). Receives 1.1M KZT from 1 payer.,4,False,1,0,1100000.0,0.0,,7,10925.59820570654,,False,True
100000005778283100,terminal,1.0,20,0.792949,"Receives 616k KZT from 3 payers, forwards 0%; outflow was traced (hop 1) — possible final recipient.",1,False,3,0,615760.0,0.0,0.0,9,361005.957804178,,True,True
100000005782781100,consolidator,0.6,20,0.754976,"Receives from 6 distinct payers, 172k KZT; forwards 735% — signs of consolidation.",2,False,6,10,171888.0,1263597.0,7.351281066741134,7,3324.756473942691,,True,True
100000005782886100,cutoff,0.7,1,0.453912,Hop-4 node: onward transfers were not traced (export limit). Receives 14k KZT from 1 payer.,4,False,1,0,14000.0,0.0,,9,52.96328606402516,,False,True
100000005783452100,cutoff,0.7,1,0.508583,Hop-4 node: onward transfers were not traced (export limit). Receives 286k KZT from 2 payers.,4,False,2,0,286500.0,0.0,,8,57.90154156700111,,False,True
100000005799271100,terminal,1.0,21,0.69276,"Receives 45k KZT from 1 payer, forwards 0%; outflow was traced (hop 2) — possible final recipient.",2,False,1,0,45000.0,0.0,0.0,8,43093.496147828286,,True,True
100000005807278100,terminal,1.0,38,0.507929,"Receives 8k KZT from 1 payer, forwards 0%; outflow was traced (hop 1) — possible final recipient.",1,False,1,0,8385.0,0.0,0.0,1,8385.0,,True,True
100000005809252100,terminal,1.0,4,0.488067,"Receives 25k KZT from 1 payer, forwards 0%; outflow was traced (hop 2) — possible final recipient.",2,False,1,0,25000.0,0.0,0.0,7,2209.2080556825267,,True,True
100000005815602100,peripheral,0.6,2,0.424864,"No role indicators: 1 payer, 1 recipient, 20k KZT in / 165k KZT out.",3,False,1,1,20000.0,165000.0,8.25,7,3263.987124073133,,True,True
100000005820746100,terminal,0.6983,25,0.55655,"Receives 2.0M KZT from 1 payer, forwards 3%; outflow was traced (hop 3) — possible final recipient.",3,False,1,1,1989000.0,60000.0,0.030165912518853696,1,60404.00595183433,,True,True
100000005830339100,consolidator,0.5,3,0.694933,"Receives from 5 distinct payers, 476k KZT; forwards 71% — signs of consolidation.",3,False,5,1,476341.0,339251.0,0.7122019729563485,7,2369.034145613442,,True,True
100000005834479100,peripheral,0.6,3,0.279001,"No role indicators: 1 payer, 2 recipients, 8k KZT in / 14k KZT out.",2,False,1,2,7500.0,14470.0,1.9293333333333333,7,107.03599728219035,,True,True
100000005844459100,terminal,1.0,0,0.671853,"Receives 243k KZT from 2 payers, forwards 0%; outflow was traced (hop 1) — possible final recipient.",1,False,2,0,243400.0,0.0,0.0,7,152600.81112998005,,True,True
100000005847078100,terminal,1.0,6,0.290102,"Receives 16k KZT from 1 payer, forwards 0%; outflow was traced (hop 3) — possible final recipient.",3,False,1,0,16300.0,0.0,0.0,1,10.957979159407964,,True,True
100000005849100100,terminal,1.0,5,0.684242,"Receives 33k KZT from 1 payer, forwards 0%; outflow was traced (hop 2) — possible final recipient.",2,False,1,0,33300.0,0.0,0.0,10,35284.849960134474,,True,True
100000005849862100,cutoff,0.7,20,0.383049,Hop-4 node: onward transfers were not traced (export limit). Receives 13k KZT from 1 payer.,4,False,1,0,13000.0,0.0,,7,34.04291084629431,,False,True
100000005852946100,terminal,1.0,5,0.6749,"Receives 24k KZT from 1 payer, forwards 0%; outflow was traced (hop 1) — possible final recipient.",1,False,1,0,23746.0,0.0,0.0,10,25162.35751758682,,True,True
100000005857058100,terminal,1.0,2,0.647153,"Receives 80k KZT from 3 payers, forwards 0%; outflow was traced (hop 3) — possible final recipient.",3,False,3,0,80222.0,0.0,0.0,7,5511.599972237251,,True,True
100000005873152100,transit,1.0,5,0.638156,In 10k KZT / out 10k KZT (ratio 1.00) — pattern consistent with transit.,3,False,1,1,10000.0,10000.0,1.0,11,4196.612383875105,,True,True
100000005877725100,terminal,1.0,7,0.52252,"Receives 70k KZT from 1 payer, forwards 0%; outflow was traced (hop 1) — possible final recipient.",1,False,1,0,70000.0,0.0,0.0,1,70873.50160520572,,True,True
100000005878334100,cutoff,0.7,22,0.378912,Hop-4 node: onward transfers were not traced (export limit). Receives 76k KZT from 1 payer.,4,False,1,0,76400.0,0.0,,7,244.34133503940743,,False,True
100000005882013100,peripheral,0.6,13,0.568748,"No role indicators: 2 payers, 1 recipient, 135k KZT in / 10k KZT out.",2,False,2,1,135000.0,10000.0,0.07407407407407407,10,37776.85198469884,,True,True
100000005888829100,cutoff,0.7,1,0.462008,Hop-4 node: onward transfers were not traced (export limit). Receives 197k KZT from 1 payer.,4,False,1,0,197000.0,0.0,,8,130.13118507215782,,False,True
100000005893892100,terminal,1.0,4,0.417449,"Receives 103k KZT from 1 payer, forwards 0%; outflow was traced (hop 3) — possible final recipient.",3,False,1,0,102780.0,0.0,0.0,7,117.67086790337909,,True,True
100000005895525100,terminal,1.0,38,0.571875,"Receives 120k KZT from 1 payer, forwards 0%; outflow was traced (hop 1) — possible final recipient.",1,False,1,0,120000.0,0.0,0.0,1,120000.0,,True,True
100000005897462100,terminal,1.0,15,0.705105,"Receives 98k KZT from 1 payer, forwards 0%; outflow was traced (hop 1) — possible final recipient.",1,False,1,0,98400.0,0.0,0.0,8,105917.81625484972,,True,True
100000005901606100,terminal,1.0,7,0.505616,"Receives 36k KZT from 1 payer, forwards 0%; outflow was traced (hop 1) — possible final recipient.",1,False,1,0,35660.0,0.0,0.0,1,36104.98667488051,,True,True
100000005904580100,terminal,1.0,12,0.623476,"Receives 72k KZT from 2 payers, forwards 0%; outflow was traced (hop 2) — possible final recipient.",2,False,2,0,72000.0,0.0,0.0,7,11691.015869313505,,True,True
100000005910114100,distributor,0.8,0,0.62702,Fans out to 19 recipients (1.5M KZT) against 3 payers — pattern consistent with a distribution layer.,3,False,3,19,326144.0,1469993.0,4.507190075549451,7,2789.503419538319,,True,True
100000005910895100,cutoff,0.7,15,0.507649,Hop-4 node: onward transfers were not traced (export limit). Receives 5k KZT from 1 payer.,4,False,1,0,5100.0,0.0,,8,231.49125121321222,,False,True
100000005911352100,peripheral,0.6,33,0.434006,"No role indicators: 2 payers, 3 recipients, 15k KZT in / 24k KZT out.",2,False,2,3,15000.0,24000.0,1.6,7,5287.551536546962,,True,True
100000005931985100,terminal,1.0,11,0.39603,"Receives 76k KZT from 1 payer, forwards 0%; outflow was traced (hop 2) — possible final recipient.",2,False,1,0,76000.0,0.0,0.0,1,1106.8889271386392,,True,True
100000005932987100,terminal,1.0,23,0.517538,"Receives 25k KZT from 1 payer, forwards 0%; outflow was traced (hop 2) — possible final recipient.",2,False,1,0,25000.0,0.0,0.0,7,10370.85631814198,,True,True
100000005933757100,distributor,1.0,16,0.608548,Fans out to 34 recipients (3.0M KZT) against 4 payers — pattern consistent with a distribution layer.,2,False,4,34,1246000.0,3002628.0,2.409813804173355,7,3301.3615237872036,,True,True
100000005939154100,terminal,1.0,2,0.561644,"Receives 22k KZT from 1 payer, forwards 0%; outflow was traced (hop 2) — possible final recipient.",2,False,1,0,22000.0,0.0,0.0,7,3592.0491896017784,,True,True
100000005940652100,terminal,1.0,1,0.656839,"Receives 8k KZT from 1 payer, forwards 0%; outflow was traced (hop 1) — possible final recipient.",1,False,1,0,8395.0,0.0,0.0,10,18132.668739869296,,True,True
100000005941908100,terminal,1.0,16,0.556372,"Receives 10k KZT from 1 payer, forwards 0%; outflow was traced (hop 3) — possible final recipient.",3,False,1,0,10000.0,0.0,0.0,8,3914.9428252976886,,True,True
100000005942793100,terminal,1.0,0,0.590981,"Receives 55k KZT from 4 payers, forwards 0%; outflow was traced (hop 2) — possible final recipient.",2,False,4,0,55000.0,0.0,0.0,7,1520.1545448409772,,True,True
100000005958064100,peripheral,0.6,16,0.368637,"No role indicators: 1 payer, 2 recipients, 6k KZT in / 164k KZT out.",1,False,1,2,5746.0,163986.84,28.539303863557258,7,5811.528262894762,,True,True
100000005961971100,terminal,1.0,7,0.514402,"Receives 47k KZT from 1 payer, forwards 0%; outflow was traced (hop 1) — possible final recipient.",1,False,1,0,47353.0,0.0,0.0,1,47943.89887873294,,True,True
100000005974542100,terminal,1.0,24,0.507084,"Receives 94k KZT from 1 payer, forwards 0%; outflow was traced (hop 3) — possible final recipient.",3,False,1,0,94500.0,0.0,0.0,7,6677.74774433621,,True,True
100000005979037100,cutoff,0.7,3,0.339322,Hop-4 node: onward transfers were not traced (export limit). Receives 60k KZT from 1 payer.,4,False,1,0,60300.0,0.0,,7,54.65735443289351,,False,True
100000005995391100,terminal,1.0,6,0.291326,"Receives 17k KZT from 1 payer, forwards 0%; outflow was traced (hop 3) — possible final recipient.",3,False,1,0,17200.0,0.0,0.0,1,11.563020953485704,,True,True
100000005996909100,terminal,1.0,2,0.534175,"Receives 6k KZT from 1 payer, forwards 0%; outflow was traced (hop 3) — possible final recipient.",3,False,1,0,5500.0,0.0,0.0,7,819.3232513391081,,True,True
100000006008169100,terminal,1.0,12,0.525678,"Receives 70k KZT from 1 payer, forwards 0%; outflow was traced (hop 1) — possible final recipient.",1,False,1,0,70000.0,0.0,0.0,1,70000.0,,True,True
100000006020215100,peripheral,0.6,13,0.312031,"No role indicators: 1 payer, 2 recipients, 30k KZT in / 34k KZT out.",3,False,1,2,30000.0,33800.0,1.1266666666666667,7,327.9482520219492,,True,True
100000006030946100,terminal,1.0,7,0.52341,"Receives 73k KZT from 1 payer, forwards 0%; outflow was traced (hop 1) — possible final recipient.",1,False,1,0,73289.0,0.0,0.0,1,74203.54370205602,,True,True
100000006048193100,terminal,1.0,3,0.457929,"Receives 42k KZT from 1 payer, forwards 0%; outflow was traced (hop 3) — possible final recipient.",3,False,1,0,41559.0,0.0,0.0,7,502.5034473365684,,True,True
100000006069103100,peripheral,0.6,2,0.580102,"No role indicators: 3 payers, 3 recipients, 229k KZT in / 270k KZT out.",1,False,3,3,228818.0,270000.0,1.1799770997036947,7,83928.04028082662,,True,True
100000006100920100,terminal,1.0,0,0.432662,"Receives 100k KZT from 1 payer, forwards 0%; outflow was traced (hop 3) — possible final recipient.",3,False,1,0,100000.0,0.0,0.0,7,78.35711916905134,,True,True
100000006111439100,peripheral,0.6,0,0.36649,"No role indicators: 3 payers, 4 recipients, 21k KZT in / 24k KZT out.",3,False,3,4,20570.0,24000.0,1.166747690811862,7,49.76268570691541,,True,True
100000006111442100,terminal,1.0,1,0.533797,"Receives 64k KZT from 1 payer, forwards 0%; outflow was traced (hop 3) — possible final recipient.",3,False,1,0,64000.0,0.0,0.0,8,191.2763917493164,,True,True
100000006122699100,terminal,1.0,2,0.636577,"Receives 46k KZT from 2 payers, forwards 0%; outflow was traced (hop 2) — possible final recipient.",2,False,2,0,45865.0,0.0,0.0,7,6035.283002459887,,True,True
100000006126743100,terminal,1.0,4,0.402658,"Receives 55k KZT from 1 payer, forwards 0%; outflow was traced (hop 3) — possible final recipient.",3,False,1,0,55000.0,0.0,0.0,7,62.968454316850064,,True,True
100000006161893100,terminal,1.0,2,0.589891,"Receives 14k KZT from 1 payer, forwards 0%; outflow was traced (hop 2) — possible final recipient.",2,False,1,0,14000.0,0.0,0.0,7,14159.370017559351,,True,True
100000006165886100,peripheral,0.6,3,0.388521,"No role indicators: 2 payers, 1 recipient, 184k KZT in / 75k KZT out.",3,False,2,1,184481.0,75000.0,0.4065459315593476,7,481.5782263491355,,True,True
100000006169033100,peripheral,0.6,32,0.338276,"No role indicators: 1 payer, 3 recipients, 49k KZT in / 1.1M KZT out.",3,False,1,3,49000.0,1140271.0,23.270836734693876,7,1012.5734397035525,,True,True
100000006171671100,cutoff,0.7,0,0.331403,Hop-4 node: onward transfers were not traced (export limit). Receives 10k KZT from 1 payer.,4,False,1,0,10000.0,0.0,,7,8.494951805482135,,False,True
100000006177176100,terminal,1.0,2,0.578992,"Receives 9k KZT from 1 payer, forwards 0%; outflow was traced (hop 1) — possible final recipient.",1,False,1,0,8911.0,0.0,0.0,7,9012.62240700578,,True,True
100000006209210100,terminal,1.0,20,0.515336,"Receives 229k KZT from 1 payer, forwards 0%; outflow was traced (hop 3) — possible final recipient.",3,False,1,0,229111.0,0.0,0.0,7,600.8553263237977,,True,True
100000006225798100,terminal,0.6357,17,0.558007,"Receives 722k KZT from 3 payers, forwards 4%; outflow was traced (hop 3) — possible final recipient.",3,False,3,2,722000.0,26300.0,0.03642659279778394,7,1346.9944404651667,,True,True
100000006232642100,cutoff,0.7,32,0.391924,Hop-4 node: onward transfers were not traced (export limit). Receives 456k KZT from 1 payer.,4,False,1,0,456000.0,0.0,,7,404.872770733345,,False,True
100000006232815100,peripheral,0.6,42,0.089879,"No role indicators: 1 payer, 5 recipients, 160k KZT in / 296k KZT out.",0,True,1,5,160000.0,296500.0,,0,0.0,,True,False
100000006240939100,peripheral,0.6,8,0.367369,"No role indicators: 1 payer, 5 recipients, 160k KZT in / 778k KZT out.",2,False,1,5,160000.0,778015.0,4.86259375,1,13658.536585365855,,True,True
100000006248077100,terminal,1.0,18,0.518427,"Receives 50k KZT from 1 payer, forwards 0%; outflow was traced (hop 2) — possible final recipient.",2,False,1,0,50000.0,0.0,0.0,7,10872.407713899218,,True,True
100000006249740100,peripheral,0.6,49,0.060175,"No role indicators: 0 payers, 3 recipients, 0 KZT in / 93k KZT out.",0,True,0,3,0.0,93007.0,,0,0.0,,True,False
100000006257675100,cutoff,0.7,18,0.411831,Hop-4 node: onward transfers were not traced (export limit). Receives 70k KZT from 1 payer.,4,False,1,0,70000.0,0.0,,7,987.7514290530454,,False,True
100000006274203100,terminal,0.7893,20,0.702413,"Receives 3.4M KZT from 2 payers, forwards 2%; outflow was traced (hop 3) — possible final recipient.",3,False,2,3,3417512.0,72000.0,0.02106795821053445,9,7170.421078326067,,True,True
100000006288612100,cutoff,0.7,12,0.358427,Hop-4 node: onward transfers were not traced (export limit). Receives 31k KZT from 1 payer.,4,False,1,0,30805.0,0.0,,7,21.95435719061153,,False,True
100000006308406100,cutoff,0.7,18,0.43107,Hop-4 node: onward transfers were not traced (export limit). Receives 183k KZT from 1 payer.,4,False,1,0,183000.0,0.0,,7,2582.2644502386756,,False,True
100000006326645100,terminal,1.0,7,0.495941,"Receives 25k KZT from 1 payer, forwards 0%; outflow was traced (hop 1) — possible final recipient.",1,False,1,0,25264.0,0.0,0.0,1,25579.259207913103,,True,True
100000006351075100,cutoff,0.7,35,0.290945,Hop-4 node: onward transfers were not traced (export limit). Receives 40k KZT from 1 payer.,4,False,1,0,40000.0,0.0,,7,0.18500673245604843,,False,True
100000006369769100,terminal,1.0,7,0.509064,"Receives 40k KZT from 1 payer, forwards 0%; outflow was traced (hop 1) — possible final recipient.",1,False,1,0,40000.0,0.0,0.0,1,40499.14377440327,,True,True
100000006381453100,cutoff,0.7,1,0.425532,Hop-4 node: onward transfers were not traced (export limit). Receives 45k KZT from 1 payer.,4,False,1,0,45000.0,0.0,,8,24.955738446709457,,False,True
100000006385877100,peripheral,0.6,9,0.388276,"No role indicators: 1 payer, 1 recipient, 54k KZT in / 37k KZT out.",2,False,1,1,53706.62,36602.93,0.6815347903107661,1,26728.740367742117,,True,True
100000006412162100,cutoff,0.7,8,0.272996,Hop-4 node: onward transfers were not traced (export limit). Receives 15k KZT from 1 payer.,4,False,1,0,15000.0,0.0,,1,0.725532967127634,,False,True
100000006416061100,cutoff,0.7,3,0.386363,Hop-4 node: onward transfers were not traced (export limit). Receives 30k KZT from 1 payer.,4,False,1,0,30000.0,0.0,,7,322.5119025591889,,False,True
100000006424479100,peripheral,0.6,13,0.527734,"No role indicators: 1 payer, 2 recipients, 500k KZT in / 220k KZT out.",2,False,1,2,500000.0,220000.0,0.44,10,155252.93005814307,,True,True
100000006443391100,peripheral,0.6,9,0.47968,"No role indicators: 3 payers, 2 recipients, 87k KZT in / 60k KZT out.",1,False,3,2,86775.93,60041.71000000001,0.6919166409394865,1,43186.692872114545,,True,True
100000006444163100,terminal,1.0,0,0.442449,"Receives 6k KZT from 1 payer, forwards 0%; outflow was traced (hop 3) — possible final recipient.",3,False,1,0,6026.0,0.0,0.0,7,115.30004352422038,,True,True
100000006445501100,terminal,1.0,15,0.703881,"Receives 91k KZT from 1 payer, forwards 0%; outflow was traced (hop 1) — possible final recipient.",1,False,1,0,91000.0,0.0,0.0,8,97952.45202430207,,True,True
100000006446271100,terminal,1.0,5,0.765625,"Receives 80k KZT from 2 payers, forwards 0%; outflow was traced (hop 1) — possible final recipient.",1,False,2,0,80000.0,0.0,0.0,10,57459.0350532213,,True,True
100000006471232100,terminal,1.0,6,0.306951,"Receives 42k KZT from 1 payer, forwards 0%; outflow was traced (hop 3) — possible final recipient.",3,False,1,0,41800.0,0.0,0.0,1,28.100829991610606,,True,True
100000006476758100,terminal,1.0,15,0.613245,"Receives 5k KZT from 1 payer, forwards 0%; outflow was traced (hop 3) — possible final recipient.",3,False,1,0,5200.0,0.0,0.0,8,1648.83308005538,,True,True
100000006490557100,terminal,1.0,9,0.43075,"Receives 5k KZT from 1 payer, forwards 0%; outflow was traced (hop 2) — possible final recipient.",2,False,1,0,5000.0,0.0,0.0,1,407.41739464302015,,True,True
100000006490615100,cutoff,0.7,13,0.357671,Hop-4 node: onward transfers were not traced (export limit). Receives 42k KZT from 1 payer.,4,False,1,0,41600.0,0.0,,7,118.5932698281402,,False,True
100000006491272100,terminal,1.0,6,0.299222,"Receives 26k KZT from 1 payer, forwards 0%; outflow was traced (hop 3) — possible final recipient.",3,False,1,0,26200.0,0.0,0.0,1,17.61343889426311,,True,True
100000006491963100,cutoff,0.7,8,0.273218,Hop-4 node: onward transfers were not traced (export limit). Receives 16k KZT from 1 payer.,4,False,1,0,16000.0,0.0,,1,0.7739018316028097,,False,True
100000006492770100,peripheral,0.6,0,0.327578,"No role indicators: 1 payer, 1 recipient, 269k KZT in / 20k KZT out.",3,False,1,1,269000.0,20000.0,0.07434944237918216,7,228.72566879890672,,True,True
100000006512787100,cutoff,0.7,0,0.342358,Hop-4 node: onward transfers were not traced (export limit). Receives 20k KZT from 1 payer.,4,False,1,0,20000.0,0.0,,7,16.98990361096427,,False,True
100000006518161100,transit,1.0,2,0.733674,"In 594k KZT / out 596k KZT (ratio 1.00), 100% forwarded within 2 days — pattern consistent with transit.",1,False,3,2,594200.0,595899.0,1.002859306630764,7,554162.5129382443,,True,True
100000006522972100,terminal,1.0,0,0.426323,"Receives 10k KZT from 1 payer, forwards 0%; outflow was traced (hop 3) — possible final recipient.",3,False,1,0,9515.0,0.0,0.0,7,58.000158011306304,,True,True
100000006523053100,terminal,1.0,5,0.629971,"Receives 5k KZT from 1 payer, forwards 0%; outflow was traced (hop 2) — possible final recipient.",2,False,1,0,5000.0,0.0,0.0,10,3644.1807953084626,,True,True
100000006527156100,cutoff,0.7,0,0.393903,Hop-4 node: onward transfers were not traced (export limit). Receives 48k KZT from 1 payer.,4,False,1,0,48500.0,0.0,,7,169.2582990946602,,False,True
100000006530134100,terminal,1.0,4,0.492382,"Receives 145k KZT from 2 payers, forwards 0%; outflow was traced (hop 3) — possible final recipient.",3,False,2,0,144663.0,0.0,0.0,7,157.158958957056,,True,True
100000006532229100,terminal,1.0,1,0.500767,"Receives 105k KZT from 1 payer, forwards 0%; outflow was traced (hop 3) — possible final recipient.",3,False,1,0,105000.0,0.0,0.0,8,55.01944846143855,,True,True
100000006534886100,peripheral,0.6,2,0.481693,"No role indicators: 1 payer, 1 recipient, 72k KZT in / 168k KZT out.",2,False,1,1,71700.0,167500.0,2.336122733612273,7,35666.318582824366,,True,True
100000006557763100,terminal,1.0,5,0.651323,"Receives 10k KZT from 1 payer, forwards 0%; outflow was traced (hop 2) — possible final recipient.",2,False,1,0,10000.0,0.0,0.0,10,10596.051039079419,,True,True
100000006562026100,terminal,1.0,67,0.662089,"Receives 75k KZT from 2 payers, forwards 0%; outflow was traced (hop 1) — possible final recipient.",1,False,2,0,75000.0,0.0,0.0,2,75000.0,,True,True
100000006564102100,terminal,1.0,5,0.673432,"Receives 233k KZT from 1 payer, forwards 0%; outflow was traced (hop 2) — possible final recipient.",2,False,1,0,233235.0,0.0,0.0,9,34804.31771284064,,True,True
100000006567935100,terminal,1.0,11,0.447364,"Receives 200k KZT from 1 payer, forwards 0%; outflow was traced (hop 2) — possible final recipient.",2,False,1,0,200000.0,0.0,0.0,7,331.38330592348336,,True,True
100000006573438100,terminal,1.0,32,0.412778,"Receives 5k KZT from 1 payer, forwards 0%; outflow was traced (hop 3) — possible final recipient.",3,False,1,0,5000.0,0.0,0.0,7,103.32382037791352,,True,True
100000006579678100,peripheral,0.6,2,0.557404,"No role indicators: 2 payers, 6 recipients, 193k KZT in / 1.7M KZT out.",1,False,2,6,192930.0,1668800.0,8.649769346395066,7,47667.375717302704,,True,True
100000006595426100,terminal,1.0,0,0.512177,"Receives 85k KZT from 1 payer, forwards 0%; outflow was traced (hop 2) — possible final recipient.",2,False,1,0,84800.0,0.0,0.0,7,2012.4900329597963,,True,True
100000006612238100,peripheral,0.6,19,0.278045,"No role indicators: 1 payer, 1 recipient, 160k KZT in / 25k KZT out.",2,False,1,1,160000.0,25000.0,0.15625,1,2783.873931803071,,True,True
100000006638021100,cutoff,0.7,1,0.539522,Hop-4 node: onward transfers were not traced (export limit). Receives 388k KZT from 2 payers.,4,False,2,0,388500.0,0.0,,9,117.16616440013327,,False,True
100000006641671100,peripheral,0.6,3,0.356937,"No role indicators: 2 payers, 1 recipient, 22k KZT in / 25k KZT out.",3,False,2,1,22000.0,25000.0,1.1363636363636365,7,153.4181462052752,,True,True
100000006656003100,peripheral,0.6,7,0.353156,"No role indicators: 1 payer, 1 recipient, 20k KZT in / 9k KZT out.",1,False,1,1,20000.0,9000.0,0.45,1,20249.571887201633,,True,True
100000006658598100,terminal,1.0,2,0.579215,"Receives 9k KZT from 1 payer, forwards 0%; outflow was traced (hop 1) — possible final recipient.",1,False,1,0,9000.0,0.0,0.0,7,9102.637376619012,,True,True
100000006664478100,transit,0.7955,8,0.478903,"In 55k KZT / out 60k KZT (ratio 1.09), 67% forwarded within 2 days — pattern consistent with transit.",3,False,1,2,55000.0,60000.0,1.0909090909090908,1,4695.121951219512,,True,True
100000006679055100,terminal,1.0,5,0.620051,"Receives 25k KZT from 1 payer, forwards 0%; outflow was traced (hop 2) — possible final recipient.",2,False,1,0,25000.0,0.0,0.0,9,3730.6062247133414,,True,True
100000006684930100,terminal,1.0,13,0.577102,"Receives 10k KZT from 1 payer, forwards 0%; outflow was traced (hop 2) — possible final recipient.",2,False,1,0,10000.0,0.0,0.0,10,3105.0586011628616,,True,True
100000006687202100,terminal,1.0,0,0.587633,"Receives 50k KZT from 1 payer, forwards 0%; outflow was traced (hop 1) — possible final recipient.",1,False,1,0,50000.0,0.0,0.0,7,50490.49373797577,,True,True
100000006689603100,cutoff,0.7,14,0.389255,Hop-4 node: onward transfers were not traced (export limit). Receives 400k KZT from 1 payer.,4,False,1,0,400000.0,0.0,,7,16.214197591547183,,False,True
100000006693788100,cutoff,0.7,3,0.33821,Hop-4 node: onward transfers were not traced (export limit). Receives 11k KZT from 1 payer.,4,False,1,0,10764.0,0.0,,7,52.60931370005422,,False,True
100000006701983100,terminal,1.0,6,0.3,"Receives 27k KZT from 1 payer, forwards 0%; outflow was traced (hop 3) — possible final recipient.",3,False,1,0,27000.0,0.0,0.0,1,18.151253822332208,,True,True
100000006704530100,transit,0.7503,27,0.422453,"In 450k KZT / out 428k KZT (ratio 0.95), 0% forwarded within 2 days — pattern consistent with transit.",3,False,1,3,450500.0,428000.0,0.9500554938956715,7,138.36735668651403,,True,True
100000006706519100,cutoff,0.7,0,0.352978,Hop-4 node: onward transfers were not traced (export limit). Receives 36k KZT from 1 payer.,4,False,1,0,36000.0,0.0,,7,30.581826499735687,,False,True
100000006707582100,distributor,0.6333,10,0.555234,Fans out to 14 recipients (961k KZT) against 2 payers — pattern consistent with a distribution layer.,1,False,2,14,39520.0,961138.0,24.320293522267207,1,22408.334652589125,,True,True
100000006710485100,terminal,1.0,6,0.294106,"Receives 20k KZT from 1 payer, forwards 0%; outflow was traced (hop 3) — possible final recipient.",3,False,1,0,20000.0,0.0,0.0,1,13.445373201727561,,True,True
100000006714366100,peripheral,0.6,13,0.281448,"No role indicators: 1 payer, 1 recipient, 10k KZT in / 5k KZT out.",3,False,1,1,10500.0,5000.0,0.47619047619047616,7,114.7818882076822,,True,True
100000006734214100,consolidator,0.5,4,0.68448,"Receives from 5 distinct payers, 610k KZT; forwards 6% — signs of consolidation.",3,False,5,3,610000.0,36000.0,0.05901639344262295,7,1315.3478161389528,,True,True
100000006734554100,peripheral,0.6,61,0.319693,"No role indicators: 1 payer, 1 recipient, 16k KZT in / 25k KZT out.",1,False,1,1,16500.0,25000.0,1.5151515151515151,1,20059.947750929667,,True,True
100000006735545100,cutoff,0.7,0,0.323508,Hop-4 node: onward transfers were not traced (export limit). Receives 5k KZT from 1 payer.,4,False,1,0,5000.0,0.0,,7,2.4936369422248426,,False,True
100000006745291100,terminal,1.0,15,0.701991,"Receives 83k KZT from 1 payer, forwards 0%; outflow was traced (hop 1) — possible final recipient.",1,False,1,0,82534.0,0.0,0.0,8,88839.64478432688,,True,True
100000006746688100,terminal,1.0,6,0.306839,"Receives 41k KZT from 1 payer, forwards 0%; outflow was traced (hop 3) — possible final recipient.",3,False,1,0,41000.0,0.0,0.0,1,27.563015063541506,,True,True
100000006755850100,terminal,1.0,15,0.741693,"Receives 443k KZT from 1 payer, forwards 0%; outflow was traced (hop 2) — possible final recipient.",2,False,1,0,443475.8,0.0,0.0,11,176177.62486556824,,True,True
100000006756956100,cutoff,0.7,0,0.4028,Hop-4 node: onward transfers were not traced (export limit). Receives 121k KZT from 1 payer.,4,False,1,0,121200.0,0.0,,7,229.72943729202845,,False,True
100000006787636100,terminal,1.0,2,0.569206,"Receives 20k KZT from 1 payer, forwards 0%; outflow was traced (hop 2) — possible final recipient.",2,False,1,0,20000.0,0.0,0.0,7,5889.45157112069,,True,True
100000006788200100,peripheral,0.6,8,0.579135,"No role indicators: 4 payers, 3 recipients, 272k KZT in / 64k KZT out.",1,False,4,3,272155.8,64500.0,0.23699660268125833,7,94684.19105421985,,True,True
100000006789108100,terminal,1.0,15,0.685087,"Receives 38k KZT from 1 payer, forwards 0%; outflow was traced (hop 1) — possible final recipient.",1,False,1,0,37500.0,0.0,0.0,8,40365.02143858601,,True,True
100000006831291100,peripheral,0.9,67,0.061109,"No role indicators: 0 payers, 1 recipient, 0 KZT in / 15k KZT out.",0,True,0,1,0.0,15000.0,,0,0.0,,True,False
100000006844004100,terminal,1.0,13,0.462489,"Receives 21k KZT from 1 payer, forwards 0%; outflow was traced (hop 3) — possible final recipient.",3,False,1,0,20600.0,0.0,0.0,7,623.8985728060012,,True,True
100000006844768100,peripheral,0.6,3,0.410007,"No role indicators: 1 payer, 2 recipients, 282k KZT in / 188k KZT out.",2,False,1,2,282000.0,188000.0,0.6666666666666666,7,27031.66198478757,,True,True
100000006852430100,terminal,1.0,15,0.715225,"Receives 37k KZT from 1 payer, forwards 0%; outflow was traced (hop 2) — possible final recipient.",2,False,1,0,37000.0,0.0,0.0,11,39521.16371760987,,True,True
100000006866783100,consolidator,1.0,0,0.26481,"Receives from 13 distinct payers, 839k KZT; forwards 471% — signs of consolidation. Also matches: distributor.",0,True,13,67,838812.0,3948037.0,,6,0.0,distributor,True,False
100000006866831100,cutoff,0.7,3,0.369682,Hop-4 node: onward transfers were not traced (export limit). Receives 16k KZT from 1 payer.,4,False,1,0,16500.0,0.0,,7,177.3815464075539,,False,True
100000006882208100,terminal,1.0,2,0.594228,"Receives 18k KZT from 1 payer, forwards 0%; outflow was traced (hop 3) — possible final recipient.",3,False,1,0,18000.0,0.0,0.0,7,16695.33832721417,,True,True
100000006888238100,peripheral,0.6,55,0.285385,"No role indicators: 1 payer, 1 recipient, 18k KZT in / 30k KZT out.",2,False,1,1,18000.0,30000.0,1.6666666666666667,1,4517.389954682343,,True,True
100000006889963100,peripheral,0.6,15,0.699286,"No role indicators: 4 payers, 1 recipient, 1.4M KZT in / 443k KZT out.",1,False,4,1,1431000.0,443475.8,0.30990621942697416,11,568511.513377568,,True,True
100000006894637100,terminal,1.0,3,0.440469,"Receives 53k KZT from 1 payer, forwards 0%; outflow was traced (hop 3) — possible final recipient.",3,False,1,0,52831.0,0.0,0.0,7,258.2565671653674,,True,True
100000006901046100,peripheral,0.6,2,0.493036,"No role indicators: 1 payer, 1 recipient, 76k KZT in / 6k KZT out.",2,False,1,1,75800.0,5500.0,0.07255936675461741,7,52328.49112441361,,True,True
100000006903193100,cutoff,0.7,3,0.35478,Hop-4 node: onward transfers were not traced (export limit). Receives 9k KZT from 1 payer.,4,False,1,0,9000.0,0.0,,7,108.79978767237996,,False,True
100000006912294100,peripheral,0.6,9,0.337453,"No role indicators: 1 payer, 2 recipients, 6k KZT in / 30k KZT out.",2,False,1,2,6335.09,30000.0,4.7355286191672095,1,3152.851097616633,,True,True
100000006918814100,cutoff,0.7,5,0.349931,Hop-4 node: onward transfers were not traced (export limit). Receives 20k KZT from 1 payer.,4,False,1,0,20000.0,0.0,,7,4.496664814394101,,False,True
100000006919124100,terminal,1.0,0,0.407306,"Receives 25k KZT from 1 payer, forwards 0%; outflow was traced (hop 3) — possible final recipient.",3,False,1,0,25000.0,0.0,0.0,7,21.25703241625527,,True,True
100000006952718100,terminal,1.0,2,0.634375,"Receives 71k KZT from 1 payer, forwards 0%; outflow was traced (hop 1) — possible final recipient.",1,False,1,0,71489.0,0.0,0.0,7,72304.27149079075,,True,True
100000006965162100,terminal,1.0,23,0.411165,"Receives 10k KZT from 1 payer, forwards 0%; outflow was traced (hop 3) — possible final recipient.",3,False,1,0,10000.0,0.0,0.0,7,97.44472445616647,,True,True
100000006967370100,peripheral,0.6,4,0.284451,"No role indicators: 1 payer, 1 recipient, 33k KZT in / 14k KZT out.",3,False,1,1,33225.0,13526.27,0.40711121143717083,7,126.00175015233172,,True,True
100000006972210100,terminal,1.0,9,0.78492,"Receives 489k KZT from 3 payers, forwards 0%; outflow was traced (hop 1) — possible final recipient.",1,False,3,0,488775.0,0.0,0.0,8,495922.6554849844,,True,True
100000006977207100,distributor,0.6667,22,0.464286,Fans out to 15 recipients (4.2M KZT) against 1 payer — pattern consistent with a distribution layer.,2,False,1,15,414000.0,4157018.0,10.041106280193237,1,8965.375337435711,,True,True
100000006989106100,terminal,1.0,9,0.545629,"Receives 64k KZT from 1 payer, forwards 0%; outflow was traced (hop 2) — possible final recipient.",2,False,1,0,64000.0,0.0,0.0,1,64000.0,,True,True
100000006989232100,terminal,1.0,3,0.414446,"Receives 22k KZT from 1 payer, forwards 0%; outflow was traced (hop 3) — possible final recipient.",3,False,1,0,22194.0,0.0,0.0,7,108.49210220643495,,True,True
100000006994985100,peripheral,0.6,8,0.451955,"No role indicators: 1 payer, 1 recipient, 48k KZT in / 10k KZT out.",2,False,1,1,48500.0,10200.0,0.21030927835051547,7,16873.16240093015,,True,True
100000007005380100,terminal,1.0,0,0.42599,"Receives 9k KZT from 1 payer, forwards 0%; outflow was traced (hop 3) — possible final recipient.",3,False,1,0,9400.0,0.0,0.0,7,57.299157678011476,,True,True
100000007018630100,peripheral,0.9,45,0.060175,"No role indicators: 0 payers, 1 recipient, 0 KZT in / 200k KZT out.",0,True,0,1,0.0,200000.0,,0,0.0,,True,False
100000007020162100,terminal,1.0,16,0.409331,"Receives 86k KZT from 1 payer, forwards 0%; outflow was traced (hop 3) — possible final recipient.",3,False,1,0,86395.0,0.0,0.0,7,91.43255569947178,,True,True
100000007022818100,terminal,1.0,6,0.291326,"Receives 17k KZT from 1 payer, forwards 0%; outflow was traced (hop 3) — possible final recipient.",3,False,1,0,17200.0,0.0,0.0,1,11.563020953485704,,True,True
100000007034089100,cutoff,0.7,1,0.496239,Hop-4 node: onward transfers were not traced (export limit). Receives 198k KZT from 2 payers.,4,False,2,0,198000.0,0.0,,8,31.93268739307282,,False,True
100000007042175100,cutoff,0.7,3,0.358116,Hop-4 node: onward transfers were not traced (export limit). Receives 60k KZT from 1 payer.,4,False,1,0,60000.0,0.0,,7,119.75462342436538,,False,True
100000007055802100,consolidator,0.6,0,0.817653,"Receives from 6 distinct payers (1 seed), 2.0M KZT; forwards 30% — signs of consolidation.",1,False,6,1,2024999.0,605000.0,0.29876557963732325,7,257092.3104423723,,True,True
100000007071852100,cutoff,0.7,3,0.38514,Hop-4 node: onward transfers were not traced (export limit). Receives 195k KZT from 1 payer.,4,False,1,0,195000.0,0.0,,7,303.19340616097304,,False,True
100000007129492100,peripheral,0.6,15,0.657048,"No role indicators: 2 payers, 1 recipient, 51k KZT in / 37k KZT out.",1,False,2,1,50990.0,37000.0,0.725632476956266,11,54466.80465015199,,True,True
100000007131370100,transit,1.0,2,0.553748,In 30k KZT / out 30k KZT (ratio 1.00) — pattern consistent with transit.,3,False,1,1,30000.0,30000.0,1.0,7,2263.7483461870324,,True,True
100000007138613100,peripheral,0.6,4,0.431125,"No role indicators: 3 payers, 2 recipients, 1.0M KZT in / 179k KZT out.",3,False,3,2,1002000.0,179000.0,0.17864271457085829,7,2137.1345063086173,,True,True
100000007140834100,terminal,1.0,8,0.553815,"Receives 10k KZT from 1 payer, forwards 0%; outflow was traced (hop 3) — possible final recipient.",3,False,1,0,10200.0,0.0,0.0,7,3546.8173412059805,,True,True
100000007153161100,cutoff,0.7,0,0.358094,Hop-4 node: onward transfers were not traced (export limit). Receives 45k KZT from 1 payer.,4,False,1,0,44997.0,0.0,,7,38.22473463912797,,False,True
100000007170072100,transit,1.0,14,0.500467,"In 100k KZT / out 100k KZT (ratio 0.99), 100% forwarded within 2 days — pattern consistent with transit.",3,False,1,2,100000.0,99500.0,0.995,7,166.6433791191275,,True,True
100000007173936100,terminal,1.0,11,0.37619,"Receives 10k KZT from 1 payer, forwards 0%; outflow was traced (hop 2) — possible final recipient.",2,False,1,0,10000.0,0.0,0.0,7,16.569165296174166,,True,True
100000007175718100,terminal,1.0,38,0.529004,"Receives 20k KZT from 1 payer, forwards 0%; outflow was traced (hop 1) — possible final recipient.",1,False,1,0,20000.0,0.0,0.0,1,20000.0,,True,True
100000007181706100,terminal,1.0,5,0.780638,"Receives 176k KZT from 2 payers, forwards 0%; outflow was traced (hop 1) — possible final recipient.",1,False,2,0,176272.0,0.0,0.0,10,173550.9980677212,,True,True
100000007197866100,peripheral,0.6,3,0.286564,"No role indicators: 1 payer, 1 recipient, 20k KZT in / 15k KZT out.",3,False,1,1,20000.0,15000.0,0.75,7,133.66442843607774,,True,True
100000007229557100,terminal,1.0,1,0.687278,"Receives 878k KZT from 3 payers, forwards 0%; outflow was traced (hop 3) — possible final recipient.",3,False,3,0,878000.0,0.0,0.0,9,2933.0160172046203,,True,True
100000007242833100,peripheral,0.6,12,0.543592,"No role indicators: 1 payer, 1 recipient, 108k KZT in / 45k KZT out.",2,False,1,1,107500.0,45000.0,0.4186046511627907,9,71606.40051921512,,True,True
100000007267915100,peripheral,0.6,17,0.322017,"No role indicators: 2 payers, 1 recipient, 21k KZT in / 10k KZT out.",3,False,2,1,21000.0,10000.0,0.47619047619047616,7,35.08040052770722,,True,True
100000007274584100,terminal,1.0,5,0.688134,"Receives 38k KZT from 1 payer, forwards 0%; outflow was traced (hop 1) — possible final recipient.",1,False,1,0,38000.0,0.0,0.0,10,40266.553763509604,,True,True
100000007281639100,terminal,1.0,2,0.711644,"Receives 217k KZT from 2 payers, forwards 0%; outflow was traced (hop 1) — possible final recipient.",1,False,2,0,216770.0,0.0,0.0,7,156610.2866522692,,True,True
100000007283257100,terminal,1.0,47,0.578503,"Receives 192k KZT from 1 payer, forwards 0%; outflow was traced (hop 1) — possible final recipient.",1,False,1,0,192000.0,0.0,0.0,1,192000.0,,True,True
100000007289427100,terminal,1.0,5,0.491993,"Receives 12k KZT from 1 payer, forwards 0%; outflow was traced (hop 2) — possible final recipient.",2,False,1,0,12300.0,0.0,0.0,1,12300.0,,True,True
100000007303047100,terminal,1.0,6,0.311177,"Receives 52k KZT from 1 payer, forwards 0%; outflow was traced (hop 3) — possible final recipient.",3,False,1,0,52250.0,0.0,0.0,1,35.12603748951325,,True,True
100000007311010100,peripheral,0.6,5,0.623063,"No role indicators: 2 payers, 1 recipient, 64k KZT in / 20k KZT out.",1,False,2,1,64480.0,20000.0,0.31017369727047145,10,44218.01187672598,,True,True
100000007322059100,peripheral,0.6,30,0.489967,"No role indicators: 2 payers, 1 recipient, 29k KZT in / 22k KZT out.",2,False,2,1,29000.0,22500.0,0.7758620689655172,8,4294.069327589822,,True,True
100000007330432100,cutoff,0.7,2,0.468392,Hop-4 node: onward transfers were not traced (export limit). Receives 585k KZT from 1 payer.,4,False,1,0,584900.0,0.0,,7,632.2710210378901,,False,True
100000007333038100,peripheral,0.6,11,0.16867,"No role indicators: 1 payer, 2 recipients, 18k KZT in / 35k KZT out.",3,False,1,2,17500.0,34994.0,1.9996571428571428,1,23.05114974293444,,True,True
100000007334196100,terminal,1.0,15,0.709887,"Receives 150k KZT from 1 payer, forwards 0%; outflow was traced (hop 1) — possible final recipient.",1,False,1,0,150002.0,0.0,0.0,8,161462.23855548745,,True,True
100000007337374100,terminal,1.0,19,0.369673,"Receives 20k KZT from 1 payer, forwards 0%; outflow was traced (hop 2) — possible final recipient.",2,False,1,0,20000.0,0.0,0.0,1,347.9842414753839,,True,True
100000007347733100,terminal,1.0,49,0.534798,"Receives 23k KZT from 1 payer, forwards 0%; outflow was traced (hop 1) — possible final recipient.",1,False,1,0,23007.0,0.0,0.0,1,23007.0,,True,True
100000007357489100,cutoff,0.7,1,0.504135,Hop-4 node: onward transfers were not traced (export limit). Receives 164k KZT from 2 payers.,4,False,2,0,164500.0,0.0,,8,48.82709426201774,,False,True
100000007381662100,cutoff,0.7,0,0.323396,Hop-4 node: onward transfers were not traced (export limit). Receives 11k KZT from 1 payer.,4,False,1,0,11000.0,0.0,,7,2.238773757069771,,False,True
100000007382152100,terminal,1.0,17,0.437244,"Receives 6k KZT from 1 payer, forwards 0%; outflow was traced (hop 2) — possible final recipient.",2,False,1,0,5860.0,0.0,0.0,7,230.70975333535367,,True,True
100000007382543100,peripheral,0.6,23,0.443581,"No role indicators: 3 payers, 5 recipients, 218k KZT in / 427k KZT out.",2,False,3,5,218000.0,427000.0,1.9587155963302751,7,4554.7117118859705,,True,True
100000007390016100,peripheral,0.6,4,0.349397,"No role indicators: 1 payer, 1 recipient, 511k KZT in / 346k KZT out.",3,False,1,1,511000.0,346500.0,0.678082191780822,7,1777.9572243542098,,True,True
100000007392365100,peripheral,0.6,35,0.229735,"No role indicators: 1 payer, 6 recipients, 10k KZT in / 1.8M KZT out.",3,False,1,6,9613.0,1765600.0,183.66794965151357,7,8.173754104698478,,True,True
100000007442518100,consolidator,0.5,11,0.715396,"Receives from 5 distinct payers (1 seed), 510k KZT; forwards 867% — signs of consolidation.",1,False,5,9,510000.0,4419999.0,8.666664705882352,7,7359.209975279896,,True,True
100000007472293100,peripheral,0.6,1,0.365678,"No role indicators: 1 payer, 3 recipients, 5k KZT in / 346k KZT out.",3,False,1,3,5000.0,345900.0,69.18,9,26.34205470781194,,True,True
100000007484343100,terminal,1.0,0,0.514602,"Receives 27k KZT from 2 payers, forwards 0%; outflow was traced (hop 3) — possible final recipient.",3,False,2,0,26757.0,0.0,0.0,7,135.80217052067871,,True,True
100000007487729100,terminal,1.0,3,0.450367,"Receives 25k KZT from 1 payer, forwards 0%; outflow was traced (hop 3) — possible final recipient.",3,False,1,0,25000.0,0.0,0.0,7,370.8578837359296,,True,True
100000007507343100,terminal,1.0,48,0.585732,"Receives 370k KZT from 1 payer, forwards 0%; outflow was traced (hop 1) — possible final recipient.",1,False,1,0,370000.0,0.0,0.0,1,467900.0402517295,,True,True
100000007510567100,cutoff,0.7,10,0.358783,Hop-4 node: onward transfers were not traced (export limit). Receives 52k KZT from 1 payer.,4,False,1,0,52000.0,0.0,,7,123.67312462805347,,False,True
100000007510875100,terminal,1.0,9,0.433975,"Receives 5k KZT from 1 payer, forwards 0%; outflow was traced (hop 3) — possible final recipient.",3,False,1,0,5000.0,0.0,0.0,1,454.12467499478225,,True,True
100000007511163100,peripheral,0.6,2,0.525932,"No role indicators: 2 payers, 3 recipients, 64k KZT in / 82k KZT out.",1,False,2,3,63666.0,82052.0,1.2887883642760658,7,16435.778365135906,,True,True
100000007511780100,cutoff,0.7,0,0.387342,Hop-4 node: onward transfers were not traced (export limit). Receives 155k KZT from 1 payer.,4,False,1,0,155000.0,0.0,,7,133.61944864903134,,False,True
100000007534354100,peripheral,0.6,11,0.252467,"No role indicators: 1 payer, 3 recipients, 50k KZT in / 148k KZT out.",2,False,1,3,50000.0,147810.0,2.9562,1,728.2163994333152,,True,True
100000007536804100,peripheral,0.6,9,0.417802,"No role indicators: 1 payer, 2 recipients, 100k KZT in / 55k KZT out.",1,False,1,2,100000.0,55000.0,0.55,1,100000.0,,True,True
100000007539296100,cutoff,0.7,0,0.381337,Hop-4 node: onward transfers were not traced (export limit). Receives 46k KZT from 1 payer.,4,False,1,0,46000.0,0.0,,7,110.35732342228081,,False,True
100000007544358100,transit,0.5736,2,0.718539,"In 322k KZT / out 350k KZT (ratio 1.09), 29% forwarded within 2 days — pattern consistent with transit.",1,False,2,1,322500.0,350000.0,1.0852713178294573,7,303786.7617461352,,True,True
100000007591246100,peripheral,0.6,2,0.363476,"No role indicators: 1 payer, 1 recipient, 12k KZT in / 120k KZT out.",3,False,1,1,12190.0,120000.0,9.844134536505333,7,198.02836974206812,,True,True
100000007593823100,distributor,0.6,0,0.56552,Fans out to 13 recipients (163k KZT) against 3 payers — pattern consistent with a distribution layer.,3,False,3,13,25000.0,162900.0,6.516,7,184.0741222134935,,True,True
100000007594394100,coordinator,0.875,20,0.871986,Money from 9 seeds converges here via 5 collector/transit accounts across 4 clusters — candidate upper-level node for review. Also matches: consolidator.,2,False,6,1,395385.0,3376312.0,8.539302199122375,9,7124.321284037761,consolidator,True,True
100000007597382100,terminal,1.0,4,0.378748,"Receives 16k KZT from 1 payer, forwards 0%; outflow was traced (hop 3) — possible final recipient.",3,False,1,0,15700.0,0.0,0.0,7,17.97463150499174,,True,True
100000007617808100,terminal,1.0,18,0.573588,"Receives 450k KZT from 1 payer, forwards 0%; outflow was traced (hop 2) — possible final recipient.",2,False,1,0,450000.0,0.0,0.0,7,97851.66942509296,,True,True
100000007618425100,terminal,1.0,4,0.424344,"Receives 39k KZT from 1 payer, forwards 0%; outflow was traced (hop 3) — possible final recipient.",3,False,1,0,39348.0,0.0,0.0,7,149.22247900658985,,True,True
100000007629096100,peripheral,0.6,0,0.51292,"No role indicators: 4 payers, 1 recipient, 1.1M KZT in / 765k KZT out.",2,False,4,1,1075170.0,765205.0,0.7117060557865268,7,23189.58464668413,,True,True
100000007629121100,terminal,1.0,5,0.681128,"Receives 29k KZT from 1 payer, forwards 0%; outflow was traced (hop 2) — possible final recipient.",2,False,1,0,29000.0,0.0,0.0,10,30728.54801333032,,True,True
100000007631637100,terminal,1.0,7,0.480594,"Receives 15k KZT from 1 payer, forwards 0%; outflow was traced (hop 1) — possible final recipient.",1,False,1,0,15341.0,0.0,0.0,1,15532.434116078013,,True,True
100000007639767100,peripheral,0.6,3,0.488032,"No role indicators: 4 payers, 10 recipients, 91k KZT in / 822k KZT out.",1,False,4,10,90913.0,822244.0,9.044295095310902,7,23735.720774058176,,True,True
100000007641183100,terminal,1.0,2,0.611355,"Receives 28k KZT from 1 payer, forwards 0%; outflow was traced (hop 1) — possible final recipient.",1,False,1,0,28000.0,0.0,0.0,7,28319.31628281471,,True,True
100000007641801100,terminal,1.0,9,0.560976,"Receives 200k KZT from 1 payer, forwards 0%; outflow was traced (hop 1) — possible final recipient.",1,False,1,0,200000.0,0.0,0.0,1,200000.0,,True,True
100000007647294100,terminal,1.0,17,0.474722,"Receives 385k KZT from 1 payer, forwards 0%; outflow was traced (hop 3) — possible final recipient.",3,False,1,0,385000.0,0.0,0.0,7,1085.3722080005643,,True,True
100000007648946100,peripheral,0.6,13,0.39833,"No role indicators: 1 payer, 1 recipient, 20k KZT in / 25k KZT out.",1,False,1,1,19550.0,25000.0,1.278772378516624,7,19741.783051548526,,True,True
100000007653003100,terminal,1.0,17,0.439357,"Receives 100k KZT from 1 payer, forwards 0%; outflow was traced (hop 3) — possible final recipient.",3,False,1,0,100000.0,0.0,0.0,7,247.67898737092804,,True,True
100000007653094100,cutoff,0.7,13,0.431848,Hop-4 node: onward transfers were not traced (export limit). Receives 16k KZT from 1 payer.,4,False,1,0,16000.0,0.0,,7,2696.365599434733,,False,True
100000007689942100,peripheral,0.6,3,0.278278,"No role indicators: 1 payer, 2 recipients, 5k KZT in / 25k KZT out.",3,False,1,2,5000.0,25000.0,5.0,7,104.1864166030006,,True,True
100000007731977100,cutoff,0.7,0,0.333628,Hop-4 node: onward transfers were not traced (export limit). Receives 50k KZT from 1 payer.,4,False,1,0,50000.0,0.0,,7,10.176244350317143,,False,True
100000007737775100,terminal,1.0,15,0.58889,"Receives 6k KZT from 1 payer, forwards 0%; outflow was traced (hop 3) — possible final recipient.",3,False,1,0,6000.0,0.0,0.0,8,517.6150020098848,,True,True
100000007745062100,cutoff,0.7,12,0.552422,Hop-4 node: onward transfers were not traced (export limit). Receives 100k KZT from 1 payer.,4,False,1,0,100000.0,0.0,,9,5489.723099038288,,False,True
100000007747786100,distributor,1.0,9,0.133689,Fans out to 31 recipients (4.2M KZT) against 0 payers — pattern consistent with a distribution layer.,0,True,0,31,0.0,4238009.4,,0,0.0,,True,False
100000007749092100,peripheral,0.6,2,0.399731,"No role indicators: 1 payer, 1 recipient, 8k KZT in / 70k KZT out.",2,False,1,1,7650.0,70375.0,9.199346405228757,7,854.0876804315086,,True,True
100000007749747100,cutoff,0.7,1,0.435985,Hop-4 node: onward transfers were not traced (export limit). Receives 50k KZT from 1 payer.,4,False,1,0,50000.0,0.0,,8,43.3916114307809,,False,True
100000007754369100,terminal,1.0,3,0.451702,"Receives 82k KZT from 1 payer, forwards 0%; outflow was traced (hop 3) — possible final recipient.",3,False,1,0,82424.0,0.0,0.0,7,402.91759179342137,,True,True
100000007777377100,terminal,0.7808,18,0.573921,"Receives 456k KZT from 1 payer, forwards 2%; outflow was traced (hop 2) — possible final recipient.",2,False,1,2,456290.0,10000.0,0.021915886826360427,7,99219.41831550148,,True,True
100000007793871100,terminal,1.0,10,0.505549,"Receives 26k KZT from 1 payer, forwards 0%; outflow was traced (hop 3) — possible final recipient.",3,False,1,0,26000.0,0.0,0.0,8,323.14706040932094,,True,True
100000007797290100,peripheral,0.6,17,0.362631,"No role indicators: 1 payer, 1 recipient, 100k KZT in / 20k KZT out.",2,False,1,1,100000.0,20000.0,0.2,7,3937.026507429244,,True,True
100000007811950100,cutoff,0.7,26,0.377355,Hop-4 node: onward transfers were not traced (export limit). Receives 50k KZT from 1 payer.,4,False,1,0,50000.0,0.0,,7,231.43935204862507,,False,True
100000007841978100,cutoff,0.7,4,0.397373,Hop-4 node: onward transfers were not traced (export limit). Receives 449k KZT from 1 payer.,4,False,1,0,449000.0,0.0,,7,496.8949987217128,,False,True
100000007861311100,terminal,1.0,9,0.51905,"Receives 45k KZT from 1 payer, forwards 0%; outflow was traced (hop 2) — possible final recipient.",2,False,1,0,45000.0,0.0,0.0,1,24090.037852884238,,True,True
100000007863304100,terminal,1.0,4,0.386477,"Receives 25k KZT from 1 payer, forwards 0%; outflow was traced (hop 3) — possible final recipient.",3,False,1,0,25000.0,0.0,0.0,7,28.622024689477296,,True,True
100000007864477100,peripheral,0.6,0,0.427533,"No role indicators: 2 payers, 6 recipients, 76k KZT in / 204k KZT out.",3,False,2,6,76000.0,203500.0,2.6776315789473686,7,861.253609945588,,True,True
100000007865484100,cutoff,0.7,35,0.297729,Hop-4 node: onward transfers were not traced (export limit). Receives 585k KZT from 1 payer.,4,False,1,0,584600.0,0.0,,7,2.7038733948451474,,False,True
100000007867364100,cutoff,0.7,20,0.439322,Hop-4 node: onward transfers were not traced (export limit). Receives 42k KZT from 1 payer.,4,False,1,0,41852.0,0.0,,7,313.3934713263313,,False,True
100000007898453100,peripheral,0.6,5,0.533561,"No role indicators: 1 payer, 2 recipients, 25k KZT in / 320k KZT out.",2,False,1,2,24750.0,320000.0,12.929292929292929,10,20832.010593232273,,True,True
100000007908818100,peripheral,0.6,5,0.676822,"No role indicators: 4 payers, 6 recipients, 727k KZT in / 302k KZT out.",1,False,4,6,727475.0,302000.0,0.4151345407058662,11,445405.33119125053,,True,True
100000007930878100,terminal,1.0,41,0.497164,"Receives 5k KZT from 1 payer, forwards 0%; outflow was traced (hop 2) — possible final recipient.",2,False,1,0,5000.0,0.0,0.0,1,5061.862393253792,,True,True
100000007938486100,terminal,1.0,7,0.508396,"Receives 40k KZT from 1 payer, forwards 0%; outflow was traced (hop 1) — possible final recipient.",1,False,1,0,39500.0,0.0,0.0,1,39992.90447722322,,True,True
100000007939160100,terminal,0.8201,41,0.586466,"Receives 795k KZT from 1 payer, forwards 2%; outflow was traced (hop 1) — possible final recipient.",1,False,1,2,795000.0,14300.0,0.017987421383647798,1,804836.1205273531,,True,True
100000007953156100,peripheral,0.6,16,0.432605,"No role indicators: 1 payer, 1 recipient, 18k KZT in / 10k KZT out.",2,False,1,1,18000.0,10000.0,0.5555555555555556,8,7083.465136459171,,True,True
100000007960337100,cutoff,0.7,14,0.385807,Hop-4 node: onward transfers were not traced (export limit). Receives 36k KZT from 1 payer.,4,False,1,0,35500.0,0.0,,7,12.381974713257428,,False,True
100000007982728100,peripheral,0.6,8,0.051189,"No role indicators: 0 payers, 8 recipients, 0 KZT in / 1.8M KZT out.",0,True,0,8,0.0,1804384.0,,0,0.0,,True,False
100000007982908100,terminal,1.0,19,0.380572,"Receives 31k KZT from 1 payer, forwards 0%; outflow was traced (hop 2) — possible final recipient.",2,False,1,0,31080.0,0.0,0.0,1,540.7675112527467,,True,True
100000007988344100,cutoff,0.7,3,0.344215,Hop-4 node: onward transfers were not traced (export limit). Receives 20k KZT from 1 payer.,4,False,1,0,20000.0,0.0,,7,68.57865613579965,,False,True
100000007997939100,cutoff,0.7,1,0.451799,Hop-4 node: onward transfers were not traced (export limit). Receives 13k KZT from 1 payer.,4,False,1,0,13000.0,0.0,,9,49.180194202309075,,False,True
100000007998965100,consolidator,0.5,10,0.760347,"Receives from 5 distinct payers, 278k KZT; forwards 9% — signs of consolidation.",2,False,5,1,278000.0,26000.0,0.09352517985611511,8,3461.615399110628,,True,True
100000007999728100,terminal,1.0,16,0.383863,"Receives 23k KZT from 1 payer, forwards 0%; outflow was traced (hop 3) — possible final recipient.",3,False,1,0,23250.0,0.0,0.0,7,24.60567069868301,,True,True
100000008002020100,peripheral,0.6,12,0.391568,"No role indicators: 1 payer, 1 recipient, 74k KZT in / 17k KZT out.",1,False,1,1,73860.0,17000.0,0.23016517736257786,1,73860.0,,True,True
100000008003034100,peripheral,0.6,2,0.452,"No role indicators: 1 payer, 4 recipients, 12k KZT in / 135k KZT out.",1,False,1,4,12201.0,135000.0,11.064666830587656,7,12340.142070236509,,True,True
100000008008463100,terminal,1.0,8,0.501257,"Receives 54k KZT from 1 payer, forwards 0%; outflow was traced (hop 2) — possible final recipient.",2,False,1,0,54180.0,0.0,0.0,1,13003.546761246966,,True,True
100000008011159100,peripheral,0.6,32,0.454146,"No role indicators: 3 payers, 5 recipients, 363k KZT in / 153k KZT out.",2,False,3,5,363000.0,153037.0,0.4215895316804408,7,7518.554675459114,,True,True
100000008011573100,terminal,1.0,4,0.399822,"Receives 15k KZT from 1 payer, forwards 0%; outflow was traced (hop 3) — possible final recipient.",3,False,1,0,15000.0,0.0,0.0,7,56.885665982994,,True,True
100000008027922100,cutoff,0.7,24,0.416168,Hop-4 node: onward transfers were not traced (export limit). Receives 70k KZT from 1 payer.,4,False,1,0,70000.0,0.0,,7,1143.9774713945596,,False,True
100000008028628100,terminal,1.0,7,0.519295,"Receives 57k KZT from 1 payer, forwards 0%; outflow was traced (hop 1) — possible final recipient.",1,False,1,0,57224.0,0.0,0.0,1,57938.075083661315,,True,True
100000008029279100,terminal,1.0,3,0.416114,"Receives 17k KZT from 1 payer, forwards 0%; outflow was traced (hop 3) — possible final recipient.",3,False,1,0,17000.0,0.0,0.0,7,113.61476417066608,,True,True
100000008038077100,terminal,1.0,4,0.461377,"Receives 500k KZT from 1 payer, forwards 0%; outflow was traced (hop 3) — possible final recipient.",3,False,1,0,499850.0,0.0,0.0,7,572.2687616414091,,True,True
100000008042075100,terminal,1.0,25,0.416203,"Receives 5k KZT from 1 payer, forwards 0%; outflow was traced (hop 3) — possible final recipient.",3,False,1,0,5000.0,0.0,0.0,1,159.7605845288502,,True,True
100000008043184100,terminal,1.0,17,0.418895,"Receives 51k KZT from 1 payer, forwards 0%; outflow was traced (hop 3) — possible final recipient.",3,False,1,0,50564.0,0.0,0.0,7,125.23640317423605,,True,True
100000008050986100,cutoff,0.7,4,0.337097,Hop-4 node: onward transfers were not traced (export limit). Receives 95k KZT from 1 payer.,4,False,1,0,95000.0,0.0,,7,50.858979233343895,,False,True
100000008055972100,terminal,1.0,6,0.3005,"Receives 28k KZT from 1 payer, forwards 0%; outflow was traced (hop 3) — possible final recipient.",3,False,1,0,28300.0,0.0,0.0,1,19.0252030804445,,True,True
100000008060273100,terminal,1.0,5,0.644495,"Receives 10k KZT from 1 payer, forwards 0%; outflow was traced (hop 2) — possible final recipient.",2,False,1,0,10000.0,0.0,0.0,11,6122.109416127607,,True,True
100000008066326100,terminal,1.0,0,0.558774,"Receives 19k KZT from 1 payer, forwards 0%; outflow was traced (hop 1) — possible final recipient.",1,False,1,0,19320.0,0.0,0.0,7,19509.52678035384,,True,True
100000008070101100,terminal,1.0,1,0.515447,"Receives 100k KZT from 1 payer, forwards 0%; outflow was traced (hop 3) — possible final recipient.",3,False,1,0,100000.0,0.0,0.0,8,107.05157633210436,,True,True
100000008071620100,terminal,1.0,0,0.585576,"Receives 47k KZT from 1 payer, forwards 0%; outflow was traced (hop 1) — possible final recipient.",1,False,1,0,46968.0,0.0,0.0,7,47428.75019770492,,True,True
100000008071749100,cutoff,0.7,10,0.341323,Hop-4 node: onward transfers were not traced (export limit). Receives 25k KZT from 1 payer.,4,False,1,0,24943.0,0.0,,7,59.32266822302958,,False,True
100000008074304100,cutoff,0.7,4,0.302511,Hop-4 node: onward transfers were not traced (export limit). Receives 6k KZT from 1 payer.,4,False,1,0,5500.0,0.0,,7,6.294642199689767,,False,True
100000008077552100,terminal,1.0,3,0.479726,"Receives 214k KZT from 1 payer, forwards 0%; outflow was traced (hop 3) — possible final recipient.",3,False,1,0,214000.0,0.0,0.0,7,1430.209384266032,,True,True
100000008086440100,peripheral,0.6,3,0.354847,"No role indicators: 1 payer, 5 recipients, 200k KZT in / 161k KZT out.",3,False,1,5,199733.0,161300.0,0.8075781167859092,7,2415.036960631267,,True,True
100000008088082100,peripheral,0.6,13,0.318815,"No role indicators: 1 payer, 1 recipient, 39k KZT in / 50k KZT out.",3,False,1,1,39138.0,50000.0,1.2775307884920026,7,427.84128958783486,,True,True
100000008094734100,terminal,1.0,0,0.75159,"Receives 236k KZT from 4 payers, forwards 0%; outflow was traced (hop 1) — possible final recipient.",1,False,4,0,236249.0,0.0,0.0,8,200275.89464217072,,True,True
100000008097580100,terminal,1.0,3,0.512622,"Receives 32k KZT from 2 payers, forwards 0%; outflow was traced (hop 3) — possible final recipient.",3,False,2,0,32000.0,0.0,0.0,7,312.3534211465621,,True,True
100000008104567100,peripheral,0.6,8,0.513109,"No role indicators: 3 payers, 3 recipients, 54k KZT in / 40k KZT out.",2,False,3,3,53550.0,40000.0,0.7469654528478058,7,7809.66777638464,,True,True
100000008106997100,peripheral,0.6,13,0.406426,"No role indicators: 2 payers, 1 recipient, 36k KZT in / 21k KZT out.",2,False,2,1,35600.0,20600.0,0.5786516853932584,7,1079.0642328639517,,True,True
100000008111003100,consolidator,0.6,0,0.760603,"Receives from 6 distinct payers, 223k KZT; forwards 16% — signs of consolidation.",2,False,6,1,222716.0,35000.0,0.15715081089818422,7,15960.653364429654,,True,True
100000008116374100,terminal,1.0,2,0.61369,"Receives 31k KZT from 1 payer, forwards 0%; outflow was traced (hop 1) — possible final recipient.",1,False,1,0,31284.0,0.0,0.0,7,31640.76752112769,,True,True
100000008117324100,peripheral,0.9,83,0.061431,Known seed; no transfers above the export threshold observed in the covered period.,0,True,0,0,0.0,0.0,,0,0.0,,True,False
100000008121806100,peripheral,0.6,14,0.353957,"No role indicators: 1 payer, 4 recipients, 67k KZT in / 249k KZT out.",3,False,1,4,67000.0,248509.0,3.709089552238806,7,111.65106400981544,,True,True
100000008129393100,terminal,1.0,49,0.512667,"Receives 10k KZT from 1 payer, forwards 0%; outflow was traced (hop 1) — possible final recipient.",1,False,1,0,10000.0,0.0,0.0,1,10000.0,,True,True
100000008130868100,cutoff,0.7,11,0.235274,Hop-4 node: onward transfers were not traced (export limit). Receives 23k KZT from 1 payer.,4,False,1,0,22782.0,0.0,,1,15.006895280434716,,False,True
100000008136608100,cutoff,0.7,10,0.410051,Hop-4 node: onward transfers were not traced (export limit). Receives 170k KZT from 1 payer.,4,False,1,0,170000.0,0.0,,7,864.0312570348942,,False,True
100000008137435100,peripheral,0.6,24,0.489944,"No role indicators: 2 payers, 6 recipients, 94k KZT in / 1.4M KZT out.",1,False,2,6,93906.0,1419700.0,15.118309799160864,7,44375.89092077582,,True,True
100000008141170100,terminal,1.0,2,0.563534,"Receives 11k KZT from 1 payer, forwards 0%; outflow was traced (hop 2) — possible final recipient.",2,False,1,0,11000.0,0.0,0.0,7,4097.587918217792,,True,True
100000008144528100,consolidator,0.5,2,0.822447,"Receives from 5 distinct payers, 1.1M KZT; forwards 0% — signs of consolidation. Also matches: terminal.",2,False,5,0,1068202.6,0.0,0.0,7,35832.7118523855,terminal,True,True
100000008151098100,cutoff,0.7,27,0.306515,Hop-4 node: onward transfers were not traced (export limit). Receives 30k KZT from 1 payer.,4,False,1,0,30000.0,0.0,,7,9.208425304591868,,False,True
100000008165763100,coordinator,1.0,5,0.942994,Money from 9 seeds converges here via 10 collector/transit accounts across 6 clusters — candidate upper-level node for review. Also matches: consolidator.,1,False,15,17,1165815.0,1267858.0,1.087529324978663,9,189244.80946909197,consolidator,True,True
100000008168850100,cutoff,0.7,4,0.371239,Hop-4 node: onward transfers were not traced (export limit). Receives 188k KZT from 1 payer.,4,False,1,0,187910.0,0.0,,7,186.33285391481658,,False,True
100000008169544100,peripheral,0.6,2,0.508161,"No role indicators: 1 payer, 4 recipients, 137k KZT in / 43k KZT out.",1,False,1,4,137104.0,42800.0,0.31217178200490137,7,138667.55498710816,,True,True
100000008172352100,peripheral,0.6,30,0.559929,"No role indicators: 3 payers, 7 recipients, 90k KZT in / 290k KZT out.",1,False,3,7,90265.0,289510.0,3.207333961114496,8,43109.998908024914,,True,True
100000008172721100,cutoff,0.7,3,0.3649,Hop-4 node: onward transfers were not traced (export limit). Receives 168k KZT from 1 payer.,4,False,1,0,168335.0,0.0,,7,152.5828483990237,,False,True
100000008173359100,terminal,1.0,2,0.57054,"Receives 6k KZT from 1 payer, forwards 0%; outflow was traced (hop 1) — possible final recipient.",1,False,1,0,6110.0,0.0,0.0,7,6179.679374571352,,True,True
100000008174521100,terminal,1.0,2,0.626813,"Receives 82k KZT from 1 payer, forwards 0%; outflow was traced (hop 2) — possible final recipient.",2,False,1,0,82110.0,0.0,0.0,7,49777.24883969219,,True,True
100000008175078100,cutoff,0.7,4,0.34833,Hop-4 node: onward transfers were not traced (export limit). Receives 1.8M KZT from 1 payer.,4,False,1,0,1846711.0,0.0,,7,85.44955283598776,,False,True
100000008183752100,cutoff,0.7,1,0.400065,Hop-4 node: onward transfers were not traced (export limit). Receives 140k KZT from 1 payer.,4,False,1,0,140000.0,0.0,,8,3.5135665839465604,,False,True
100000008188026100,peripheral,0.6,2,0.564299,"No role indicators: 2 payers, 4 recipients, 86k KZT in / 338k KZT out.",1,False,2,4,86468.0,337983.17,3.9087659018365173,7,64327.31458583939,,True,True
100000008190411100,cutoff,0.7,29,0.307404,Hop-4 node: onward transfers were not traced (export limit). Receives 198k KZT from 1 payer.,4,False,1,0,198450.0,0.0,,7,9.76369855021626,,False,True
100000008190442100,terminal,1.0,6,0.28671,"Receives 13k KZT from 1 payer, forwards 0%; outflow was traced (hop 3) — possible final recipient.",3,False,1,0,13000.0,0.0,0.0,1,8.739492581122917,,True,True
100000008192264100,peripheral,0.6,4,0.29635,"No role indicators: 1 payer, 1 recipient, 163k KZT in / 188k KZT out.",3,False,1,1,162810.0,187910.0,1.1541674344327744,7,186.39807358775198,,True,True
100000008193258100,peripheral,0.6,17,0.296016,"No role indicators: 1 payer, 1 recipient, 75k KZT in / 30k KZT out.",3,False,1,1,75000.0,30000.0,0.4,7,185.75924052819602,,True,True
100000008193577100,peripheral,0.6,40,0.506826,"No role indicators: 2 payers, 5 recipients, 154k KZT in / 480k KZT out.",1,False,2,5,154300.0,480180.0,3.1119896305897603,1,152161.45575175103,,True,True
100000008200810100,terminal,1.0,11,0.372342,"Receives 475k KZT from 1 payer, forwards 0%; outflow was traced (hop 3) — possible final recipient.",3,False,1,0,475000.0,0.0,0.0,2,152.34923609835332,,True,True
100000008205000100,peripheral,0.9,84,0.061431,Known seed; no transfers above the export threshold observed in the covered period.,0,True,0,0,0.0,0.0,,0,0.0,,True,False
100000008205937100,terminal,1.0,13,0.601902,"Receives 35k KZT from 1 payer, forwards 0%; outflow was traced (hop 2) — possible final recipient.",2,False,1,0,35000.0,0.0,0.0,10,10867.705104070015,,True,True
100000008213966100,peripheral,0.6,2,0.558861,"No role indicators: 3 payers, 1 recipient, 187k KZT in / 437k KZT out.",2,False,3,1,187004.0,436900.0,2.336313661739856,7,33657.61126490297,,True,True
100000008219168100,terminal,1.0,9,0.542071,"Receives 53k KZT from 1 payer, forwards 0%; outflow was traced (hop 1) — possible final recipient.",1,False,1,0,53200.0,0.0,0.0,1,53200.0,,True,True
100000008221543100,terminal,1.0,17,0.603036,"Receives 542k KZT from 2 payers, forwards 0%; outflow was traced (hop 1) — possible final recipient.",1,False,2,0,542000.0,0.0,0.0,7,21489.081809266558,,True,True
100000008221765100,cutoff,0.7,4,0.369904,Hop-4 node: onward transfers were not traced (export limit). Receives 156k KZT from 1 payer.,4,False,1,0,156354.0,0.0,,7,178.94408845278073,,False,True
100000008223661100,peripheral,0.6,1,0.477289,"No role indicators: 2 payers, 5 recipients, 202k KZT in / 263k KZT out.",3,False,2,5,202000.0,262580.0,1.29990099009901,8,299.7188137043522,,True,True
100000008223756100,terminal,1.0,14,0.5997,"Receives 332k KZT from 2 payers, forwards 0%; outflow was traced (hop 3) — possible final recipient.",3,False,2,0,331682.0,0.0,0.0,7,540.0659352345834,,True,True
100000008229700100,peripheral,0.6,12,0.361152,"No role indicators: 1 payer, 1 recipient, 24k KZT in / 7k KZT out.",1,False,1,1,23500.0,7200.0,0.30638297872340425,1,23500.0,,True,True
100000008232832100,peripheral,0.6,1,0.582004,"No role indicators: 1 payer, 1 recipient, 337k KZT in / 138k KZT out.",1,False,1,1,337000.0,138000.0,0.4094955489614243,10,1479369.2546036693,,True,True
100000008237827100,terminal,1.0,5,0.689802,"Receives 40k KZT from 1 payer, forwards 0%; outflow was traced (hop 1) — possible final recipient.",1,False,1,0,40001.0,0.0,0.0,10,42386.90571300389,,True,True
100000008238112100,terminal,1.0,4,0.43502,"Receives 190k KZT from 1 payer, forwards 0%; outflow was traced (hop 3) — possible final recipient.",3,False,1,0,190000.0,0.0,0.0,7,217.52738764002746,,True,True
100000008238989100,terminal,1.0,24,0.505694,"Receives 200k KZT from 1 payer, forwards 0%; outflow was traced (hop 2) — possible final recipient.",2,False,1,0,200000.0,0.0,0.0,7,6251.414702362161,,True,True
100000008244300100,consolidator,0.5,0,0.804698,"Receives from 5 distinct payers (1 seed), 65k KZT; forwards 0% — signs of consolidation. Also matches: terminal.",1,False,5,0,65430.0,0.0,0.0,8,9130.849664099935,terminal,True,True
100000008251939100,cutoff,0.7,10,0.353556,Hop-4 node: onward transfers were not traced (export limit). Receives 44k KZT from 1 payer.,4,False,1,0,44360.0,0.0,,7,105.5026886250087,,False,True
100000008254069100,peripheral,0.6,21,0.51639,"No role indicators: 1 payer, 5 recipients, 10k KZT in / 108k KZT out.",2,False,1,5,10200.0,107500.0,10.53921568627451,8,9767.85912684108,,True,True
100000008254576100,peripheral,0.6,17,0.247195,"No role indicators: 1 payer, 1 recipient, 8k KZT in / 60k KZT out.",3,False,1,1,8000.0,60000.0,7.5,7,22.553188737674063,,True,True
100000008255655100,cutoff,0.7,17,0.333984,Hop-4 node: onward transfers were not traced (export limit). Receives 5k KZT from 1 payer.,4,False,1,0,5400.0,0.0,,7,41.48428360000345,,False,True
100000008258083100,peripheral,0.6,11,0.433561,"No role indicators: 2 payers, 2 recipients, 3.1M KZT in / 2.0M KZT out.",2,False,2,2,3149500.0,2045650.0,0.6495157961581204,7,5207.888130315381,,True,True
100000008258458100,peripheral,0.6,2,0.363921,"No role indicators: 1 payer, 2 recipients, 19k KZT in / 1.6M KZT out.",3,False,1,2,19000.0,1557988.0,81.99936842105264,7,202.88338347908848,,True,True
100000008259451100,terminal,1.0,16,0.400879,"Receives 55k KZT from 1 payer, forwards 0%; outflow was traced (hop 3) — possible final recipient.",3,False,1,0,55000.0,0.0,0.0,7,58.2069629431211,,True,True
100000008279405100,terminal,1.0,3,0.482173,"Receives 235k KZT from 1 payer, forwards 0%; outflow was traced (hop 3) — possible final recipient.",3,False,1,0,234738.0,0.0,0.0,7,1568.8060301114008,,True,True
100000008283183100,terminal,1.0,19,0.379015,"Receives 29k KZT from 1 payer, forwards 0%; outflow was traced (hop 2) — possible final recipient.",2,False,1,0,29000.0,0.0,0.0,1,504.57715013930664,,True,True
100000008289539100,terminal,1.0,2,0.548855,"Receives 15k KZT from 1 payer, forwards 0%; outflow was traced (hop 2) — possible final recipient.",2,False,1,0,14912.0,0.0,0.0,7,1695.7139373604812,,True,True
100000008293431100,peripheral,0.6,3,0.270438,"No role indicators: 1 payer, 5 recipients, 15k KZT in / 297k KZT out.",3,False,1,5,15000.0,297000.0,19.8,7,73.32529211032372,,True,True
100000008295429100,terminal,1.0,4,0.451813,"Receives 352k KZT from 1 payer, forwards 0%; outflow was traced (hop 3) — possible final recipient.",3,False,1,0,352000.0,0.0,0.0,7,402.9981076278404,,True,True
100000008297199100,terminal,1.0,3,0.458597,"Receives 42k KZT from 1 payer, forwards 0%; outflow was traced (hop 3) — possible final recipient.",3,False,1,0,42268.0,0.0,0.0,7,511.07619798412077,,True,True
100000008304115100,terminal,1.0,12,0.519562,"Receives 51k KZT from 1 payer, forwards 0%; outflow was traced (hop 1) — possible final recipient.",1,False,1,0,51000.0,0.0,0.0,1,51000.0,,True,True
100000008304139100,distributor,0.9667,0,0.680145,Fans out to 24 recipients (1.7M KZT) against 4 payers — pattern consistent with a distribution layer.,1,False,4,24,189329.75,1692997.0,8.942054801213228,7,24168.091136691466,,True,True
100000008306857100,terminal,1.0,11,0.340981,"Receives 125k KZT from 1 payer, forwards 0%; outflow was traced (hop 3) — possible final recipient.",3,False,1,0,125000.0,0.0,0.0,2,40.09190423640876,,True,True
100000008308418100,cutoff,0.7,0,0.360318,Hop-4 node: onward transfers were not traced (export limit). Receives 50k KZT from 1 payer.,4,False,1,0,50000.0,0.0,,7,42.47475902741068,,False,True
100000008309514100,terminal,1.0,6,0.291326,"Receives 17k KZT from 1 payer, forwards 0%; outflow was traced (hop 3) — possible final recipient.",3,False,1,0,17200.0,0.0,0.0,1,11.563020953485704,,True,True
100000008314203100,peripheral,0.6,1,0.196729,"No role indicators: 2 payers, 2 recipients, 382k KZT in / 327k KZT out.",0,True,2,2,382076.0,327000.0,,9,0.0,,True,False
100000008314863100,terminal,1.0,5,0.642871,"Receives 12k KZT from 1 payer, forwards 0%; outflow was traced (hop 3) — possible final recipient.",3,False,1,0,12000.0,0.0,0.0,10,7288.907383535187,,True,True
100000008321975100,cutoff,0.7,18,0.337765,Hop-4 node: onward transfers were not traced (export limit). Receives 6k KZT from 1 payer.,4,False,1,0,5900.0,0.0,,7,51.316498536143584,,False,True
100000008324800100,transit,1.0,4,0.567349,"In 526k KZT / out 511k KZT (ratio 0.97), 100% forwarded within 2 days — pattern consistent with transit.",2,False,3,1,526500.0,511000.0,0.9705603038936372,7,2266.296701867184,,True,True
100000008327791100,cutoff,0.7,17,0.348107,Hop-4 node: onward transfers were not traced (export limit). Receives 11k KZT from 1 payer.,4,False,1,0,11000.0,0.0,,7,84.50502214815518,,False,True
100000008331280100,cutoff,0.7,27,0.312854,Hop-4 node: onward transfers were not traced (export limit). Receives 41k KZT from 1 payer.,4,False,1,0,41000.0,0.0,,7,12.584847916275555,,False,True
100000008332511100,terminal,1.0,2,0.664001,"Receives 100k KZT from 1 payer, forwards 0%; outflow was traced (hop 3) — possible final recipient.",3,False,1,0,100000.0,0.0,0.0,9,14610.642194570886,,True,True
100000008333492100,cutoff,0.7,1,0.431559,Hop-4 node: onward transfers were not traced (export limit). Receives 216k KZT from 1 payer.,4,False,1,0,216400.0,0.0,,9,16.476430958661812,,False,True
100000008335401100,terminal,1.0,1,0.625901,"Receives 150k KZT from 1 payer, forwards 0%; outflow was traced (hop 2) — possible final recipient.",2,False,1,0,150000.0,0.0,0.0,9,7518.675556137057,,True,True
100000008336318100,cutoff,0.7,1,0.396283,Hop-4 node: onward transfers were not traced (export limit). Receives 170k KZT from 1 payer.,4,False,1,0,170000.0,0.0,,8,0.8661901413101462,,False,True
100000008337304100,cutoff,0.7,3,0.350443,Hop-4 node: onward transfers were not traced (export limit). Receives 105k KZT from 1 payer.,4,False,1,0,105465.0,0.0,,7,95.59598483026723,,False,True
100000008343415100,cutoff,0.7,22,0.385919,Hop-4 node: onward transfers were not traced (export limit). Receives 100k KZT from 1 payer.,4,False,1,0,100000.0,0.0,,7,319.8185013604809,,False,True
100000008343874100,peripheral,0.6,22,0.402645,"No role indicators: 2 payers, 2 recipients, 284k KZT in / 176k KZT out.",3,False,2,2,283535.0,176400.0,0.6221454141464017,7,906.8869984439974,,True,True
100000008346837100,consolidator,0.9,13,0.731833,"Receives from 9 distinct payers, 254k KZT; forwards 495% — signs of consolidation.",2,False,9,25,254359.0,1258643.0,4.948293553599441,7,13774.653635723107,,True,True
100000008349675100,peripheral,0.6,9,0.402845,"No role indicators: 1 payer, 1 recipient, 47k KZT in / 37k KZT out.",1,False,1,1,46520.0,36650.0,0.7878331900257953,1,46520.0,,True,True
100000008349740100,cutoff,0.7,4,0.297952,Hop-4 node: onward transfers were not traced (export limit). Receives 70k KZT from 1 payer.,4,False,1,0,70000.0,0.0,,7,3.2389847131029943,,False,True
100000008352542100,terminal,1.0,15,0.692694,"Receives 50k KZT from 1 payer, forwards 0%; outflow was traced (hop 2) — possible final recipient.",2,False,1,0,50220.0,0.0,0.0,10,23002.631807525355,,True,True
100000008356606100,terminal,1.0,2,0.632351,"Receives 168k KZT from 2 payers, forwards 0%; outflow was traced (hop 2) — possible final recipient.",2,False,2,0,168500.0,0.0,0.0,7,4631.146813705046,,True,True
100000008376089100,terminal,1.0,11,0.435354,"Receives 135k KZT from 1 payer, forwards 0%; outflow was traced (hop 2) — possible final recipient.",2,False,1,0,135000.0,0.0,0.0,7,223.68373149835128,,True,True
100000008376785100,cutoff,0.7,4,0.36123,Hop-4 node: onward transfers were not traced (export limit). Receives 234k KZT from 1 payer.,4,False,1,0,234250.0,0.0,,7,133.56086267341743,,False,True
100000008379273100,transit,0.7222,10,0.495051,"In 36k KZT / out 38k KZT (ratio 1.06), 0% forwarded within 2 days — pattern consistent with transit.",3,False,2,4,36000.0,38000.0,1.0555555555555556,7,170.96852689019624,,True,True
100000008383405100,terminal,1.0,25,0.531973,"Receives 25k KZT from 1 payer, forwards 0%; outflow was traced (hop 1) — possible final recipient.",1,False,1,0,25000.0,0.0,0.0,1,25000.0,,True,True
100000008388049100,terminal,1.0,11,0.373121,"Receives 496k KZT from 1 payer, forwards 0%; outflow was traced (hop 3) — possible final recipient.",3,False,1,0,496400.0,0.0,0.0,2,159.21297010362647,,True,True
100000008389800100,peripheral,0.6,2,0.53206,"No role indicators: 3 payers, 7 recipients, 189k KZT in / 402k KZT out.",2,False,3,7,189000.0,401620.0,2.124973544973545,7,13263.80646155203,,True,True
100000008405209100,terminal,1.0,17,0.421675,"Receives 54k KZT from 1 payer, forwards 0%; outflow was traced (hop 3) — possible final recipient.",3,False,1,0,54400.0,0.0,0.0,7,134.73736912978487,,True,True
100000008406609100,terminal,1.0,21,0.678525,"Receives 34k KZT from 1 payer, forwards 0%; outflow was traced (hop 2) — possible final recipient.",2,False,1,0,34000.0,0.0,0.0,8,25933.41906526301,,True,True
100000008413748100,distributor,0.7667,4,0.598783,Fans out to 18 recipients (1.4M KZT) against 2 payers — pattern consistent with a distribution layer.,2,False,2,18,26480.0,1377320.22,52.01360347432024,7,5228.862808898892,,True,True
100000008416433100,terminal,1.0,16,0.381194,"Receives 20k KZT from 1 payer, forwards 0%; outflow was traced (hop 3) — possible final recipient.",3,False,1,0,20000.0,0.0,0.0,7,21.166168342953128,,True,True
100000008417029100,terminal,1.0,1,0.575745,"Receives 100k KZT from 1 payer, forwards 0%; outflow was traced (hop 3) — possible final recipient.",3,False,1,0,100000.0,0.0,0.0,9,548.408030912228,,True,True
100000008417359100,peripheral,0.6,17,0.277111,"No role indicators: 1 payer, 2 recipients, 41k KZT in / 111k KZT out.",3,False,1,2,40810.0,110760.0,2.714040676304827,7,101.07779474607574,,True,True
100000008418835100,peripheral,0.6,15,0.101511,"No role indicators: 1 payer, 4 recipients, 1.4M KZT in / 186k KZT out.",0,True,1,4,1372000.0,186179.0,,1,0.0,,True,False
100000008418934100,terminal,1.0,1,0.518583,"Receives 360k KZT from 1 payer, forwards 0%; outflow was traced (hop 2) — possible final recipient.",2,False,1,0,360000.0,0.0,0.0,1,41064.61993156585,,True,True
100000008422226100,terminal,1.0,0,0.431661,"Receives 87k KZT from 1 payer, forwards 0%; outflow was traced (hop 3) — possible final recipient.",3,False,1,0,87450.0,0.0,0.0,7,74.35709939206095,,True,True
100000008427027100,terminal,1.0,5,0.666114,"Receives 300k KZT from 1 payer, forwards 0%; outflow was traced (hop 3) — possible final recipient.",3,False,1,0,300000.0,0.0,0.0,10,19504.23132675493,,True,True
100000008430691100,peripheral,0.6,2,0.39417,"No role indicators: 1 payer, 2 recipients, 20k KZT in / 605k KZT out.",3,False,1,2,20000.0,604900.0,30.245,7,654.0918603505086,,True,True
100000008432942100,terminal,1.0,0,0.417983,"Receives 45k KZT from 1 payer, forwards 0%; outflow was traced (hop 3) — possible final recipient.",3,False,1,0,44542.0,0.0,0.0,7,37.873229515393696,,True,True
100000008436257100,terminal,1.0,17,0.505394,"Receives 35k KZT from 2 payers, forwards 0%; outflow was traced (hop 3) — possible final recipient.",3,False,2,0,35000.0,0.0,0.0,7,237.72937049621407,,True,True
100000008438656100,peripheral,0.6,5,0.63107,"No role indicators: 2 payers, 1 recipient, 80k KZT in / 5k KZT out.",1,False,2,1,80000.0,5000.0,0.0625,10,58309.160366611286,,True,True
100000008443341100,peripheral,0.6,12,0.516056,"No role indicators: 2 payers, 3 recipients, 34k KZT in / 50k KZT out.",1,False,2,3,34500.0,50000.0,1.4492753623188406,7,30666.72059453603,,True,True
100000008454065100,terminal,1.0,16,0.384753,"Receives 24k KZT from 1 payer, forwards 0%; outflow was traced (hop 3) — possible final recipient.",3,False,1,0,24050.0,0.0,0.0,7,25.452317432401138,,True,True
100000008459449100,terminal,1.0,3,0.463712,"Receives 54k KZT from 1 payer, forwards 0%; outflow was traced (hop 3) — possible final recipient.",3,False,1,0,53700.0,0.0,0.0,7,649.3042450966992,,True,True
100000008460102100,distributor,1.0,8,0.391521,Fans out to 31 recipients (477k KZT) against 1 payer — pattern consistent with a distribution layer.,3,False,1,31,17500.0,476570.0,27.23257142857143,1,23.05114974293444,,True,True
100000008461217100,cutoff,0.7,5,0.510363,Hop-4 node: onward transfers were not traced (export limit). Receives 18k KZT from 1 payer.,4,False,1,0,18000.0,0.0,,10,229.82709720016177,,False,True
100000008461532100,peripheral,0.6,27,0.400532,"No role indicators: 2 payers, 8 recipients, 565k KZT in / 2.5M KZT out.",2,False,2,8,565300.0,2530090.0,4.475658942154608,7,813.7820827543622,,True,True
100000008463968100,terminal,1.0,6,0.28393,"Receives 10k KZT from 1 payer, forwards 0%; outflow was traced (hop 3) — possible final recipient.",3,False,1,0,10000.0,0.0,0.0,1,6.7226866008637804,,True,True
100000008465789100,distributor,0.7,1,0.506524,Fans out to 16 recipients (1.9M KZT) against 1 payer — pattern consistent with a distribution layer.,3,False,1,16,30099.0,1858100.0,61.732947938469714,8,15.771717897531799,,True,True
100000008466579100,distributor,0.7333,1,0.702453,Fans out to 17 recipients (1.9M KZT) against 2 payers — pattern consistent with a distribution layer.,2,False,2,17,36952.0,1933000.0,52.31110630006495,8,6001.311994635919,,True,True
100000008468762100,terminal,1.0,1,0.556795,"Receives 170k KZT from 2 payers, forwards 0%; outflow was traced (hop 3) — possible final recipient.",3,False,2,0,170000.0,0.0,0.0,8,32.9540762533777,,True,True
100000008469048100,cutoff,0.7,3,0.420839,Hop-4 node: onward transfers were not traced (export limit). Receives 265k KZT from 1 payer.,4,False,1,0,265200.0,0.0,,7,1500.8948883537205,,False,True
100000008470470100,terminal,1.0,7,0.503726,"Receives 34k KZT from 1 payer, forwards 0%; outflow was traced (hop 1) — possible final recipient.",1,False,1,0,33547.0,0.0,0.0,1,33965.619404997655,,True,True
100000008471634100,cutoff,0.7,26,0.37869,Hop-4 node: onward transfers were not traced (export limit). Receives 20k KZT from 1 payer.,4,False,1,0,20000.0,0.0,,7,241.40963315364445,,False,True
100000008472324100,terminal,1.0,4,0.438356,"Receives 205k KZT from 1 payer, forwards 0%; outflow was traced (hop 3) — possible final recipient.",3,False,1,0,205200.0,0.0,0.0,7,234.92957865122966,,True,True
100000008473207100,terminal,1.0,5,0.716226,"Receives 202k KZT from 1 payer, forwards 0%; outflow was traced (hop 2) — possible final recipient.",2,False,1,0,202000.0,0.0,0.0,11,123666.61020577769,,True,True
100000008473765100,terminal,1.0,3,0.433463,"Receives 30k KZT from 1 payer, forwards 0%; outflow was traced (hop 3) — possible final recipient.",3,False,1,0,30000.0,0.0,0.0,7,200.4966426541166,,True,True
100000008474308100,peripheral,0.6,12,0.414322,"No role indicators: 1 payer, 1 recipient, 14k KZT in / 10k KZT out.",2,False,1,1,14000.0,10000.0,0.7142857142857143,7,8586.600399667519,,True,True
100000008474391100,terminal,1.0,24,0.464491,"Receives 20k KZT from 1 payer, forwards 0%; outflow was traced (hop 3) — possible final recipient.",3,False,1,0,20000.0,0.0,0.0,7,675.3586848304612,,True,True
100000008477350100,consolidator,1.0,3,0.763794,"Receives from 11 distinct payers, 610k KZT; forwards 553% — signs of consolidation. Also matches: distributor.",2,False,11,39,610100.0,3374866.0,5.531660383543682,7,41200.101939280845,distributor,True,True
100000008478414100,terminal,1.0,19,0.349933,"Receives 10k KZT from 1 payer, forwards 0%; outflow was traced (hop 2) — possible final recipient.",2,False,1,0,10000.0,0.0,0.0,1,173.99212073769195,,True,True
100000008486520100,peripheral,0.6,2,0.482249,"No role indicators: 1 payer, 1 recipient, 36k KZT in / 14k KZT out.",1,False,1,1,35720.0,14000.0,0.3919372900335946,7,36127.3563436479,,True,True
100000008488166100,terminal,1.0,6,0.28026,"Receives 6k KZT from 1 payer, forwards 0%; outflow was traced (hop 3) — possible final recipient.",3,False,1,0,5600.0,0.0,0.0,1,3.7647044964837173,,True,True
100000008489604100,terminal,1.0,6,0.284709,"Receives 11k KZT from 1 payer, forwards 0%; outflow was traced (hop 3) — possible final recipient.",3,False,1,0,11000.0,0.0,0.0,1,7.39495526095016,,True,True
100000008489922100,distributor,1.0,1,0.700463,Fans out to 36 recipients (3.8M KZT) against 3 payers — pattern consistent with a distribution layer.,3,False,3,36,262010.0,3789900.0,14.464715087210411,8,2504.650411912409,,True,True
100000008490127100,peripheral,0.6,4,0.322262,"No role indicators: 1 payer, 6 recipients, 432k KZT in / 923k KZT out.",3,False,1,6,431755.0,923000.0,2.137786476126507,7,494.30809079221086,,True,True
100000008491390100,terminal,1.0,0,0.413312,"Receives 36k KZT from 1 payer, forwards 0%; outflow was traced (hop 3) — possible final recipient.",3,False,1,0,36000.0,0.0,0.0,7,30.610126679407596,,True,True
100000008493007100,transit,1.0,66,0.298554,"In 26k KZT / out 26k KZT (ratio 1.00), 100% forwarded within 2 days — pattern consistent with transit.",3,False,1,1,26150.0,26150.0,1.0,1,17.579825461258785,,True,True
100000008497298100,terminal,1.0,1,0.530927,"Receives 600k KZT from 1 payer, forwards 0%; outflow was traced (hop 2) — possible final recipient.",2,False,1,0,600000.0,0.0,0.0,1,68441.03321927642,,True,True
100000008501413100,transit,1.0,15,0.567983,"In 5k KZT / out 5k KZT (ratio 1.02), 100% forwarded within 2 days — pattern consistent with transit.",3,False,1,1,5000.0,5100.0,1.02,8,232.12089722352124,,True,True
100000008502995100,terminal,1.0,18,0.530883,"Receives 25k KZT from 1 payer, forwards 0%; outflow was traced (hop 3) — possible final recipient.",3,False,1,0,25000.0,0.0,0.0,7,17991.2681160005,,True,True
100000008503177100,terminal,1.0,3,0.436243,"Receives 34k KZT from 1 payer, forwards 0%; outflow was traced (hop 3) — possible final recipient.",3,False,1,0,33951.0,0.0,0.0,7,226.9020504916638,,True,True
100000008507703100,terminal,1.0,6,0.300723,"Receives 28k KZT from 1 payer, forwards 0%; outflow was traced (hop 3) — possible final recipient.",3,False,1,0,28500.0,0.0,0.0,1,19.159656812461776,,True,True
100000008512552100,peripheral,0.6,17,0.465234,"No role indicators: 4 payers, 6 recipients, 394k KZT in / 1.3M KZT out.",2,False,4,6,394360.0,1302275.0,3.3022492139162187,7,10033.86427358121,,True,True
100000008512827100,distributor,0.5,1,0.732402,Fans out to 10 recipients (1.9M KZT) against 3 payers — pattern consistent with a distribution layer.,2,False,3,10,107949.0,1944500.0,18.01313583266172,9,6948.192263505371,,True,True
100000008513251100,peripheral,0.9,85,0.061431,Known seed; no transfers above the export threshold observed in the covered period.,0,True,0,0,0.0,0.0,,0,0.0,,True,False
100000008514970100,peripheral,0.6,22,0.25458,"No role indicators: 1 payer, 1 recipient, 380k KZT in / 31k KZT out.",3,False,1,1,379966.0,31000.0,0.0815862471905381,1,819.1762510055148,,True,True
100000008516839100,peripheral,0.6,21,0.225127,"No role indicators: 3 payers, 0 recipients, 155k KZT in / 0 KZT out.",0,True,3,0,155000.0,0.0,,10,0.0,,True,False
100000008517061100,cutoff,0.7,16,0.370127,Hop-4 node: onward transfers were not traced (export limit). Receives 1.8M KZT from 1 payer.,4,False,1,0,1844000.0,0.0,,7,180.9774390639141,,False,True
100000008517538100,distributor,0.7333,1,0.643968,Fans out to 17 recipients (1.4M KZT) against 3 payers — pattern consistent with a distribution layer.,3,False,3,17,155500.0,1439000.0,9.254019292604502,8,204.20477542821826,,True,True
100000008522127100,peripheral,0.9,1,0.043393,"No role indicators: 0 payers, 1 recipient, 0 KZT in / 145k KZT out.",0,True,0,1,0.0,145000.0,,0,0.0,,True,False
100000008524903100,cutoff,0.7,0,0.335518,Hop-4 node: onward transfers were not traced (export limit). Receives 15k KZT from 1 payer.,4,False,1,0,15000.0,0.0,,7,11.308904591048092,,False,True
100000008525136100,cutoff,0.7,0,0.351421,Hop-4 node: onward transfers were not traced (export limit). Receives 14k KZT from 1 payer.,4,False,1,0,14100.0,0.0,,7,26.725949387934005,,False,True
100000008531133100,peripheral,0.6,2,0.47224,"No role indicators: 1 payer, 3 recipients, 25k KZT in / 158k KZT out.",2,False,1,3,25000.0,158271.68,6.3308672,7,25284.58931707027,,True,True
100000008531186100,terminal,1.0,5,0.65486,"Receives 125k KZT from 1 payer, forwards 0%; outflow was traced (hop 2) — possible final recipient.",2,False,1,0,125000.0,0.0,0.0,9,18653.031123566707,,True,True
100000008532050100,terminal,1.0,4,0.459041,"Receives 455k KZT from 1 payer, forwards 0%; outflow was traced (hop 3) — possible final recipient.",3,False,1,0,455156.0,0.0,0.0,7,521.0994507825491,,True,True
100000008536546100,terminal,1.0,1,0.575701,"Receives 250k KZT from 2 payers, forwards 0%; outflow was traced (hop 3) — possible final recipient.",3,False,2,0,250000.0,0.0,0.0,8,79.8871040894858,,True,True
100000008537380100,terminal,1.0,6,0.282151,"Receives 8k KZT from 1 payer, forwards 0%; outflow was traced (hop 3) — possible final recipient.",3,False,1,0,8000.0,0.0,0.0,1,5.378149280691026,,True,True
100000008545727100,peripheral,0.6,1,0.46143,"No role indicators: 1 payer, 6 recipients, 30k KZT in / 1.9M KZT out.",2,False,1,6,30000.0,1866500.0,62.21666666666667,9,1503.7351112274116,,True,True
100000008546855100,consolidator,0.6,3,0.688005,"Receives from 6 distinct payers, 72k KZT; forwards 14% — signs of consolidation.",2,False,6,2,71790.0,10000.0,0.1392951664577239,7,1530.278659878179,,True,True
100000008547295100,terminal,1.0,8,0.45655,"Receives 15k KZT from 1 payer, forwards 0%; outflow was traced (hop 3) — possible final recipient.",3,False,1,0,15000.0,0.0,0.0,1,1223.060043547171,,True,True
100000008547844100,distributor,0.8,1,0.684115,Fans out to 19 recipients (2.0M KZT) against 3 payers — pattern consistent with a distribution layer.,2,False,3,19,177600.0,2042199.0,11.498868243243244,8,1071.2172648833118,,True,True
100000008547948100,consolidator,0.6,1,0.81147,"Receives from 6 distinct payers, 213k KZT; forwards 999% — signs of consolidation. Also matches: distributor.",2,False,6,26,212665.0,5185600.0,24.383890155878966,8,5765.50752735695,distributor,True,True
100000008548853100,terminal,1.0,6,0.287767,"Receives 14k KZT from 1 payer, forwards 0%; outflow was traced (hop 3) — possible final recipient.",3,False,1,0,14000.0,0.0,0.0,1,9.411761241209295,,True,True
100000008551752100,cutoff,0.7,35,0.296839,Hop-4 node: onward transfers were not traced (export limit). Receives 406k KZT from 1 payer.,4,False,1,0,406000.0,0.0,,7,1.8778183344288912,,False,True
100000008554390100,cutoff,0.7,8,0.272662,Hop-4 node: onward transfers were not traced (export limit). Receives 14k KZT from 1 payer.,4,False,1,0,14000.0,0.0,,1,0.6771641026524585,,False,True
100000008555233100,terminal,1.0,1,0.605216,"Receives 441k KZT from 1 payer, forwards 0%; outflow was traced (hop 3) — possible final recipient.",3,False,1,0,440600.0,0.0,0.0,9,2392.6272299710017,,True,True
100000008555918100,peripheral,0.6,5,0.576933,"No role indicators: 1 payer, 2 recipients, 139k KZT in / 43k KZT out.",1,False,1,2,139211.0,43300.0,0.3110386391879952,10,147514.4004203141,,True,True
100000008556318100,terminal,1.0,5,0.77708,"Receives 180k KZT from 2 payers, forwards 0%; outflow was traced (hop 1) — possible final recipient.",1,False,2,0,180132.0,0.0,0.0,10,123795.38714471598,,True,True
100000008557672100,terminal,1.0,19,0.390358,"Receives 49k KZT from 1 payer, forwards 0%; outflow was traced (hop 2) — possible final recipient.",2,False,1,0,49125.0,0.0,0.0,1,854.7362931239118,,True,True
100000008560263100,cutoff,0.7,4,0.338988,Hop-4 node: onward transfers were not traced (export limit). Receives 100k KZT from 1 payer.,4,False,1,0,100000.0,0.0,,7,53.53576761404621,,False,True
100000008560717100,consolidator,0.7,4,0.766419,"Receives from 7 distinct payers (1 seed), 529k KZT; forwards 5% — signs of consolidation. Also matches: terminal.",1,False,7,1,529000.0,25000.0,0.04725897920604915,7,46747.90679322311,terminal,True,True
100000008561016100,transit,1.0,1,0.551613,"In 180k KZT / out 185k KZT (ratio 1.03), 100% forwarded within 2 days — pattern consistent with transit.",3,False,1,1,180000.0,185000.0,1.0277777777777777,9,226.78034163513823,,True,True
100000008566737100,terminal,1.0,3,0.726323,"Receives 230k KZT from 2 payers, forwards 0%; outflow was traced (hop 1) — possible final recipient.",1,False,2,0,230000.0,0.0,0.0,10,112072.32350784486,,True,True
100000008568512100,terminal,1.0,4,0.436577,"Receives 200k KZT from 1 payer, forwards 0%; outflow was traced (hop 3) — possible final recipient.",3,False,1,0,199640.0,0.0,0.0,7,228.56404036028994,,True,True
100000008571243100,terminal,1.0,1,0.529704,"Receives 134k KZT from 1 payer, forwards 0%; outflow was traced (hop 3) — possible final recipient.",3,False,1,0,134000.0,0.0,0.0,9,107.83541255590895,,True,True
100000008571433100,peripheral,0.6,48,0.123698,"No role indicators: 2 payers, 2 recipients, 350k KZT in / 1.4M KZT out.",0,True,2,2,350000.0,1434000.0,,0,0.0,,True,False
100000008571443100,terminal,1.0,13,0.540314,"Receives 65k KZT from 2 payers, forwards 0%; outflow was traced (hop 2) — possible final recipient.",2,False,2,0,65000.0,0.0,0.0,7,1030.569180651847,,True,True
100000008575624100,peripheral,0.6,64,0.061109,"No role indicators: 0 payers, 3 recipients, 0 KZT in / 90k KZT out.",0,True,0,3,0.0,89500.0,,0,0.0,,True,False
100000008576243100,terminal,1.0,0,0.636955,"Receives 83k KZT from 2 payers, forwards 0%; outflow was traced (hop 3) — possible final recipient.",3,False,2,0,82920.0,0.0,0.0,8,1876.677499979615,,True,True
100000008576528100,terminal,1.0,4,0.388089,"Receives 28k KZT from 1 payer, forwards 0%; outflow was traced (hop 3) — possible final recipient.",3,False,1,0,28000.0,0.0,0.0,7,32.05666765221457,,True,True
100000008579978100,peripheral,0.6,4,0.257871,"No role indicators: 1 payer, 1 recipient, 34k KZT in / 77k KZT out.",3,False,1,1,34000.0,77000.0,2.264705882352941,7,38.92595357768912,,True,True
100000008582730100,transit,1.0,3,0.413278,"In 5k KZT / out 5k KZT (ratio 1.00), 100% forwarded within 2 days — pattern consistent with transit.",3,False,1,1,5000.0,5000.0,1.0,7,104.1864166030006,,True,True
100000008583360100,peripheral,0.6,10,0.335385,"No role indicators: 1 payer, 1 recipient, 113k KZT in / 170k KZT out.",3,False,1,1,112843.0,170000.0,1.5065179054083992,7,870.3153232033568,,True,True
100000008583971100,cutoff,0.7,3,0.379001,Hop-4 node: onward transfers were not traced (export limit). Receives 51k KZT from 2 payers.,4,False,2,0,51000.0,0.0,,7,12.112560622388552,,False,True
100000008586731100,terminal,1.0,12,0.478025,"Receives 12k KZT from 1 payer, forwards 0%; outflow was traced (hop 1) — possible final recipient.",1,False,1,0,12000.0,0.0,0.0,1,12000.0,,True,True
100000008587459100,peripheral,0.6,0,0.42631,"No role indicators: 2 payers, 2 recipients, 182k KZT in / 686k KZT out.",2,False,2,2,181507.0,686500.0,3.782223275135394,7,811.9700726855397,,True,True
100000008588665100,cutoff,0.7,5,0.434451,Hop-4 node: onward transfers were not traced (export limit). Receives 25k KZT from 1 payer.,4,False,1,0,25000.0,0.0,,7,302.2216324232776,,False,True
100000008595687100,peripheral,0.6,2,0.395616,"No role indicators: 1 payer, 1 recipient, 64k KZT in / 10k KZT out.",3,False,1,1,64395.0,10400.0,0.161503222299868,7,687.6144989018896,,True,True
100000008596924100,terminal,1.0,8,0.475901,"Receives 100k KZT from 1 payer, forwards 0%; outflow was traced (hop 3) — possible final recipient.",3,False,1,0,100000.0,0.0,0.0,1,3789.574739536914,,True,True
100000008598972100,terminal,1.0,22,0.361444,"Receives 120k KZT from 1 payer, forwards 0%; outflow was traced (hop 3) — possible final recipient.",3,False,1,0,120000.0,0.0,0.0,1,258.71038493091953,,True,True
100000008599354100,peripheral,0.6,3,0.3524,"No role indicators: 1 payer, 1 recipient, 177k KZT in / 38k KZT out.",3,False,1,1,177000.0,38200.0,0.21581920903954802,7,2140.1648302069975,,True,True
100000008601794100,peripheral,0.6,43,0.123342,"No role indicators: 2 payers, 1 recipient, 494k KZT in / 871k KZT out.",0,True,2,1,494400.0,871400.0,,0,0.0,,True,False
100000008603331100,peripheral,0.6,29,0.422551,"No role indicators: 2 payers, 6 recipients, 40k KZT in / 742k KZT out.",2,False,2,6,39500.0,741774.0,18.779088607594936,7,2559.9505914386386,,True,True
100000008603629100,consolidator,1.0,3,0.757945,"Receives from 19 distinct payers, 1.8M KZT; forwards 274% — signs of consolidation. Also matches: distributor.",2,False,19,61,1817300.0,4986156.0,2.7437165025037142,7,33466.99046772998,distributor,True,True
100000008612257100,terminal,1.0,4,0.390758,"Receives 10k KZT from 1 payer, forwards 0%; outflow was traced (hop 3) — possible final recipient.",3,False,1,0,9500.0,0.0,0.0,7,36.0275884558962,,True,True
100000008619159100,cutoff,0.7,2,0.406003,Hop-4 node: onward transfers were not traced (export limit). Receives 446k KZT from 1 payer.,4,False,1,0,446400.0,0.0,,7,58.030468028707276,,False,True
100000008619857100,peripheral,0.6,0,0.274976,"No role indicators: 1 payer, 2 recipients, 29k KZT in / 13k KZT out.",3,False,1,2,29000.0,13000.0,0.4482758620689655,7,24.658157602856118,,True,True
100000008620570100,peripheral,0.6,13,0.414433,"No role indicators: 2 payers, 2 recipients, 145k KZT in / 32k KZT out.",3,False,2,2,145000.0,31800.0,0.2193103448275862,7,1587.7515845100572,,True,True
100000008624978100,terminal,1.0,1,0.625434,"Receives 109k KZT from 1 payer, forwards 0%; outflow was traced (hop 2) — possible final recipient.",2,False,1,0,109000.0,0.0,0.0,8,13869.801939941515,,True,True
100000008625905100,peripheral,0.6,2,0.416524,"No role indicators: 1 payer, 2 recipients, 198k KZT in / 635k KZT out.",3,False,1,2,197800.0,635000.0,3.210313447927199,7,2009.4205605273548,,True,True
100000008628231100,peripheral,0.6,5,0.561475,"No role indicators: 1 payer, 2 recipients, 50k KZT in / 628k KZT out.",1,False,1,2,50000.0,627870.0,12.5574,10,52982.307583565285,,True,True
100000008628818100,cutoff,0.7,10,0.355225,Hop-4 node: onward transfers were not traced (export limit). Receives 46k KZT from 1 payer.,4,False,1,0,46310.0,0.0,,7,110.14043079856071,,False,True
100000008629504100,cutoff,0.7,3,0.300398,Hop-4 node: onward transfers were not traced (export limit). Receives 20k KZT from 1 payer.,4,False,1,0,20000.0,0.0,,7,4.93689343265939,,False,True
100000008629581100,terminal,1.0,5,0.618694,"Receives 54k KZT from 1 payer, forwards 0%; outflow was traced (hop 2) — possible final recipient.",2,False,1,0,54184.0,0.0,0.0,8,7361.315979130603,,True,True
100000008631800100,cutoff,0.7,8,0.272218,Hop-4 node: onward transfers were not traced (export limit). Receives 13k KZT from 1 payer.,4,False,1,0,12850.0,0.0,,1,0.6215399085060066,,False,True
100000008632060100,peripheral,0.6,0,0.251177,"No role indicators: 1 payer, 9 recipients, 6k KZT in / 339k KZT out.",3,False,1,9,6000.0,339200.0,56.53333333333333,7,4.701427150143079,,True,True
100000008633099100,peripheral,0.6,20,0.315945,"No role indicators: 1 payer, 1 recipient, 19k KZT in / 14k KZT out.",3,False,1,1,19468.0,13500.0,0.6934456544072324,7,51.0558266205974,,True,True
100000008634520100,terminal,1.0,1,0.496653,"Receives 90k KZT from 1 payer, forwards 0%; outflow was traced (hop 3) — possible final recipient.",3,False,1,0,90000.0,0.0,0.0,8,47.15952725266161,,True,True
100000008636603100,peripheral,0.6,2,0.517035,"No role indicators: 2 payers, 6 recipients, 35k KZT in / 159k KZT out.",2,False,2,6,35460.0,159375.0,4.494500846023689,7,11636.252263627384,,True,True
100000008637537100,peripheral,0.6,1,0.202685,"No role indicators: 3 payers, 3 recipients, 620k KZT in / 2.4M KZT out.",0,True,3,3,619890.0,2351495.0,,9,0.0,,True,False
100000008638859100,cutoff,0.7,20,0.471506,Hop-4 node: onward transfers were not traced (export limit). Receives 34k KZT from 1 payer.,4,False,1,0,34000.0,0.0,,9,70.73048192918186,,False,True
100000008647905100,peripheral,0.6,20,0.416924,"No role indicators: 1 payer, 2 recipients, 50k KZT in / 344k KZT out.",2,False,1,2,50000.0,344222.0,6.88444,7,4143.024495683893,,True,True
100000008648783100,cutoff,0.7,8,0.269993,Hop-4 node: onward transfers were not traced (export limit). Receives 5k KZT from 1 payer.,4,False,1,0,5200.0,0.0,,1,0.2515180952709132,,False,True
100000008649416100,cutoff,0.7,4,0.319526,Hop-4 node: onward transfers were not traced (export limit). Receives 5k KZT from 1 payer.,4,False,1,0,5000.0,0.0,,7,18.956000224218297,,False,True
100000008650785100,peripheral,0.6,2,0.2012,"No role indicators: 2 payers, 2 recipients, 92k KZT in / 120k KZT out.",0,True,2,2,92000.0,120120.0,,8,0.0,,True,False
100000008652094100,terminal,1.0,0,0.412645,"Receives 35k KZT from 1 payer, forwards 0%; outflow was traced (hop 3) — possible final recipient.",3,False,1,0,35000.0,0.0,0.0,7,29.75984538275738,,True,True
100000008653041100,terminal,1.0,6,0.300278,"Receives 28k KZT from 1 payer, forwards 0%; outflow was traced (hop 3) — possible final recipient.",3,False,1,0,28000.0,0.0,0.0,1,18.82352248241859,,True,True
100000008654653100,peripheral,0.9,2,0.054937,"No role indicators: 0 payers, 1 recipient, 0 KZT in / 54k KZT out.",0,True,0,1,0.0,54000.0,,0,0.0,,True,False
100000008655035100,terminal,1.0,9,0.552024,"Receives 30k KZT from 1 payer, forwards 0%; outflow was traced (hop 2) — possible final recipient.",2,False,1,0,30000.0,0.0,0.0,2,30000.0,,True,True
100000008655779100,peripheral,0.6,23,0.320705,"No role indicators: 1 payer, 2 recipients, 47k KZT in / 25k KZT out.",3,False,1,2,47000.0,24704.0,0.5256170212765957,7,457.99020494398235,,True,True
100000008656043100,terminal,1.0,19,0.376346,"Receives 26k KZT from 1 payer, forwards 0%; outflow was traced (hop 2) — possible final recipient.",2,False,1,0,26200.0,0.0,0.0,1,455.85935633275295,,True,True
100000008659445100,peripheral,0.6,40,0.129297,"No role indicators: 3 payers, 4 recipients, 138k KZT in / 875k KZT out.",0,True,3,4,138490.0,875150.0,,0,0.0,,True,False
100000008659950100,terminal,1.0,1,0.521786,"Receives 246k KZT from 1 payer, forwards 0%; outflow was traced (hop 3) — possible final recipient.",3,False,1,0,246000.0,0.0,0.0,8,128.90270782394177,,True,True
100000008661550100,terminal,1.0,6,0.295385,"Receives 23k KZT from 1 payer, forwards 0%; outflow was traced (hop 3) — possible final recipient.",3,False,1,0,22800.0,0.0,0.0,1,15.32772544996942,,True,True
100000008661585100,terminal,1.0,7,0.511399,"Receives 43k KZT from 1 payer, forwards 0%; outflow was traced (hop 1) — possible final recipient.",1,False,1,0,43141.0,0.0,0.0,1,43679.33903928828,,True,True
100000008662216100,terminal,1.0,6,0.299222,"Receives 26k KZT from 1 payer, forwards 0%; outflow was traced (hop 3) — possible final recipient.",3,False,1,0,26200.0,0.0,0.0,1,17.61343889426311,,True,True
100000008662805100,terminal,1.0,6,0.290269,"Receives 16k KZT from 1 payer, forwards 0%; outflow was traced (hop 3) — possible final recipient.",3,False,1,0,16500.0,0.0,0.0,1,11.092432891425238,,True,True
100000008663007100,terminal,1.0,7,0.478536,"Receives 14k KZT from 1 payer, forwards 0%; outflow was traced (hop 1) — possible final recipient.",1,False,1,0,14000.0,0.0,0.0,1,14174.700321041144,,True,True
100000008663723100,terminal,1.0,6,0.289213,"Receives 16k KZT from 1 payer, forwards 0%; outflow was traced (hop 3) — possible final recipient.",3,False,1,0,15600.0,0.0,0.0,1,10.487391097347498,,True,True
100000008664469100,terminal,1.0,5,0.677124,"Receives 25k KZT from 1 payer, forwards 0%; outflow was traced (hop 1) — possible final recipient.",1,False,1,0,25000.0,0.0,0.0,10,26491.153791782643,,True,True
100000008664774100,terminal,1.0,6,0.290102,"Receives 16k KZT from 1 payer, forwards 0%; outflow was traced (hop 3) — possible final recipient.",3,False,1,0,16300.0,0.0,0.0,1,10.957979159407964,,True,True
100000008665380100,peripheral,0.6,0,0.474909,"No role indicators: 2 payers, 1 recipient, 69k KZT in / 18k KZT out.",1,False,2,1,69100.0,18200.0,0.2633863965267728,7,10148.350372227182,,True,True
100000008666075100,terminal,1.0,7,0.498054,"Receives 26k KZT from 1 payer, forwards 0%; outflow was traced (hop 1) — possible final recipient.",1,False,1,0,26217.0,0.0,0.0,1,26544.15130833826,,True,True
100000008667058100,terminal,1.0,7,0.484319,"Receives 18k KZT from 1 payer, forwards 0%; outflow was traced (hop 1) — possible final recipient.",1,False,1,0,17534.0,0.0,0.0,1,17752.79967350967,,True,True
100000008667795100,terminal,1.0,6,0.303336,"Receives 34k KZT from 1 payer, forwards 0%; outflow was traced (hop 3) — possible final recipient.",3,False,1,0,34000.0,0.0,0.0,1,22.857134442936857,,True,True
100000008667799100,terminal,1.0,6,0.303336,"Receives 34k KZT from 1 payer, forwards 0%; outflow was traced (hop 3) — possible final recipient.",3,False,1,0,34000.0,0.0,0.0,1,22.857134442936857,,True,True
100000008668099100,terminal,1.0,6,0.289435,"Receives 16k KZT from 1 payer, forwards 0%; outflow was traced (hop 3) — possible final recipient.",3,False,1,0,15700.0,0.0,0.0,1,10.554617963356138,,True,True
100000008669037100,peripheral,0.9,86,0.061431,Known seed; no transfers above the export threshold observed in the covered period.,0,True,0,0,0.0,0.0,,0,0.0,,True,False
100000008669310100,terminal,1.0,0,0.422876,"Receives 60k KZT from 1 payer, forwards 0%; outflow was traced (hop 3) — possible final recipient.",3,False,1,0,59567.0,0.0,0.0,7,50.64870599756311,,True,True
100000008670667100,terminal,1.0,7,0.481094,"Receives 16k KZT from 1 payer, forwards 0%; outflow was traced (hop 1) — possible final recipient.",1,False,1,0,15534.0,0.0,0.0,1,15727.842484789508,,True,True
100000008671026100,terminal,1.0,7,0.493439,"Receives 24k KZT from 1 payer, forwards 0%; outflow was traced (hop 1) — possible final recipient.",1,False,1,0,23534.0,0.0,0.0,1,23827.671239670162,,True,True
100000008671081100,terminal,1.0,6,0.305394,"Receives 37k KZT from 1 payer, forwards 0%; outflow was traced (hop 3) — possible final recipient.",3,False,1,0,37200.0,0.0,0.0,1,25.008394155213267,,True,True
100000008671129100,terminal,1.0,6,0.299222,"Receives 26k KZT from 1 payer, forwards 0%; outflow was traced (hop 3) — possible final recipient.",3,False,1,0,26200.0,0.0,0.0,1,17.61343889426311,,True,True
100000008671929100,terminal,1.0,5,0.703703,"Receives 75k KZT from 1 payer, forwards 0%; outflow was traced (hop 1) — possible final recipient.",1,False,1,0,75000.0,0.0,0.0,10,79473.4613753479,,True,True
100000008672162100,terminal,1.0,7,0.481372,"Receives 16k KZT from 1 payer, forwards 0%; outflow was traced (hop 1) — possible final recipient.",1,False,1,0,15550.0,0.0,0.0,1,15744.04214229927,,True,True
100000008672200100,terminal,1.0,7,0.466693,"Receives 9k KZT from 1 payer, forwards 0%; outflow was traced (hop 1) — possible final recipient.",1,False,1,0,8511.0,0.0,0.0,1,8617.205316598656,,True,True
100000008672480100,terminal,1.0,19,0.356717,"Receives 13k KZT from 1 payer, forwards 0%; outflow was traced (hop 2) — possible final recipient.",2,False,1,0,13000.0,0.0,0.0,1,226.18975695899954,,True,True
100000008672493100,terminal,1.0,6,0.287767,"Receives 14k KZT from 1 payer, forwards 0%; outflow was traced (hop 3) — possible final recipient.",3,False,1,0,14000.0,0.0,0.0,1,9.411761241209295,,True,True
100000008672603100,terminal,1.0,5,0.601568,"Receives 21k KZT from 1 payer, forwards 0%; outflow was traced (hop 2) — possible final recipient.",2,False,1,0,21200.0,0.0,0.0,8,2880.1841642840836,,True,True
100000008672762100,terminal,1.0,19,0.356717,"Receives 13k KZT from 1 payer, forwards 0%; outflow was traced (hop 2) — possible final recipient.",2,False,1,0,13000.0,0.0,0.0,1,226.18975695899954,,True,True
100000008673001100,peripheral,0.9,21,0.104347,"No role indicators: 1 payer, 0 recipients, 80k KZT in / 0 KZT out.",0,True,1,0,80000.0,0.0,,1,0.0,,True,False
100000008675322100,cutoff,0.7,4,0.315078,Hop-4 node: onward transfers were not traced (export limit). Receives 340k KZT from 1 payer.,4,False,1,0,340000.0,0.0,,7,15.732211463643115,,False,True
100000008676812100,terminal,1.0,20,0.545585,"Receives 231k KZT from 1 payer, forwards 0%; outflow was traced (hop 3) — possible final recipient.",3,False,1,0,230800.0,0.0,0.0,7,2776.952886923203,,True,True
100000008677215100,terminal,1.0,24,0.463156,"Receives 9k KZT from 1 payer, forwards 0%; outflow was traced (hop 3) — possible final recipient.",3,False,1,0,9000.0,0.0,0.0,7,635.9759756510678,,True,True
100000008677368100,cutoff,0.7,20,0.383939,Hop-4 node: onward transfers were not traced (export limit). Receives 14k KZT from 1 payer.,4,False,1,0,13500.0,0.0,,7,35.35225357115178,,False,True
100000008677518100,terminal,1.0,6,0.309286,"Receives 49k KZT from 1 payer, forwards 0%; outflow was traced (hop 3) — possible final recipient.",3,False,1,0,48700.0,0.0,0.0,1,32.73948374620661,,True,True
100000008679986100,terminal,1.0,7,0.48621,"Receives 19k KZT from 1 payer, forwards 0%; outflow was traced (hop 1) — possible final recipient.",1,False,1,0,19000.0,0.0,0.0,1,19237.093292841553,,True,True
100000008680061100,cutoff,0.7,0,0.380225,Hop-4 node: onward transfers were not traced (export limit). Receives 41k KZT from 1 payer.,4,False,1,0,41300.0,0.0,,7,107.88174517804893,,False,True
100000008680451100,terminal,1.0,7,0.493439,"Receives 24k KZT from 1 payer, forwards 0%; outflow was traced (hop 1) — possible final recipient.",1,False,1,0,23534.0,0.0,0.0,1,23827.671239670162,,True,True
100000008680731100,distributor,1.0,12,0.123046,Fans out to 27 recipients (1.5M KZT) against 0 payers — pattern consistent with a distribution layer.,0,True,0,27,0.0,1464354.0,,0,0.0,,True,False
100000008680912100,peripheral,0.6,0,0.360718,"No role indicators: 1 payer, 1 recipient, 45k KZT in / 6k KZT out.",3,False,1,1,45112.0,5990.85,0.13279947685759888,7,863.1622242722585,,True,True
100000008682426100,terminal,1.0,16,0.381194,"Receives 20k KZT from 1 payer, forwards 0%; outflow was traced (hop 3) — possible final recipient.",3,False,1,0,20000.0,0.0,0.0,7,21.166168342953128,,True,True
100000008683818100,terminal,1.0,19,0.365781,"Receives 17k KZT from 1 payer, forwards 0%; outflow was traced (hop 2) — possible final recipient.",2,False,1,0,17400.0,0.0,0.0,1,302.746290083584,,True,True
100000008684452100,terminal,1.0,6,0.310732,"Receives 52k KZT from 1 payer, forwards 0%; outflow was traced (hop 3) — possible final recipient.",3,False,1,0,51800.0,0.0,0.0,1,34.823516592474384,,True,True
100000008684767100,terminal,1.0,6,0.301779,"Receives 31k KZT from 1 payer, forwards 0%; outflow was traced (hop 3) — possible final recipient.",3,False,1,0,31100.0,0.0,0.0,1,20.90755532868636,,True,True
100000008684951100,terminal,1.0,6,0.291326,"Receives 17k KZT from 1 payer, forwards 0%; outflow was traced (hop 3) — possible final recipient.",3,False,1,0,17200.0,0.0,0.0,1,11.563020953485704,,True,True
100000008686214100,terminal,1.0,3,0.441693,"Receives 25k KZT from 1 payer, forwards 0%; outflow was traced (hop 3) — possible final recipient.",3,False,1,0,25000.0,0.0,0.0,7,274.1240745195316,,True,True
100000008686234100,terminal,1.0,0,0.580572,"Receives 40k KZT from 1 payer, forwards 0%; outflow was traced (hop 1) — possible final recipient.",1,False,1,0,39778.0,0.0,0.0,7,40168.21719818401,,True,True
100000008686247100,peripheral,0.6,25,0.321461,"No role indicators: 1 payer, 1 recipient, 22k KZT in / 5k KZT out.",3,False,1,1,22000.0,5000.0,0.22727272727272727,1,702.9465719269408,,True,True
100000008686313100,consolidator,0.6,3,0.790429,"Receives from 6 distinct payers (1 seed), 1.9M KZT; forwards 17% — signs of consolidation.",1,False,6,7,1912716.0,333800.0,0.17451623764322566,7,235401.19714293408,,True,True
100000008686494100,terminal,1.0,6,0.289435,"Receives 16k KZT from 1 payer, forwards 0%; outflow was traced (hop 3) — possible final recipient.",3,False,1,0,15700.0,0.0,0.0,1,10.554617963356138,,True,True
100000008687492100,terminal,1.0,19,0.361777,"Receives 15k KZT from 1 payer, forwards 0%; outflow was traced (hop 2) — possible final recipient.",2,False,1,0,15000.0,0.0,0.0,1,260.988181106538,,True,True
100000008687617100,terminal,1.0,6,0.307507,"Receives 43k KZT from 1 payer, forwards 0%; outflow was traced (hop 3) — possible final recipient.",3,False,1,0,43350.0,0.0,0.0,1,29.142846414744493,,True,True
100000008687671100,terminal,1.0,7,0.507173,"Receives 38k KZT from 1 payer, forwards 0%; outflow was traced (hop 1) — possible final recipient.",1,False,1,0,37500.0,0.0,0.0,1,37967.94728850306,,True,True
100000008687733100,terminal,1.0,6,0.288379,"Receives 15k KZT from 1 payer, forwards 0%; outflow was traced (hop 3) — possible final recipient.",3,False,1,0,14650.0,0.0,0.0,1,9.84873587026544,,True,True
100000008687990100,terminal,1.0,6,0.29216,"Receives 18k KZT from 1 payer, forwards 0%; outflow was traced (hop 3) — possible final recipient.",3,False,1,0,17600.0,0.0,0.0,1,11.831928417520256,,True,True
100000008688109100,terminal,1.0,6,0.286599,"Receives 13k KZT from 1 payer, forwards 0%; outflow was traced (hop 3) — possible final recipient.",3,False,1,0,12800.0,0.0,0.0,1,8.605038849105641,,True,True
100000008688155100,terminal,1.0,6,0.296219,"Receives 24k KZT from 1 payer, forwards 0%; outflow was traced (hop 3) — possible final recipient.",3,False,1,0,23600.0,0.0,0.0,1,15.865540378038522,,True,True
100000008688476100,terminal,1.0,19,0.373899,"Receives 24k KZT from 1 payer, forwards 0%; outflow was traced (hop 2) — possible final recipient.",2,False,1,0,24000.0,0.0,0.0,1,417.5810897704607,,True,True
100000008688881100,terminal,1.0,19,0.388356,"Receives 44k KZT from 1 payer, forwards 0%; outflow was traced (hop 2) — possible final recipient.",2,False,1,0,44211.0,0.0,0.0,1,769.23656499341,,True,True
100000008690762100,terminal,1.0,6,0.299722,"Receives 27k KZT from 1 payer, forwards 0%; outflow was traced (hop 3) — possible final recipient.",3,False,1,0,26750.0,0.0,0.0,1,17.98318665731061,,True,True
100000008690932100,terminal,1.0,7,0.49216,"Receives 23k KZT from 1 payer, forwards 0%; outflow was traced (hop 1) — possible final recipient.",1,False,1,0,23000.0,0.0,0.0,1,23287.007670281877,,True,True
100000008691027100,terminal,1.0,7,0.484319,"Receives 18k KZT from 1 payer, forwards 0%; outflow was traced (hop 1) — possible final recipient.",1,False,1,0,17534.0,0.0,0.0,1,17752.79967350967,,True,True
100000008691168100,terminal,1.0,19,0.373899,"Receives 24k KZT from 1 payer, forwards 0%; outflow was traced (hop 2) — possible final recipient.",2,False,1,0,24000.0,0.0,0.0,1,417.5810897704607,,True,True
100000008691330100,terminal,1.0,7,0.490492,"Receives 21k KZT from 1 payer, forwards 0%; outflow was traced (hop 1) — possible final recipient.",1,False,1,0,21440.0,0.0,0.0,1,21707.541063080153,,True,True
100000008691495100,terminal,1.0,7,0.4995,"Receives 27k KZT from 1 payer, forwards 0%; outflow was traced (hop 1) — possible final recipient.",1,False,1,0,27000.0,0.0,0.0,1,27336.922047722204,,True,True
100000008692291100,transit,0.875,1,0.625423,"In 160k KZT / out 156k KZT (ratio 0.97), 17% forwarded within 2 days — pattern consistent with transit.",3,False,3,3,160000.0,156000.0,0.975,8,304.92439247506013,,True,True
100000008693069100,terminal,1.0,7,0.488156,"Receives 20k KZT from 1 payer, forwards 0%; outflow was traced (hop 1) — possible final recipient.",1,False,1,0,20000.0,0.0,0.0,1,20249.571887201633,,True,True
100000008695133100,terminal,1.0,6,0.304838,"Receives 37k KZT from 1 payer, forwards 0%; outflow was traced (hop 3) — possible final recipient.",3,False,1,0,36610.0,0.0,0.0,1,24.611755645762305,,True,True
100000008695157100,cutoff,0.7,14,0.426288,Hop-4 node: onward transfers were not traced (export limit). Receives 426k KZT from 1 payer.,4,False,1,0,425546.0,0.0,,7,104.00155814752897,,False,True
100000008695495100,terminal,1.0,7,0.489546,"Receives 21k KZT from 1 payer, forwards 0%; outflow was traced (hop 1) — possible final recipient.",1,False,1,0,21000.0,0.0,0.0,1,21262.050481561713,,True,True
100000008695566100,terminal,1.0,6,0.303169,"Receives 34k KZT from 1 payer, forwards 0%; outflow was traced (hop 3) — possible final recipient.",3,False,1,0,33700.0,0.0,0.0,1,22.65545384491094,,True,True
100000008695689100,terminal,1.0,6,0.299222,"Receives 26k KZT from 1 payer, forwards 0%; outflow was traced (hop 3) — possible final recipient.",3,False,1,0,26200.0,0.0,0.0,1,17.61343889426311,,True,True
100000008696692100,terminal,1.0,19,0.368116,"Receives 19k KZT from 1 payer, forwards 0%; outflow was traced (hop 2) — possible final recipient.",2,False,1,0,19000.0,0.0,0.0,1,330.58502940161475,,True,True
100000008696919100,terminal,1.0,7,0.502947,"Receives 32k KZT from 1 payer, forwards 0%; outflow was traced (hop 1) — possible final recipient.",1,False,1,0,31945.0,0.0,0.0,1,32343.628696832806,,True,True
100000008697670100,terminal,1.0,6,0.297609,"Receives 25k KZT from 1 payer, forwards 0%; outflow was traced (hop 3) — possible final recipient.",3,False,1,0,25350.0,0.0,0.0,1,17.042010533189686,,True,True
100000008699083100,cutoff,0.7,1,0.396617,Hop-4 node: onward transfers were not traced (export limit). Receives 238k KZT from 1 payer.,4,False,1,0,238500.0,0.0,,8,0.9095456578649689,,False,True
100000008701222100,peripheral,0.9,87,0.061431,Known seed; no transfers above the export threshold observed in the covered period.,0,True,0,0,0.0,0.0,,0,0.0,,True,False
100000008701256100,terminal,1.0,3,0.483285,"Receives 58k KZT from 1 payer, forwards 0%; outflow was traced (hop 2) — possible final recipient.",2,False,1,0,58250.0,0.0,0.0,7,1681.469673614551,,True,True
100000008701944100,terminal,1.0,15,0.60704,"Receives 52k KZT from 1 payer, forwards 0%; outflow was traced (hop 1) — possible final recipient.",1,False,1,0,52124.0,0.0,0.0,2,436238.9001767117,,True,True
100000008703533100,cutoff,0.7,1,0.394949,Hop-4 node: onward transfers were not traced (export limit). Receives 75k KZT from 1 payer.,4,False,1,0,75000.0,0.0,,8,0.6245967617980354,,False,True
100000008706846100,terminal,1.0,6,0.288045,"Receives 14k KZT from 1 payer, forwards 0%; outflow was traced (hop 3) — possible final recipient.",3,False,1,0,14200.0,0.0,0.0,1,9.54621497322657,,True,True
100000008706947100,terminal,1.0,6,0.291326,"Receives 17k KZT from 1 payer, forwards 0%; outflow was traced (hop 3) — possible final recipient.",3,False,1,0,17200.0,0.0,0.0,1,11.563020953485704,,True,True
100000008707810100,terminal,1.0,6,0.299222,"Receives 26k KZT from 1 payer, forwards 0%; outflow was traced (hop 3) — possible final recipient.",3,False,1,0,26200.0,0.0,0.0,1,17.61343889426311,,True,True
100000008708025100,terminal,1.0,23,0.411165,"Receives 10k KZT from 1 payer, forwards 0%; outflow was traced (hop 3) — possible final recipient.",3,False,1,0,10000.0,0.0,0.0,7,97.44472445616647,,True,True
100000008708061100,terminal,1.0,6,0.282818,"Receives 9k KZT from 1 payer, forwards 0%; outflow was traced (hop 3) — possible final recipient.",3,False,1,0,8650.0,0.0,0.0,1,5.815123909747171,,True,True
100000008708207100,terminal,1.0,1,0.657462,"Receives 465k KZT from 2 payers, forwards 0%; outflow was traced (hop 3) — possible final recipient.",3,False,2,0,465000.0,0.0,0.0,9,1103.0425683739443,,True,True
100000008708368100,terminal,1.0,7,0.493883,"Receives 24k KZT from 1 payer, forwards 0%; outflow was traced (hop 1) — possible final recipient.",1,False,1,0,23677.0,0.0,0.0,1,23972.455678663653,,True,True
100000008708595100,terminal,1.0,6,0.291326,"Receives 17k KZT from 1 payer, forwards 0%; outflow was traced (hop 3) — possible final recipient.",3,False,1,0,17200.0,0.0,0.0,1,11.563020953485704,,True,True
100000008708743100,terminal,1.0,6,0.289046,"Receives 16k KZT from 1 payer, forwards 0%; outflow was traced (hop 3) — possible final recipient.",3,False,1,0,15550.0,0.0,0.0,1,10.45377766434318,,True,True
100000008710791100,distributor,0.9333,1,0.732513,Fans out to 23 recipients (5.5M KZT) against 3 payers — pattern consistent with a distribution layer.,2,False,3,23,181510.0,5521511.0,30.41987218335078,9,6960.229358455253,,True,True
100000008710843100,distributor,0.6,1,0.654299,Fans out to 13 recipients (2.0M KZT) against 2 payers — pattern consistent with a distribution layer.,2,False,2,13,33944.0,1985500.0,58.49340089559274,8,466.4953799270242,,True,True
100000008710913100,cutoff,0.7,1,0.398285,Hop-4 node: onward transfers were not traced (export limit). Receives 14k KZT from 1 payer.,4,False,1,0,14000.0,0.0,,8,1.9635495351860313,,False,True
100000008712036100,terminal,1.0,6,0.294495,"Receives 21k KZT from 1 payer, forwards 0%; outflow was traced (hop 3) — possible final recipient.",3,False,1,0,21000.0,0.0,0.0,1,14.11764186181394,,True,True
100000008712184100,terminal,1.0,6,0.292716,"Receives 18k KZT from 1 payer, forwards 0%; outflow was traced (hop 3) — possible final recipient.",3,False,1,0,18000.0,0.0,0.0,1,12.100835881554806,,True,True
100000008712827100,terminal,1.0,6,0.318405,"Receives 76k KZT from 1 payer, forwards 0%; outflow was traced (hop 3) — possible final recipient.",3,False,1,0,76000.0,0.0,0.0,1,51.092418166564734,,True,True
100000008712991100,terminal,1.0,6,0.315736,"Receives 66k KZT from 1 payer, forwards 0%; outflow was traced (hop 3) — possible final recipient.",3,False,1,0,66100.0,0.0,0.0,1,44.4369584317096,,True,True
100000008713270100,peripheral,0.6,8,0.3528,"No role indicators: 1 payer, 3 recipients, 30k KZT in / 190k KZT out.",2,False,1,3,30000.0,190000.0,6.333333333333333,1,7200.192005120137,,True,True
100000008713685100,terminal,1.0,6,0.309953,"Receives 50k KZT from 1 payer, forwards 0%; outflow was traced (hop 3) — possible final recipient.",3,False,1,0,49700.0,0.0,0.0,1,33.41175240629299,,True,True
100000008714412100,terminal,1.0,1,0.537489,"Receives 169k KZT from 1 payer, forwards 0%; outflow was traced (hop 3) — possible final recipient.",3,False,1,0,169000.0,0.0,0.0,9,136.0013785220046,,True,True
100000008715513100,cutoff,0.7,8,0.275109,Hop-4 node: onward transfers were not traced (export limit). Receives 32k KZT from 1 payer.,4,False,1,0,32500.0,0.0,,1,1.5719880954432073,,False,True
100000008715887100,terminal,1.0,6,0.292716,"Receives 18k KZT from 1 payer, forwards 0%; outflow was traced (hop 3) — possible final recipient.",3,False,1,0,18000.0,0.0,0.0,1,12.100835881554806,,True,True
100000008716072100,terminal,1.0,6,0.285487,"Receives 12k KZT from 1 payer, forwards 0%; outflow was traced (hop 3) — possible final recipient.",3,False,1,0,12100.0,0.0,0.0,1,8.134450787045175,,True,True
100000008716222100,terminal,1.0,7,0.485042,"Receives 18k KZT from 1 payer, forwards 0%; outflow was traced (hop 1) — possible final recipient.",1,False,1,0,18000.0,0.0,0.0,1,18224.61469848147,,True,True
100000008716439100,terminal,1.0,7,0.475589,"Receives 12k KZT from 1 payer, forwards 0%; outflow was traced (hop 1) — possible final recipient.",1,False,1,0,12267.0,0.0,0.0,1,12420.074917015123,,True,True
100000008716773100,terminal,1.0,7,0.48165,"Receives 16k KZT from 1 payer, forwards 0%; outflow was traced (hop 1) — possible final recipient.",1,False,1,0,15677.0,0.0,0.0,1,15872.626923783,,True,True
100000008717340100,terminal,1.0,7,0.509842,"Receives 42k KZT from 1 payer, forwards 0%; outflow was traced (hop 1) — possible final recipient.",1,False,1,0,41500.0,0.0,0.0,1,42017.86166594339,,True,True
100000008717341100,terminal,1.0,7,0.479593,"Receives 15k KZT from 1 payer, forwards 0%; outflow was traced (hop 1) — possible final recipient.",1,False,1,0,14627.0,0.0,0.0,1,14809.524399704915,,True,True
100000008717375100,terminal,1.0,5,0.606795,"Receives 30k KZT from 1 payer, forwards 0%; outflow was traced (hop 2) — possible final recipient.",2,False,1,0,29506.0,0.0,0.0,8,4008.6185826116125,,True,True
100000008717802100,terminal,1.0,6,0.298554,"Receives 26k KZT from 1 payer, forwards 0%; outflow was traced (hop 3) — possible final recipient.",3,False,1,0,26150.0,0.0,0.0,1,17.579825461258785,,True,True
100000008718089100,terminal,1.0,7,0.481094,"Receives 16k KZT from 1 payer, forwards 0%; outflow was traced (hop 1) — possible final recipient.",1,False,1,0,15534.0,0.0,0.0,1,15727.842484789508,,True,True
100000008718811100,terminal,1.0,6,0.317404,"Receives 73k KZT from 1 payer, forwards 0%; outflow was traced (hop 3) — possible final recipient.",3,False,1,0,73300.0,0.0,0.0,1,49.277292784331514,,True,True
100000008720668100,terminal,1.0,6,0.289769,"Receives 16k KZT from 1 payer, forwards 0%; outflow was traced (hop 3) — possible final recipient.",3,False,1,0,16000.0,0.0,0.0,1,10.756298561382051,,True,True
100000008720798100,terminal,1.0,7,0.481094,"Receives 16k KZT from 1 payer, forwards 0%; outflow was traced (hop 1) — possible final recipient.",1,False,1,0,15534.0,0.0,0.0,1,15727.842484789508,,True,True
100000008720856100,peripheral,0.6,0,0.306448,"No role indicators: 1 payer, 1 recipient, 18k KZT in / 46k KZT out.",3,False,1,1,18105.0,46000.0,2.5407346037006353,7,110.36183508089339,,True,True
100000008721637100,peripheral,0.6,8,0.349086,"No role indicators: 1 payer, 2 recipients, 24k KZT in / 127k KZT out.",3,False,1,2,24041.0,127000.0,5.282642152988644,7,160.67132620158725,,True,True
100000008722328100,terminal,1.0,7,0.493883,"Receives 24k KZT from 1 payer, forwards 0%; outflow was traced (hop 1) — possible final recipient.",1,False,1,0,23677.0,0.0,0.0,1,23972.455678663653,,True,True
100000008722417100,peripheral,0.6,4,0.315923,"No role indicators: 1 payer, 3 recipients, 332k KZT in / 720k KZT out.",3,False,1,3,331900.0,720000.0,2.16932811087677,7,379.9859997775005,,True,True
100000008722541100,cutoff,0.7,4,0.364121,Hop-4 node: onward transfers were not traced (export limit). Receives 280k KZT from 1 payer.,4,False,1,0,280000.0,0.0,,7,147.72062851049733,,False,True
100000008723830100,transit,1.0,2,0.721097,"In 460k KZT / out 455k KZT (ratio 0.99), 100% forwarded within 2 days — pattern consistent with transit.",1,False,2,1,459785.0,455000.0,0.9895929619278576,7,459271.46363137505,,True,True
100000008724279100,terminal,1.0,2,0.585554,"Receives 12k KZT from 1 payer, forwards 0%; outflow was traced (hop 1) — possible final recipient.",1,False,1,0,11750.0,0.0,0.0,7,11883.9987972526,,True,True
100000008724461100,peripheral,0.6,1,0.400153,"No role indicators: 1 payer, 1 recipient, 100k KZT in / 130k KZT out.",3,False,1,1,100111.0,130000.0,1.298558599954051,9,126.12892656352957,,True,True
100000008727982100,cutoff,0.7,8,0.365856,Hop-4 node: onward transfers were not traced (export limit). Receives 30k KZT from 1 payer.,4,False,1,0,30000.0,0.0,,1,327.9769542195151,,False,True
100000008728457100,terminal,1.0,15,0.691203,"Receives 45k KZT from 1 payer, forwards 0%; outflow was traced (hop 1) — possible final recipient.",1,False,1,0,45000.0,0.0,0.0,8,48438.025726303225,,True,True
100000008729597100,terminal,1.0,3,0.460932,"Receives 83k KZT from 1 payer, forwards 0%; outflow was traced (hop 3) — possible final recipient.",3,False,1,0,83090.0,0.0,0.0,7,555.308867937685,,True,True
100000008729801100,terminal,1.0,7,0.484319,"Receives 18k KZT from 1 payer, forwards 0%; outflow was traced (hop 1) — possible final recipient.",1,False,1,0,17534.0,0.0,0.0,1,17752.79967350967,,True,True
100000008730021100,terminal,1.0,15,0.608485,"Receives 76k KZT from 1 payer, forwards 0%; outflow was traced (hop 1) — possible final recipient.",1,False,1,0,75555.0,0.0,0.0,2,632338.8478023837,,True,True
100000008730238100,cutoff,0.7,1,0.434428,Hop-4 node: onward transfers were not traced (export limit). Receives 113k KZT from 1 payer.,4,False,1,0,113000.0,0.0,,8,39.49503665565118,,False,True
100000008730371100,terminal,1.0,3,0.558107,"Receives 520k KZT from 2 payers, forwards 0%; outflow was traced (hop 3) — possible final recipient.",3,False,2,0,520000.0,0.0,0.0,7,2583.8799139478124,,True,True
100000008730846100,consolidator,0.7,5,0.800961,"Receives from 7 distinct payers, 155k KZT; forwards 234% — signs of consolidation.",2,False,7,3,155042.0,363370.0,2.343687516930896,8,1848.6889080015826,,True,True
100000008731444100,peripheral,0.6,3,0.46649,"No role indicators: 3 payers, 9 recipients, 439k KZT in / 880k KZT out.",2,False,3,9,439000.0,879767.8,2.0040268792710707,7,13061.360141603116,,True,True
100000008732098100,terminal,1.0,7,0.48165,"Receives 16k KZT from 1 payer, forwards 0%; outflow was traced (hop 1) — possible final recipient.",1,False,1,0,15677.0,0.0,0.0,1,15872.626923783,,True,True
100000008732488100,peripheral,0.6,3,0.335941,"No role indicators: 1 payer, 1 recipient, 137k KZT in / 10k KZT out.",3,False,1,1,137000.0,10000.0,0.072992700729927,7,915.6013347871326,,True,True
100000008733049100,terminal,1.0,2,0.541348,"Receives 10k KZT from 1 payer, forwards 0%; outflow was traced (hop 2) — possible final recipient.",2,False,1,0,10000.0,0.0,0.0,7,1137.1472219423824,,True,True
100000008733194100,peripheral,0.6,14,0.508605,"No role indicators: 4 payers, 8 recipients, 251k KZT in / 160k KZT out.",2,False,4,8,251424.0,159695.0,0.6351621165839378,7,2028.1406536690206,,True,True
100000008734279100,cutoff,0.7,14,0.377355,Hop-4 node: onward transfers were not traced (export limit). Receives 32k KZT from 1 payer.,4,False,1,0,31650.0,0.0,,7,7.735119858650514,,False,True
100000008734364100,terminal,1.0,19,0.376346,"Receives 26k KZT from 1 payer, forwards 0%; outflow was traced (hop 2) — possible final recipient.",2,False,1,0,26200.0,0.0,0.0,1,455.85935633275295,,True,True
100000008735384100,terminal,1.0,7,0.508285,"Receives 39k KZT from 1 payer, forwards 0%; outflow was traced (hop 1) — possible final recipient.",1,False,1,0,39220.0,0.0,0.0,1,39709.4104708024,,True,True
100000008735802100,cutoff,0.7,0,0.34486,Hop-4 node: onward transfers were not traced (export limit). Receives 85k KZT from 1 payer.,4,False,1,0,85000.0,0.0,,7,18.10379274851214,,False,True
100000008735832100,terminal,1.0,6,0.29216,"Receives 18k KZT from 1 payer, forwards 0%; outflow was traced (hop 3) — possible final recipient.",3,False,1,0,17600.0,0.0,0.0,1,11.831928417520256,,True,True
100000008736173100,terminal,1.0,7,0.502057,"Receives 31k KZT from 1 payer, forwards 0%; outflow was traced (hop 1) — possible final recipient.",1,False,1,0,31060.0,0.0,0.0,1,31447.585140824136,,True,True
100000008736394100,terminal,1.0,19,0.362722,"Receives 16k KZT from 1 payer, forwards 0%; outflow was traced (hop 2) — possible final recipient.",2,False,1,0,16000.0,0.0,0.0,1,278.38739318030713,,True,True
100000008736760100,terminal,1.0,7,0.518183,"Receives 55k KZT from 1 payer, forwards 0%; outflow was traced (hop 1) — possible final recipient.",1,False,1,0,54757.0,0.0,0.0,1,55440.29039137499,,True,True
100000008736940100,peripheral,0.6,68,0.4523,"No role indicators: 3 payers, 3 recipients, 451k KZT in / 182k KZT out.",1,False,3,3,451090.0,182100.0,0.40368884258130305,1,382775.2023014214,,True,True
100000008737422100,terminal,1.0,7,0.523966,"Receives 77k KZT from 1 payer, forwards 0%; outflow was traced (hop 1) — possible final recipient.",1,False,1,0,76903.0,0.0,0.0,1,77862.64134207336,,True,True
100000008737514100,terminal,1.0,2,0.580327,"Receives 85k KZT from 1 payer, forwards 0%; outflow was traced (hop 2) — possible final recipient.",2,False,1,0,85000.0,0.0,0.0,7,9665.751386510254,,True,True
100000008737958100,terminal,1.0,19,0.536577,"Receives 53k KZT from 2 payers, forwards 0%; outflow was traced (hop 1) — possible final recipient.",1,False,2,0,53373.0,0.0,0.0,1,32147.27360648177,,True,True
100000008738325100,peripheral,0.6,21,0.104347,"No role indicators: 1 payer, 1 recipient, 37k KZT in / 54k KZT out.",0,True,1,1,36550.0,54000.0,,1,0.0,,True,False
100000008738526100,peripheral,0.6,1,0.325176,"No role indicators: 1 payer, 1 recipient, 15k KZT in / 140k KZT out.",3,False,1,1,15000.0,140000.0,9.333333333333334,8,3.5144163396018304,,True,True
100000008738658100,terminal,1.0,6,0.301501,"Receives 30k KZT from 1 payer, forwards 0%; outflow was traced (hop 3) — possible final recipient.",3,False,1,0,29920.0,0.0,0.0,1,20.11427830978443,,True,True
100000008739887100,peripheral,0.6,3,0.416657,"No role indicators: 2 payers, 2 recipients, 214k KZT in / 307k KZT out.",3,False,2,2,214000.0,307000.0,1.4345794392523366,7,1825.0010713506801,,True,True
100000008740295100,cutoff,0.7,1,0.474575,Hop-4 node: onward transfers were not traced (export limit). Receives 300k KZT from 1 payer.,4,False,1,0,300000.0,0.0,,8,198.16931736876825,,False,True
100000008740793100,terminal,1.0,6,0.294495,"Receives 21k KZT from 1 payer, forwards 0%; outflow was traced (hop 3) — possible final recipient.",3,False,1,0,21000.0,0.0,0.0,1,14.11764186181394,,True,True
100000008741372100,terminal,1.0,7,0.50595,"Receives 36k KZT from 1 payer, forwards 0%; outflow was traced (hop 1) — possible final recipient.",1,False,1,0,35975.0,0.0,0.0,1,36423.91743210393,,True,True
100000008742053100,distributor,0.5667,1,0.500073,Fans out to 12 recipients (2.8M KZT) against 1 payer — pattern consistent with a distribution layer.,3,False,1,12,10000.0,2789000.0,278.9,8,10.705157633210437,,True,True
100000008742266100,terminal,1.0,19,0.370896,"Receives 21k KZT from 1 payer, forwards 0%; outflow was traced (hop 2) — possible final recipient.",2,False,1,0,21000.0,0.0,0.0,1,365.3834535491531,,True,True
100000008743913100,distributor,0.6,1,0.739742,Fans out to 13 recipients (1.9M KZT) against 3 payers — pattern consistent with a distribution layer.,2,False,3,13,149300.0,1850600.0,12.395177494976558,9,9752.031663653064,,True,True
100000008744364100,terminal,1.0,6,0.296497,"Receives 24k KZT from 1 payer, forwards 0%; outflow was traced (hop 3) — possible final recipient.",3,False,1,0,23700.0,0.0,0.0,1,15.932767244047161,,True,True
100000008744799100,terminal,1.0,6,0.286266,"Receives 13k KZT from 1 payer, forwards 0%; outflow was traced (hop 3) — possible final recipient.",3,False,1,0,12600.0,0.0,0.0,1,8.470585117088364,,True,True
100000008744849100,terminal,1.0,7,0.512177,"Receives 44k KZT from 1 payer, forwards 0%; outflow was traced (hop 1) — possible final recipient.",1,False,1,0,44445.0,0.0,0.0,1,44999.61112633383,,True,True
100000008745474100,terminal,1.0,7,0.509397,"Receives 41k KZT from 1 payer, forwards 0%; outflow was traced (hop 1) — possible final recipient.",1,False,1,0,40559.0,0.0,0.0,1,41065.11930865055,,True,True
100000008745489100,terminal,1.0,7,0.518961,"Receives 56k KZT from 1 payer, forwards 0%; outflow was traced (hop 1) — possible final recipient.",1,False,1,0,55539.0,0.0,0.0,1,56232.04865216458,,True,True
100000008745643100,terminal,1.0,7,0.488601,"Receives 20k KZT from 1 payer, forwards 0%; outflow was traced (hop 1) — possible final recipient.",1,False,1,0,20313.0,0.0,0.0,1,20566.477687236336,,True,True
100000008745676100,cutoff,0.7,50,0.227211,Hop-4 node: onward transfers were not traced (export limit). Receives 35k KZT from 1 payer.,4,False,1,0,34547.0,0.0,,1,8.789912730629393,,False,True
100000008745725100,terminal,1.0,7,0.51379,"Receives 47k KZT from 1 payer, forwards 0%; outflow was traced (hop 1) — possible final recipient.",1,False,1,0,47060.0,0.0,0.0,1,47647.242650585446,,True,True
100000008745863100,terminal,1.0,6,0.295496,"Receives 23k KZT from 1 payer, forwards 0%; outflow was traced (hop 3) — possible final recipient.",3,False,1,0,22900.0,0.0,0.0,1,15.394952315978058,,True,True
100000008745884100,terminal,1.0,6,0.294106,"Receives 20k KZT from 1 payer, forwards 0%; outflow was traced (hop 3) — possible final recipient.",3,False,1,0,20000.0,0.0,0.0,1,13.445373201727561,,True,True
100000008746025100,terminal,1.0,7,0.491048,"Receives 22k KZT from 1 payer, forwards 0%; outflow was traced (hop 1) — possible final recipient.",1,False,1,0,22000.0,0.0,0.0,1,22274.529075921797,,True,True
100000008746449100,distributor,0.5,1,0.492177,Fans out to 10 recipients (1.0M KZT) against 1 payer — pattern consistent with a distribution layer.,3,False,1,10,10000.0,1009000.0,100.9,8,5.239947472517958,,True,True
100000008746673100,terminal,1.0,7,0.517627,"Receives 53k KZT from 1 payer, forwards 0%; outflow was traced (hop 1) — possible final recipient.",1,False,1,0,53048.0,0.0,0.0,1,53709.96447361361,,True,True
100000008747113100,terminal,1.0,5,0.774077,"Receives 198k KZT from 2 payers, forwards 0%; outflow was traced (hop 1) — possible final recipient.",1,False,2,0,197801.0,0.0,0.0,10,98234.14975810106,,True,True
100000008748408100,distributor,0.8667,8,0.595981,Fans out to 21 recipients (1.5M KZT) against 1 payer — pattern consistent with a distribution layer.,1,False,1,21,360000.0,1499960.0,4.166555555555555,1,360000.0,,True,True
100000008748795100,terminal,1.0,0,0.419206,"Receives 47k KZT from 1 payer, forwards 0%; outflow was traced (hop 3) — possible final recipient.",3,False,1,0,47057.0,0.0,0.0,7,40.01168697646897,,True,True
100000008748914100,distributor,0.6,5,0.640576,Fans out to 13 recipients (4.5M KZT) against 2 payers — pattern consistent with a distribution layer.,1,False,2,13,180000.0,4471847.0,24.843594444444445,1,96840.06475020741,,True,True
100000008749063100,terminal,1.0,7,0.48621,"Receives 19k KZT from 1 payer, forwards 0%; outflow was traced (hop 1) — possible final recipient.",1,False,1,0,19000.0,0.0,0.0,1,19237.093292841553,,True,True
100000008749405100,terminal,1.0,6,0.305227,"Receives 37k KZT from 1 payer, forwards 0%; outflow was traced (hop 3) — possible final recipient.",3,False,1,0,37150.0,0.0,0.0,1,24.974780722208948,,True,True
100000008749406100,terminal,1.0,7,0.48343,"Receives 17k KZT from 1 payer, forwards 0%; outflow was traced (hop 1) — possible final recipient.",1,False,1,0,17144.0,0.0,0.0,1,17357.933021709243,,True,True
100000008749618100,terminal,1.0,7,0.514068,"Receives 47k KZT from 1 payer, forwards 0%; outflow was traced (hop 1) — possible final recipient.",1,False,1,0,47280.0,0.0,0.0,1,47869.98794134466,,True,True
100000008749900100,terminal,1.0,6,0.290825,"Receives 17k KZT from 1 payer, forwards 0%; outflow was traced (hop 3) — possible final recipient.",3,False,1,0,17150.0,0.0,0.0,1,11.529407520481383,,True,True
100000008749989100,terminal,1.0,19,0.362722,"Receives 16k KZT from 1 payer, forwards 0%; outflow was traced (hop 2) — possible final recipient.",2,False,1,0,16000.0,0.0,0.0,1,278.38739318030713,,True,True
100000008750464100,terminal,1.0,6,0.282596,"Receives 8k KZT from 1 payer, forwards 0%; outflow was traced (hop 3) — possible final recipient.",3,False,1,0,8500.0,0.0,0.0,1,5.714283610734214,,True,True
100000008751349100,terminal,1.0,27,0.359286,"Receives 12k KZT from 1 payer, forwards 0%; outflow was traced (hop 3) — possible final recipient.",3,False,1,0,11630.0,0.0,0.0,7,3.572058508910451,,True,True
100000008751380100,terminal,1.0,1,0.642894,"Receives 346k KZT from 2 payers, forwards 0%; outflow was traced (hop 3) — possible final recipient.",3,False,2,0,345780.0,0.0,0.0,9,550.2849820646686,,True,True
100000008751429100,peripheral,0.6,68,0.451744,"No role indicators: 3 payers, 1 recipient, 386k KZT in / 73k KZT out.",1,False,3,1,386200.0,72600.0,0.1879854997410668,1,353901.3051947034,,True,True
100000008752616100,peripheral,0.6,1,0.55538,"No role indicators: 2 payers, 7 recipients, 65k KZT in / 1.3M KZT out.",2,False,2,7,64510.0,1265000.0,19.6093628894745,9,6938.516373090732,,True,True
100000008753061100,terminal,1.0,6,0.300612,"Receives 28k KZT from 1 payer, forwards 0%; outflow was traced (hop 3) — possible final recipient.",3,False,1,0,28400.0,0.0,0.0,1,19.09242994645314,,True,True
100000008753193100,terminal,1.0,7,0.50506,"Receives 35k KZT from 1 payer, forwards 0%; outflow was traced (hop 1) — possible final recipient.",1,False,1,0,35225.0,0.0,0.0,1,35664.55848633388,,True,True
100000008753897100,terminal,1.0,6,0.296719,"Receives 24k KZT from 1 payer, forwards 0%; outflow was traced (hop 3) — possible final recipient.",3,False,1,0,24050.0,0.0,0.0,1,16.168061275077395,,True,True
100000008754608100,terminal,1.0,6,0.285821,"Receives 12k KZT from 1 payer, forwards 0%; outflow was traced (hop 3) — possible final recipient.",3,False,1,0,12300.0,0.0,0.0,1,8.26890451906245,,True,True
100000008754747100,terminal,1.0,6,0.308063,"Receives 46k KZT from 1 payer, forwards 0%; outflow was traced (hop 3) — possible final recipient.",3,False,1,0,45500.0,0.0,0.0,1,30.588224033930203,,True,True
100000008754997100,terminal,1.0,6,0.292716,"Receives 18k KZT from 1 payer, forwards 0%; outflow was traced (hop 3) — possible final recipient.",3,False,1,0,18000.0,0.0,0.0,1,12.100835881554806,,True,True
100000008755168100,terminal,1.0,6,0.29216,"Receives 18k KZT from 1 payer, forwards 0%; outflow was traced (hop 3) — possible final recipient.",3,False,1,0,17600.0,0.0,0.0,1,11.831928417520256,,True,True
100000008755361100,terminal,1.0,7,0.479593,"Receives 15k KZT from 1 payer, forwards 0%; outflow was traced (hop 1) — possible final recipient.",1,False,1,0,14627.0,0.0,0.0,1,14809.524399704915,,True,True
100000008755580100,terminal,1.0,6,0.289769,"Receives 16k KZT from 1 payer, forwards 0%; outflow was traced (hop 3) — possible final recipient.",3,False,1,0,16000.0,0.0,0.0,1,10.756298561382051,,True,True
100000008755754100,terminal,1.0,11,0.326524,"Receives 7k KZT from 1 payer, forwards 0%; outflow was traced (hop 3) — possible final recipient.",3,False,1,0,7000.0,0.0,0.0,1,73.67871891850598,,True,True
100000008757301100,cutoff,0.7,3,0.359784,Hop-4 node: onward transfers were not traced (export limit). Receives 58k KZT from 1 payer.,4,False,1,0,58398.0,0.0,,7,126.88502350121773,,False,True
100000008757369100,peripheral,0.6,3,0.285007,"No role indicators: 1 payer, 1 recipient, 26k KZT in / 58k KZT out.",3,False,1,1,25961.0,58398.0,2.249451099726513,7,126.90652723174092,,True,True
100000008758106100,cutoff,0.7,1,0.404179,Hop-4 node: onward transfers were not traced (export limit). Receives 10k KZT from 1 payer.,4,False,1,0,10000.0,0.0,,8,6.605643912292276,,False,True
100000008758168100,peripheral,0.6,1,0.559718,"No role indicators: 2 payers, 5 recipients, 75k KZT in / 1.5M KZT out.",2,False,2,5,75410.0,1533600.0,20.33682535472749,9,8329.759266770772,,True,True
100000008758607100,cutoff,0.7,1,0.39962,Hop-4 node: onward transfers were not traced (export limit). Receives 5k KZT from 1 payer.,4,False,1,0,5000.0,0.0,,8,3.302821956146138,,False,True
100000008759795100,cutoff,0.7,8,0.27333,Hop-4 node: onward transfers were not traced (export limit). Receives 17k KZT from 1 payer.,4,False,1,0,17000.0,0.0,,1,0.8222706960779854,,False,True
100000008759857100,peripheral,0.6,1,0.365678,"No role indicators: 1 payer, 2 recipients, 5k KZT in / 994k KZT out.",3,False,1,2,5000.0,994000.0,198.8,9,26.34205470781194,,True,True
100000008760098100,peripheral,0.6,1,0.371795,"No role indicators: 1 payer, 1 recipient, 7k KZT in / 390k KZT out.",3,False,1,1,7000.0,390000.0,55.714285714285715,9,36.87887659093672,,True,True
100000008761132100,cutoff,0.7,1,0.404179,Hop-4 node: onward transfers were not traced (export limit). Receives 10k KZT from 1 payer.,4,False,1,0,10000.0,0.0,,8,6.605643912292276,,False,True
100000008761219100,peripheral,0.6,1,0.464744,"No role indicators: 2 payers, 2 recipients, 50k KZT in / 375k KZT out.",3,False,2,2,50000.0,375000.0,7.5,9,117.63087060731375,,True,True
100000008761220100,cutoff,0.7,1,0.404179,Hop-4 node: onward transfers were not traced (export limit). Receives 10k KZT from 1 payer.,4,False,1,0,10000.0,0.0,,8,6.605643912292276,,False,True
100000008762005100,cutoff,0.7,1,0.391946,Hop-4 node: onward transfers were not traced (export limit). Receives 5k KZT from 1 payer.,4,False,1,0,5000.0,0.0,,8,0.025476180626769002,,False,True
100000008762728100,terminal,1.0,2,0.582774,"Receives 17k KZT from 1 payer, forwards 0%; outflow was traced (hop 2) — possible final recipient.",2,False,1,0,17026.0,0.0,0.0,7,10321.6105071806,,True,True
100000008762832100,peripheral,0.6,5,0.329691,"No role indicators: 1 payer, 1 recipient, 150k KZT in / 85k KZT out.",2,False,1,1,150000.0,85000.0,0.5666666666666667,1,3248.324397621634,,True,True
100000008762843100,cutoff,0.7,1,0.392113,Hop-4 node: onward transfers were not traced (export limit). Receives 7k KZT from 1 payer.,4,False,1,0,7000.0,0.0,,8,0.035666652877476605,,False,True
100000008762885100,cutoff,0.7,1,0.392113,Hop-4 node: onward transfers were not traced (export limit). Receives 7k KZT from 1 payer.,4,False,1,0,7000.0,0.0,,8,0.035666652877476605,,False,True
100000008763688100,terminal,1.0,6,0.294495,"Receives 21k KZT from 1 payer, forwards 0%; outflow was traced (hop 3) — possible final recipient.",3,False,1,0,21000.0,0.0,0.0,1,14.11764186181394,,True,True
100000008764436100,terminal,1.0,19,0.357329,"Receives 13k KZT from 1 payer, forwards 0%; outflow was traced (hop 2) — possible final recipient.",2,False,1,0,13100.0,0.0,0.0,1,227.92967816637648,,True,True
100000008764654100,terminal,1.0,6,0.298554,"Receives 26k KZT from 1 payer, forwards 0%; outflow was traced (hop 3) — possible final recipient.",3,False,1,0,26150.0,0.0,0.0,1,17.579825461258785,,True,True
100000008765494100,terminal,1.0,19,0.373899,"Receives 24k KZT from 1 payer, forwards 0%; outflow was traced (hop 2) — possible final recipient.",2,False,1,0,24000.0,0.0,0.0,1,417.5810897704607,,True,True
100000008765627100,terminal,1.0,8,0.503926,"Receives 60k KZT from 1 payer, forwards 0%; outflow was traced (hop 2) — possible final recipient.",2,False,1,0,60000.0,0.0,0.0,1,14400.384010240274,,True,True
100000008766031100,cutoff,0.7,1,0.395394,Hop-4 node: onward transfers were not traced (export limit). Receives 5k KZT from 1 payer.,4,False,1,0,5000.0,0.0,,8,0.7012676911378684,,False,True
100000008766764100,cutoff,0.7,1,0.39962,Hop-4 node: onward transfers were not traced (export limit). Receives 5k KZT from 1 payer.,4,False,1,0,5000.0,0.0,,8,3.302821956146138,,False,True
100000008767027100,terminal,1.0,1,0.500678,"Receives 5k KZT from 1 payer, forwards 0%; outflow was traced (hop 3) — possible final recipient.",3,False,1,0,5000.0,0.0,0.0,9,26.34205470781194,,True,True
100000008767065100,terminal,1.0,1,0.513801,"Receives 10k KZT from 1 payer, forwards 0%; outflow was traced (hop 3) — possible final recipient.",3,False,1,0,10000.0,0.0,0.0,9,52.68410941562388,,True,True
100000008767925100,terminal,1.0,7,0.48343,"Receives 17k KZT from 1 payer, forwards 0%; outflow was traced (hop 1) — possible final recipient.",1,False,1,0,17144.0,0.0,0.0,1,17357.933021709243,,True,True
100000008767950100,terminal,1.0,6,0.291826,"Receives 17k KZT from 1 payer, forwards 0%; outflow was traced (hop 3) — possible final recipient.",3,False,1,0,17350.0,0.0,0.0,1,11.663861252498661,,True,True
100000008768896100,terminal,1.0,7,0.51379,"Receives 47k KZT from 1 payer, forwards 0%; outflow was traced (hop 1) — possible final recipient.",1,False,1,0,47060.0,0.0,0.0,1,47647.242650585446,,True,True
100000008769097100,terminal,1.0,6,0.301779,"Receives 31k KZT from 1 payer, forwards 0%; outflow was traced (hop 3) — possible final recipient.",3,False,1,0,31100.0,0.0,0.0,1,20.90755532868636,,True,True
100000008769636100,terminal,1.0,7,0.492271,"Receives 23k KZT from 1 payer, forwards 0%; outflow was traced (hop 1) — possible final recipient.",1,False,1,0,23118.0,0.0,0.0,1,23406.480144416368,,True,True
100000008770483100,cutoff,0.7,1,0.411764,Hop-4 node: onward transfers were not traced (export limit). Receives 5k KZT from 1 payer.,4,False,1,0,5000.0,0.0,,9,1.5642918521415294,,False,True
100000008771627100,terminal,1.0,19,0.363668,"Receives 16k KZT from 1 payer, forwards 0%; outflow was traced (hop 2) — possible final recipient.",2,False,1,0,16500.0,0.0,0.0,1,287.08699921719176,,True,True
100000008771814100,terminal,1.0,19,0.373454,"Receives 24k KZT from 1 payer, forwards 0%; outflow was traced (hop 2) — possible final recipient.",2,False,1,0,23700.0,0.0,0.0,1,412.36132614832997,,True,True
100000008771819100,terminal,1.0,7,0.508063,"Receives 39k KZT from 1 payer, forwards 0%; outflow was traced (hop 1) — possible final recipient.",1,False,1,0,38900.0,0.0,0.0,1,39385.41732060717,,True,True
100000008772058100,terminal,1.0,19,0.391137,"Receives 50k KZT from 1 payer, forwards 0%; outflow was traced (hop 2) — possible final recipient.",2,False,1,0,50000.0,0.0,0.0,1,869.9606036884599,,True,True
100000008772246100,terminal,1.0,6,0.307785,"Receives 44k KZT from 1 payer, forwards 0%; outflow was traced (hop 3) — possible final recipient.",3,False,1,0,44500.0,0.0,0.0,1,29.915955373843826,,True,True
100000008773876100,terminal,1.0,7,0.497275,"Receives 26k KZT from 1 payer, forwards 0%; outflow was traced (hop 1) — possible final recipient.",1,False,1,0,26120.0,0.0,0.0,1,26445.940884685333,,True,True
100000008774237100,peripheral,0.6,34,0.254024,"No role indicators: 1 payer, 1 recipient, 50k KZT in / 10k KZT out.",2,False,1,1,50000.0,10000.0,0.2,1,795.3230593581308,,True,True
100000008775471100,terminal,1.0,1,0.523232,"Receives 580k KZT from 1 payer, forwards 0%; outflow was traced (hop 3) — possible final recipient.",3,False,1,0,580000.0,0.0,0.0,8,135.8907651312708,,True,True
100000008775747100,cutoff,0.7,1,0.39962,Hop-4 node: onward transfers were not traced (export limit). Receives 5k KZT from 1 payer.,4,False,1,0,5000.0,0.0,,8,3.302821956146138,,False,True
100000008776298100,terminal,1.0,7,0.511065,"Receives 43k KZT from 1 payer, forwards 0%; outflow was traced (hop 1) — possible final recipient.",1,False,1,0,42800.0,0.0,0.0,1,43334.08383861149,,True,True
100000008776310100,terminal,1.0,6,0.293939,"Receives 19k KZT from 1 payer, forwards 0%; outflow was traced (hop 3) — possible final recipient.",3,False,1,0,19200.0,0.0,0.0,1,12.90755827365846,,True,True
100000008776420100,terminal,1.0,6,0.31607,"Receives 70k KZT from 1 payer, forwards 0%; outflow was traced (hop 3) — possible final recipient.",3,False,1,0,69500.0,0.0,0.0,1,46.72267187600328,,True,True
100000008776576100,terminal,1.0,7,0.479815,"Receives 15k KZT from 1 payer, forwards 0%; outflow was traced (hop 1) — possible final recipient.",1,False,1,0,14765.0,0.0,0.0,1,14949.246445726605,,True,True
100000008776720100,terminal,1.0,6,0.298554,"Receives 26k KZT from 1 payer, forwards 0%; outflow was traced (hop 3) — possible final recipient.",3,False,1,0,26150.0,0.0,0.0,1,17.579825461258785,,True,True
100000008777088100,terminal,1.0,7,0.485042,"Receives 18k KZT from 1 payer, forwards 0%; outflow was traced (hop 1) — possible final recipient.",1,False,1,0,18000.0,0.0,0.0,1,18224.61469848147,,True,True
100000008778010100,cutoff,0.7,57,0.221873,Hop-4 node: onward transfers were not traced (export limit). Receives 77k KZT from 1 payer.,4,False,1,0,76950.0,0.0,,1,5.344535847686706,,False,True
100000008778753100,cutoff,0.7,26,0.300732,Hop-4 node: onward transfers were not traced (export limit). Receives 10k KZT from 1 payer.,4,False,1,0,10000.0,0.0,,7,5.2003000123272685,,False,True
100000008779584100,terminal,1.0,7,0.502391,"Receives 31k KZT from 1 payer, forwards 0%; outflow was traced (hop 1) — possible final recipient.",1,False,1,0,31400.0,0.0,0.0,1,31791.827862906564,,True,True
100000008782056100,terminal,1.0,7,0.500056,"Receives 29k KZT from 1 payer, forwards 0%; outflow was traced (hop 1) — possible final recipient.",1,False,1,0,29082.0,0.0,0.0,1,29444.902481179895,,True,True
100000008782421100,terminal,1.0,7,0.515403,"Receives 50k KZT from 1 payer, forwards 0%; outflow was traced (hop 1) — possible final recipient.",1,False,1,0,49680.0,0.0,0.0,1,50299.93656780886,,True,True
100000008782800100,terminal,1.0,7,0.51151,"Receives 43k KZT from 1 payer, forwards 0%; outflow was traced (hop 1) — possible final recipient.",1,False,1,0,43381.0,0.0,0.0,1,43922.333901934704,,True,True
